metric,old_mean,new_mean,change_pct,alpha,compute_speedup,old_std,new_std
eval_dropless/paloma/4chan-llama3/bpb,1.1861881415049236,1.1862690448760986,0.006820450175171189,0.0372276314229399,0.9981696461147606,0.0012055838690627977,0.0008941327390679376
eval_dropless/paloma/bpb,1.0277480681737263,1.0199579397837322,-0.7579803486117864,,,0.00014465713690327392,0.00029731717716160154
eval_dropless/paloma/c4_100_domains-llama3/bpb,1.0250694751739502,1.017254153887431,-0.7624186921762588,0.0455453539161004,1.1829828469804191,0.0003410849015437816,6.968446632793907e-05
eval_dropless/paloma/c4_en-llama3/bpb,1.0459163188934326,1.041788101196289,-0.39469866016730304,0.0411754685090865,1.1008112363013893,0.00023276574613201233,0.00022238562459077943
eval_dropless/paloma/dolma-v1_5-llama3/bpb,1.0026322603225708,0.9957749048868815,-0.6839352479525385,0.0458886198753392,1.1613167213828302,0.000442828286826515,0.0005830998360337746
eval_dropless/paloma/dolma_100_programing_languages-llama3/bpb,0.7044887542724609,0.6789210438728333,-3.6292574217216544,0.0699972960520477,1.695754850673745,0.0022153343175169834,0.0006199430736088638
eval_dropless/paloma/dolma_100_subreddits-llama3/bpb,1.2132806380589802,1.212643027305603,-0.052552619186052585,0.0349928847509766,1.0151354325788144,0.0006166888429493218,0.00022008446672843943
eval_dropless/paloma/falcon-refinedweb-llama3/bpb,1.1102158625920613,1.1059210697809856,-0.38684304159088967,0.0411861314736179,1.098678068262561,0.0003007438771039767,0.0001646502694095253
eval_dropless/paloma/gab-llama3/bpb,1.8263933261235554,1.8217963774998982,-0.25169543481710077,0.0298523093788149,1.0880856205745724,0.0033930362741204137,0.0018940880315146394
eval_dropless/paloma/m2d2_s2orc_unsplit-llama3/bpb,0.9533849755922953,0.9478922287623087,-0.5761310457587321,0.0470701139858564,1.1306044814817762,0.0006271769483751119,0.0005536573790474735
eval_dropless/paloma/m2d2_wikipedia_unsplit-llama3/bpb,0.9955573876698812,0.9944111307462057,-0.11513720232224633,0.0506841205826609,1.0229899981840007,0.00014721589915169347,0.0004759186239967617
eval_dropless/paloma/macro_bpb,1.1933826208114624,1.1860119501749675,-0.6176284544417987,0.04000694567195944,1.16749336475115,0.00045618965382262676,0.0006580302824531022
eval_dropless/paloma/manosphere_meta_sep-llama3/bpb,1.246166507403056,1.2561041116714478,0.7974539685793092,0.0345009125657468,0.7943562688511244,0.0011425110996720299,0.0013176141298020022
eval_dropless/paloma/mc4-llama3/bpb,1.0265614986419678,1.0161795616149902,-1.0113312296157306,0.0456360328425242,1.24949098931431,0.0006586304832901909,0.0005524839503120044
eval_dropless/paloma/ptb-llama3/bpb,1.2004531621932983,1.187307635943095,-1.0950469926028328,0.0573340588437573,1.2117281779959177,0.004200431361380154,0.0012729070662127794
eval_dropless/paloma/redpajama-llama3/bpb,0.9355508287747701,0.9310707449913025,-0.47887123239844787,0.0511334401141605,1.0984237932928893,0.0005656852013238246,0.0003494037444230761
eval_dropless/paloma/twitterAAE_HELM_fixed-llama3/bpb,2.616604963938395,2.5797173976898193,-1.4097491504049708,0.0172549642658421,2.2769216245981356,0.002102909773038712,0.003470498089993207
eval_dropless/paloma/wikitext_103-llama3/bpb,1.0056571165720622,1.0031405488650005,-0.2502411274769134,0.0601977425207909,1.0425002889112178,0.00352099922336046,0.004625311422559432
eval_dropless/uncheatable_eval/ao3_english-llama3/bpb,1.1867121855417888,1.1811034282048543,-0.47262996076625763,,,0.0003727784339185557,9.9274525604055e-05
eval_dropless/uncheatable_eval/arxiv_computer_science-llama3/bpb,0.8776146570841471,0.861141304175059,-1.8770599119003362,,,0.001050344743589539,0.0008467912235380471
eval_dropless/uncheatable_eval/arxiv_physics-llama3/bpb,0.9506309032440186,0.9225052992502848,-2.9586250455098217,,,0.0005600403989354677,0.00027522428643287847
eval_dropless/uncheatable_eval/bbc_news-llama3/bpb,0.9852310419082642,0.9902576406796774,0.5101949246013815,,,0.0001966560479882283,0.0005497071974390395
eval_dropless/uncheatable_eval/bpb,0.8754217425982157,0.8614722688992819,-1.5934575325410982,,,0.0005881932829408513,0.00045815311854389843
eval_dropless/uncheatable_eval/github_cpp-llama3/bpb,0.6033484935760498,0.5725213686625162,-5.1093398329083435,,,0.0008919714526334446,0.0018940947305139755
eval_dropless/uncheatable_eval/github_python-llama3/bpb,0.5486194888750712,0.5371622840563456,-2.0883699998004546,,,0.0016780200161921144,0.0021342257895564797
eval_dropless/uncheatable_eval/macro_bpb,0.8774344523747762,0.8648976484934489,-1.4288023278999917,,,0.0005934962713391817,0.0004543997939288861
eval_dropless/uncheatable_eval/wikipedia_english-llama3/bpb,0.9898842573165894,0.9895920157432556,-0.029522802405801407,,,0.000803950338808139,0.0014490462966158294
