subset,metric,baseline,final,change_pct,alpha,compute_speedup,adjusted_forecast,forecast_error
macro,loss,2.5637738704681396,2.5431699752807617,-0.8036549332494647,0.04000694567195944,1.223469150750773,2.5435089707374576,0.0003389954566959119
macro,bpb,0.9250680208206176,0.9184419512748718,-0.7162791704622751,0.04000694567195944,1.1968378945019877,0.9186713039875034,0.00022935271263158086
4chan,loss,2.210523843765259,2.1899662017822266,-0.9299896059033586,0.0372281546054813,1.2852805062452972,2.186431217193604,-0.0035349845886227804
4chan,bpb,0.9493623971939088,0.9405314326286316,-0.9301995309040523,0.0372276314229399,1.2853581987863296,0.9390100896358484,-0.00152134299278317
c4_100_domains,loss,2.4642422199249268,2.4491536617279053,-0.6123001251671312,0.0453677089411315,1.1449703589940416,2.450225520133972,0.001071858406066717
c4_100_domains,bpb,0.767145574092865,0.762884795665741,-0.5554067664618079,0.0455453539161004,1.1300770020582254,0.7632092773914337,0.00032448172569277123
c4_en,loss,2.6207103729248047,2.611804723739624,-0.3398181377533005,0.0411624449256543,1.0862115174254574,2.613801777362824,0.001997053623199907
c4_en,bpb,0.8064409494400024,0.803723931312561,-0.33691470272289026,0.0411754685090865,1.0854148699553792,0.8043342560529706,0.0006103247404095624
dolma-v1_5,loss,2.234119415283203,2.229109525680542,-0.22424448614472015,0.0466324749475629,1.049319249786557,2.231825828552246,0.0027163028717041016
dolma-v1_5,bpb,0.7472224831581116,0.7427892684936523,-0.5932924616671609,0.0458886198753392,1.1384580154879158,0.7437008649110795,0.0009115964174271074
dolma_100_programing_languages,loss,1.0172245502471924,1.0012305974960327,-1.5723128926914964,0.0675572835627082,1.2643862444407121,1.0028286695480346,0.0015980720520019087
dolma_100_programing_languages,bpb,0.4370846748352051,0.43506109714508057,-0.4629715491368924,0.0699972960520477,1.0685418153635826,0.4357663899660109,0.0007052928209303477
dolma_100_subreddits,loss,2.983419179916382,2.969533681869507,-0.4654222960135401,0.034953279709629,1.1427828408097638,2.968102788925171,-0.0014308929443358487
dolma_100_subreddits,bpb,0.9789345264434814,0.9744769930839539,-0.45534540248794997,0.0349928847509766,1.1393094141322624,0.9740091264247897,-0.00046786665916420667
falcon-refinedweb,loss,2.6867141723632812,2.6710095405578613,-0.5845293097034521,0.0411683724332493,1.15303966066891,2.6706901192665096,-0.00031942129135176245
falcon-refinedweb,bpb,0.8571977019309998,0.8522621989250183,-0.5757718429323044,0.0411861314736179,1.150505618572655,0.8521590769290925,-0.0001031219959257701
gab,loss,3.6715283393859863,3.6323249340057373,-1.0677680180130489,0.0298509303554191,1.4327898498434999,3.63586449623108,0.003539562225342685
gab,bpb,1.5129204988479614,1.496774673461914,-1.0671958902230383,0.0298523093788149,1.4324885178796887,1.4982342720031738,0.0014595985412597656
m2d2_s2orc_unsplit,loss,2.139909267425537,2.125727891921997,-0.662709196105371,0.0468650742331828,1.1524366731330453,2.129467606544494,0.0037397146224971145
m2d2_s2orc_unsplit,bpb,0.708041250705719,0.7038629651069641,-0.5901189506388627,0.0470701139858564,1.1339890808007402,0.7051392167806625,0.0012762516736983809
m2d2_wikipedia_unsplit,loss,2.22644305229187,2.2365036010742188,0.45186643206491794,0.0505441015790565,0.9146634923414495,2.237899899482727,0.0013962984085083008
m2d2_wikipedia_unsplit,bpb,0.7198629975318909,0.7234596014022827,0.49962338427216313,0.0506841205826609,0.9063493207362772,0.7239144593477247,0.00045485794544197766
manosphere_meta_sep,loss,2.971397638320923,2.960993528366089,-0.350141960828676,0.0345231880495379,1.1069408640315799,2.960019862651825,-0.0009736657142638272
manosphere_meta_sep,bpb,1.014733076095581,1.0110148191452026,-0.36642709673812,0.0345009125657468,1.1122700391963483,1.0106792747974391,-0.0003355443477635056
mc4,loss,2.229433298110962,2.2087016105651855,-0.9299084015360615,0.0455089347554522,1.227882750216731,2.2095001220703128,0.0007985115051272196
mc4,bpb,0.7684661746025085,0.7620304822921753,-0.8374724253363719,0.0456360328425242,1.2023572073986275,0.7623747646808623,0.00034428238868700056
ptb,loss,2.6705591678619385,2.652618646621704,-0.6717889442830693,0.0573340473390194,1.1247562816706738,2.6484867930412284,-0.004131853580475742
ptb,bpb,0.8395755887031555,0.8339354395866394,-0.6717857441791653,0.0573340588437573,1.1247556231074118,0.8326371520757674,-0.0012982875108720204
redpajama,loss,1.9446436166763303,1.9429527521133423,-0.0869498425566495,0.051043623425703,1.0171878685224207,1.94480105638504,0.0018483042716976872
redpajama,bpb,0.6636402606964111,0.6619364023208618,-0.2567442749421667,0.0511334401141605,1.0515604532814258,0.6626618742942811,0.0007254719734193227
twitterAAE_HELM_fixed,loss,4.779099464416504,4.659755229949951,-2.4972117729532117,0.0144324073920953,5.767575235788488,4.667327189445495,0.007571959495543901
twitterAAE_HELM_fixed,bpb,2.3402576446533203,2.3068294525146484,-1.4283979464843832,0.0172549642658421,2.302021684785738,2.310745906829834,0.0039164543151857245
wikitext_103,loss,2.1704137325286865,2.149336576461792,-0.9711123621733653,0.0601886351985899,1.1760170339630627,2.138863301277161,-0.010473275184630815
wikitext_103,bpb,0.6902027726173401,0.683497428894043,-0.9715034464248151,0.0601977425207909,1.1760653394373777,0.6801647007465366,-0.003332728147506403
