size,metric,subset,alpha,loss_floor,baseline_loss,variant_loss,baseline_compute,variant_compute,baseline_compute_needed,throughput_ratio,compute_speedup
d768,bpb,4chan,0.0372276314229399,0,1.1000752449035645,1.0866222381591797,2.649679880270119e+19,2.649679880270119e+19,3.6875456490797863e+19,1,1.3916947766172656
d768,bpb,c4_100_domains,0.0455453539161004,0,0.9186555743217468,0.9148553013801576,2.649679880270119e+19,2.649679880270119e+19,2.9021587358677443e+19,1,1.0952865504537426
d768,bpb,c4_en,0.0411754685090865,0,0.9491547346115112,0.9459267258644104,2.649679880270119e+19,2.649679880270119e+19,2.878230300872269e+19,1,1.0862558614359297
d768,bpb,dolma-v1_5,0.0458886198753392,0,0.8959868550300598,0.8930209875106812,2.649679880270119e+19,2.649679880270119e+19,2.848217422816853e+19,1,1.0749288787770448
d768,bpb,dolma_100_programing_languages,0.0699972960520477,0,0.5766160488128662,0.5782161355018616,2.649679880270119e+19,2.649679880270119e+19,2.5468311848393495e+19,1,0.9611844826250164
d768,bpb,dolma_100_subreddits,0.0349928847509766,0,1.1243383884429932,1.1194331645965576,2.649679880270119e+19,2.649679880270119e+19,3.0023261092925022e+19,1,1.133090125961342
d768,bpb,falcon-refinedweb,0.0411861314736179,0,1.0089563131332395,1.0044867992401123,2.649679880270119e+19,2.649679880270119e+19,2.951266304011562e+19,1,1.1138199470762855
d768,bpb,gab,0.0298523093788149,0,1.7025781869888306,1.6869094371795654,2.649679880270119e+19,2.649679880270119e+19,3.611593147921955e+19,1,1.3630299927226586
d768,bpb,m2d2_s2orc_unsplit,0.0470701139858564,0,0.8529973030090332,0.8499905467033386,2.649679880270119e+19,2.649679880270119e+19,2.856102512864264e+19,1,1.0779047439395213
d768,bpb,m2d2_wikipedia_unsplit,0.0506841205826609,0,0.8797162771224976,0.8837763071060181,2.649679880270119e+19,2.649679880270119e+19,2.4195728717020058e+19,1,0.9131566759133728
d768,bpb,manosphere_meta_sep,0.0345009125657468,0,1.1631572246551514,1.1600288152694702,2.649679880270119e+19,2.649679880270119e+19,2.864806359433408e+19,1,1.0811896111545969
d768,bpb,mc4,0.0456360328425242,0,0.9205182194709778,0.9149237871170044,2.649679880270119e+19,2.649679880270119e+19,3.0283503313345937e+19,1,1.14291177356333
d768,bpb,ptb,0.0573340588437573,0,1.0533778667449951,1.0614614486694336,2.649679880270119e+19,2.649679880270119e+19,2.318924041323754e+19,1,0.8751713965867279
d768,bpb,redpajama,0.0511334401141605,0,0.8125020861625671,0.8229179382324219,2.649679880270119e+19,2.649679880270119e+19,2.065404018345194e+19,1,0.7794919053144783
d768,bpb,twitterAAE_HELM_fixed,0.0172549642658421,0,2.505134105682373,2.468413829803467,2.649679880270119e+19,2.649679880270119e+19,6.2352671748710375e+19,1,2.3532152775509583
d768,bpb,wikitext_103,0.0601977425207909,0,0.8757628202438354,0.8783000707626343,2.649679880270119e+19,2.649679880270119e+19,2.52535222041492e+19,1,0.95307823379686
d768,loss,4chan,0.0372281546054813,0,2.561453104019165,2.530748128890991,2.649679880270119e+19,2.649679880270119e+19,3.663359404998349e+19,1,1.3825667893983071
d768,loss,c4_100_domains,0.0453677089411315,0,2.9488508701324463,2.933250904083252,2.649679880270119e+19,2.649679880270119e+19,2.9783075187155304e+19,1,1.1240254118591526
d768,loss,c4_en,0.0411624449256543,0,3.084329843521118,3.0735971927642822,2.649679880270119e+19,2.649679880270119e+19,2.8838404763914932e+19,1,1.0883731645716777
d768,loss,dolma-v1_5,0.0466324749475629,0,2.686915397644043,2.6810145378112793,2.649679880270119e+19,2.649679880270119e+19,2.777594900645417e+19,1,1.0482756507032305
d768,loss,dolma_100_programing_languages,0.0675572835627082,0,1.3290963172912598,1.317257046699524,2.649679880270119e+19,2.649679880270119e+19,3.024919627668627e+19,1,1.1416170119992963
d768,loss,dolma_100_subreddits,0.034953279709629,0,3.4260177612304688,3.4092395305633545,2.649679880270119e+19,2.649679880270119e+19,3.0492414988351807e+19,1,1.150796185433664
d768,loss,falcon-refinedweb,0.0411683724332493,0,3.1621463298797607,3.1477296352386475,2.649679880270119e+19,2.649679880270119e+19,2.9607304430625993e+19,1,1.1173917517767356
d768,loss,gab,0.0298509303554191,0,4.131763935089111,4.093710422515869,2.649679880270119e+19,2.649679880270119e+19,3.6125042762000376e+19,1,1.3633738562530673
d768,loss,m2d2_s2orc_unsplit,0.0468650742331828,0,2.57592248916626,2.564354419708252,2.649679880270119e+19,2.649679880270119e+19,2.916778161797488e+19,1,1.100803981460636
d768,loss,m2d2_wikipedia_unsplit,0.0505441015790565,0,2.71933650970459,2.7317357063293457,2.649679880270119e+19,2.649679880270119e+19,2.421610336441747e+19,1,0.9139256234209238
d768,loss,manosphere_meta_sep,0.0345231880495379,0,3.4063384532928467,3.3975329399108887,2.649679880270119e+19,2.649679880270119e+19,2.8559772650614112e+19,1,1.0778574749075958
d768,loss,mc4,0.0455089347554522,0,2.669191360473633,2.6500890254974365,2.649679880270119e+19,2.649679880270119e+19,3.102664558755922e+19,1,1.1709582662640832
d768,loss,ptb,0.0573340473390194,0,3.350630760192871,3.375433444976806,2.649679880270119e+19,2.649679880270119e+19,2.329851322446667e+19,1,0.8792953970760998
d768,loss,redpajama,0.051043623425703,0,2.3800554275512695,2.381725788116455,2.649679880270119e+19,2.649679880270119e+19,2.613510459645049e+19,1,0.9863495130508434
d768,loss,twitterAAE_HELM_fixed,0.0144324073920953,0,5.059779644012451,4.969519138336182,2.649679880270119e+19,2.649679880270119e+19,9.22227446168489e+19,1,3.480524017393654
d768,loss,wikitext_103,0.0601886351985899,0,2.753825426101685,2.762155771255493,2.649679880270119e+19,2.649679880270119e+19,2.519992433179977e+19,1,0.9510554282214192
d1024,bpb,4chan,0.0372276314229399,0,1.0213335752487185,1.009325623512268,1.7261182741798453e+20,1.7261182741798453e+20,2.37159719773265e+20,1,1.3739482590551335
d1024,bpb,c4_100_domains,0.0455453539161004,0,0.8395844101905823,0.8349559903144836,1.7261182741798453e+20,1.7261182741798453e+20,1.9488679963577257e+20,1,1.12904661604589
d1024,bpb,c4_en,0.0411754685090865,0,0.8750015497207642,0.8720061779022217,1.7261182741798453e+20,1.7261182741798453e+20,1.8760274278093695e+20,1,1.086847556086939
d1024,bpb,dolma-v1_5,0.0458886198753392,0,0.8190394043922424,0.8136082291603088,1.7261182741798453e+20,1.7261182741798453e+20,1.9954343474149317e+20,1,1.1560241133320082
d1024,bpb,dolma_100_programing_languages,0.0699972960520477,0,0.5013558864593506,0.501667320728302,1.7261182741798453e+20,1.7261182741798453e+20,1.7108724929173042e+20,1,0.9911675917632092
d1024,bpb,dolma_100_subreddits,0.0349928847509766,0,1.0489264726638794,1.0439918041229248,1.7261182741798453e+20,1.7261182741798453e+20,1.975129176632132e+20,1,1.1442606258082764
d1024,bpb,falcon-refinedweb,0.0411861314736179,0,0.9295719861984252,0.9249961972236632,1.7261182741798453e+20,1.7261182741798453e+20,1.9458285407403364e+20,1,1.1272857543118735
d1024,bpb,gab,0.0298523093788149,0,1.6065263748168943,1.5818642377853394,1.7261182741798453e+20,1.7261182741798453e+20,2.898235090615919e+20,1,1.6790477998925062
d1024,bpb,m2d2_s2orc_unsplit,0.0470701139858564,0,0.7775632739067078,0.7741944789886475,1.7261182741798453e+20,1.7261182741798453e+20,1.892916345879964e+20,1,1.0966318902911631
d1024,bpb,m2d2_wikipedia_unsplit,0.0506841205826609,0,0.796610951423645,0.7995315194129944,1.7261182741798453e+20,1.7261182741798453e+20,1.6058806269576728e+20,1,0.9303421735226672
d1024,bpb,manosphere_meta_sep,0.0345009125657468,0,1.0870245695114136,1.0836340188980105,1.7261182741798453e+20,1.7261182741798453e+20,1.889709351698354e+20,1,1.0947739676739348
d1024,bpb,mc4,0.0456360328425242,0,0.8424513936042786,0.8355618715286255,1.7261182741798453e+20,1.7261182741798453e+20,2.066406682659053e+20,1,1.197140841140155
d1024,bpb,ptb,0.0573340588437573,0,0.9412280917167664,0.94068443775177,1.7261182741798453e+20,1.7261182741798453e+20,1.743600674996635e+20,1,1.010128159279871
d1024,bpb,redpajama,0.0511334401141605,0,0.7337654829025269,0.7397544980049133,1.7261182741798453e+20,1.7261182741798453e+20,1.4724105335318934e+20,1,0.8530183334230097
d1024,bpb,twitterAAE_HELM_fixed,0.0172549642658421,0,2.435474157333374,2.385754108428955,1.7261182741798453e+20,1.7261182741798453e+20,5.704486110940175e+20,1,3.3048060473437877
d1024,bpb,wikitext_103,0.0601977425207909,0,0.7800092101097107,0.7823716402053833,1.7261182741798453e+20,1.7261182741798453e+20,1.6415456880430734e+20,1,0.95100417659563
d1024,loss,4chan,0.0372281546054813,0,2.37811541557312,2.3502414226531982,1.7261182741798453e+20,1.7261182741798453e+20,2.3692615412876257e+20,1,1.372595132516841
d1024,loss,c4_100_domains,0.0453677089411315,0,2.6960201263427734,2.6785128116607666,1.7261182741798453e+20,1.7261182741798453e+20,1.992675301989778e+20,1,1.154425702918061
d1024,loss,c4_en,0.0411624449256543,0,2.8434910774230957,2.8334763050079346,1.7261182741798453e+20,1.7261182741798453e+20,1.880597509928815e+20,1,1.08949516267787
d1024,loss,dolma-v1_5,0.0466324749475629,0,2.449658155441284,2.442582607269287,1.7261182741798453e+20,1.7261182741798453e+20,1.836577928768097e+20,1,1.0639930972521197
d1024,loss,dolma_100_programing_languages,0.0675572835627082,0,1.1602736711502075,1.1448990106582642,1.7261182741798453e+20,1.7261182741798453e+20,2.102925126981412e+20,1,1.218297238629609
d1024,loss,dolma_100_subreddits,0.034953279709629,0,3.1964759826660156,3.180267810821533,1.7261182741798453e+20,1.7261182741798453e+20,1.9963353444599336e+20,1,1.1565460920738355
d1024,loss,falcon-refinedweb,0.0411683724332493,0,2.913520097732544,2.8989827632904053,1.7261182741798453e+20,1.7261182741798453e+20,1.9491212308765327e+20,1,1.1291933235586915
d1024,loss,gab,0.0298509303554191,0,3.8986716270446777,3.838800191879273,1.7261182741798453e+20,1.7261182741798453e+20,2.8988628863735235e+20,1,1.679411503682099
d1024,loss,m2d2_s2orc_unsplit,0.0468650742331828,0,2.348960876464844,2.337172746658325,1.7261182741798453e+20,1.7261182741798453e+20,1.921733294811827e+20,1,1.113326545207296
d1024,loss,m2d2_wikipedia_unsplit,0.0505441015790565,0,2.4632558822631836,2.471627950668335,1.7261182741798453e+20,1.7261182741798453e+20,1.6140479071451995e+20,1,0.935073761334289
d1024,loss,manosphere_meta_sep,0.0345231880495379,0,3.1827828884124756,3.173471689224243,1.7261182741798453e+20,1.7261182741798453e+20,1.8789989543138237e+20,1,1.0885690641370556
d1024,loss,mc4,0.0455089347554522,0,2.4440932273864746,2.4240643978118896,1.7261182741798453e+20,1.7261182741798453e+20,2.0682170194217576e+20,1,1.198189631822569
d1024,loss,ptb,0.0573340473390194,0,2.9938998222351074,2.9921703338623047,1.7261182741798453e+20,1.7261182741798453e+20,1.743602811518724e+20,1,1.0101293970409917
d1024,loss,redpajama,0.051043623425703,0,2.1483941078186035,2.1488020420074463,1.7261182741798453e+20,1.7261182741798453e+20,1.719709772048928e+20,1,0.9962873331296128
d1024,loss,twitterAAE_HELM_fixed,0.0144324073920953,0,4.9235639572143555,4.809349060058594,1.7261182741798453e+20,1.7261182741798453e+20,8.777039576724472e+20,1,5.084842509355177
d1024,loss,wikitext_103,0.0601886351985899,0,2.4528191089630127,2.460458755493164,1.7261182741798453e+20,1.7261182741798453e+20,1.6391987817333473e+20,1,0.9496445326217304
d1536,loss,4chan,0.0372281546054813,0,2.210523843765259,2.1899662017822266,1.3813106318003122e+21,1.3813106318003122e+21,1.7753716281223165e+21,1,1.2852805062452972
d1536,bpb,4chan,0.0372276314229399,0,0.9493623971939088,0.9405314326286316,1.3813106318003122e+21,1.3813106318003122e+21,1.7754789456552563e+21,1,1.2853581987863296
d1536,loss,c4_100_domains,0.0453677089411315,0,2.4642422199249268,2.4491536617279053,1.3813106318003122e+21,1.3813106318003122e+21,1.58155972997469e+21,1,1.1449703589940416
d1536,bpb,c4_100_domains,0.0455453539161004,0,0.767145574092865,0.762884795665741,1.3813106318003122e+21,1.3813106318003122e+21,1.56098737769605e+21,1,1.1300770020582254
d1536,loss,c4_en,0.0411624449256543,0,2.6207103729248047,2.611804723739624,1.3813106318003122e+21,1.3813106318003122e+21,1.5003955174037345e+21,1,1.0862115174254574
d1536,bpb,c4_en,0.0411754685090865,0,0.8064409494400024,0.803723931312561,1.3813106318003122e+21,1.3813106318003122e+21,1.4992950997835184e+21,1,1.0854148699553792
d1536,loss,dolma-v1_5,0.0466324749475629,0,2.234119415283203,2.229109525680542,1.3813106318003122e+21,1.3813106318003122e+21,1.4494358358828987e+21,1,1.049319249786557
d1536,bpb,dolma-v1_5,0.0458886198753392,0,0.7472224831581116,0.7427892684936523,1.3813106318003122e+21,1.3813106318003122e+21,1.5725641606517427e+21,1,1.1384580154879158
d1536,loss,dolma_100_programing_languages,0.0675572835627082,0,1.0172245502471924,1.0012305974960327,1.3813106318003122e+21,1.3813106318003122e+21,1.746510162148024e+21,1,1.2643862444407121
d1536,bpb,dolma_100_programing_languages,0.0699972960520477,0,0.4370846748352051,0.43506109714508057,1.3813106318003122e+21,1.3813106318003122e+21,1.4759881700849227e+21,1,1.0685418153635826
d1536,loss,dolma_100_subreddits,0.034953279709629,0,2.983419179916382,2.969533681869507,1.3813106318003122e+21,1.3813106318003122e+21,1.5785380878494904e+21,1,1.1427828408097638
d1536,bpb,dolma_100_subreddits,0.0349928847509766,0,0.9789345264434814,0.9744769930839539,1.3813106318003122e+21,1.3813106318003122e+21,1.573740206651079e+21,1,1.1393094141322624
d1536,loss,falcon-refinedweb,0.0411683724332493,0,2.6867141723632812,2.6710095405578613,1.3813106318003122e+21,1.3813106318003122e+21,1.5927059421693896e+21,1,1.15303966066891
d1536,bpb,falcon-refinedweb,0.0411861314736179,0,0.8571977019309998,0.8522621989250183,1.3813106318003122e+21,1.3813106318003122e+21,1.589205642880403e+21,1,1.150505618572655
d1536,loss,gab,0.0298509303554191,0,3.6715283393859863,3.6323249340057373,1.3813106318003122e+21,1.3813106318003122e+21,1.979127852724399e+21,1,1.4327898498434999
d1536,bpb,gab,0.0298523093788149,0,1.5129204988479614,1.496774673461914,1.3813106318003122e+21,1.3813106318003122e+21,1.9787116196790857e+21,1,1.4324885178796887
d1536,loss,m2d2_s2orc_unsplit,0.0468650742331828,0,2.139909267425537,2.125727891921997,1.3813106318003122e+21,1.3813106318003122e+21,1.5918730290752567e+21,1,1.1524366731330453
d1536,bpb,m2d2_s2orc_unsplit,0.0470701139858564,0,0.708041250705719,0.7038629651069641,1.3813106318003122e+21,1.3813106318003122e+21,1.5663911736555259e+21,1,1.1339890808007402
d1536,loss,m2d2_wikipedia_unsplit,0.0505441015790565,0,2.22644305229187,2.2365036010742188,1.3813106318003122e+21,1.3813106318003122e+21,1.2634344064908476e+21,1,0.9146634923414495
d1536,bpb,m2d2_wikipedia_unsplit,0.0506841205826609,0,0.7198629975318909,0.7234596014022827,1.3813106318003122e+21,1.3813106318003122e+21,1.2519499528580107e+21,1,0.9063493207362772
d1536,loss,manosphere_meta_sep,0.0345231880495379,0,2.971397638320923,2.960993528366089,1.3813106318003122e+21,1.3813106318003122e+21,1.529029184261045e+21,1,1.1069408640315799
d1536,bpb,manosphere_meta_sep,0.0345009125657468,0,1.014733076095581,1.0110148191452026,1.3813106318003122e+21,1.3813106318003122e+21,1.5363904305748658e+21,1,1.1122700391963483
d1536,loss,mc4,0.0455089347554522,0,2.229433298110962,2.2087016105651855,1.3813106318003122e+21,1.3813106318003122e+21,1.6960874974785778e+21,1,1.227882750216731
d1536,bpb,mc4,0.0456360328425242,0,0.7684661746025085,0.7620304822921753,1.3813106318003122e+21,1.3813106318003122e+21,1.660828793801457e+21,1,1.2023572073986275
d1536,loss,ptb,0.0573340473390194,0,2.6705591678619385,2.652618646621704,1.3813106318003122e+21,1.3813106318003122e+21,1.5536378100558882e+21,1,1.1247562816706738
d1536,bpb,ptb,0.0573340588437573,0,0.8395755887031555,0.8339354395866394,1.3813106318003122e+21,1.3813106318003122e+21,1.5536369003754527e+21,1,1.1247556231074118
d1536,loss,redpajama,0.051043623425703,0,1.9446436166763303,1.9429527521133423,1.3813106318003122e+21,1.3813106318003122e+21,1.4050524173283177e+21,1,1.0171878685224207
d1536,bpb,redpajama,0.0511334401141605,0,0.6636402606964111,0.6619364023208618,1.3813106318003122e+21,1.3813106318003122e+21,1.4525316340983889e+21,1,1.0515604532814258
d1536,loss,twitterAAE_HELM_fixed,0.0144324073920953,0,4.779099464416504,4.659755229949951,1.3813106318003122e+21,1.3813106318003122e+21,7.966812992902831e+21,1,5.767575235788488
d1536,bpb,twitterAAE_HELM_fixed,0.0172549642658421,0,2.3402576446533203,2.3068294525146484,1.3813106318003122e+21,1.3813106318003122e+21,3.179807027829407e+21,1,2.302021684785738
d1536,loss,wikitext_103,0.0601886351985899,0,2.1704137325286865,2.149336576461792,1.3813106318003122e+21,1.3813106318003122e+21,1.6244448321914473e+21,1,1.1760170339630627
d1536,bpb,wikitext_103,0.0601977425207909,0,0.6902027726173401,0.683497428894043,1.3813106318003122e+21,1.3813106318003122e+21,1.6245115570566927e+21,1,1.1760653394373777
