group,domain,supplied_mixture_key_seed,producer_prefix_sequences,declared_prefix_sequences,named_count_l1,named_count_half_l1,prefix_identity_intersection,prefix_unmatched_identities_each_side,same_position_identity_count,hybrid_block_repeated_logical_ids,next_batch_repeated_logical_ids,block_start_base_offsets_equal,block_original_prefix_sha256,block_declared_prefix_sha256,prefix_count_sum_delta,run_name
proportional_domain_ablation,0,7,9216,9216,5152,2576,1240,7976,0,5407,148,True,7ac165832988963f502fdee1aeb6e17042c6ba291ea80866fa40974e1a1f391a,d80a6d57fec41e050116c7476d551a994881f26187404c44587a8273591c7b2b,0,h100-d512-mix-proportional-zero-c00-seed0-from10pct-20260826-rno2a
proportional_domain_ablation,1,7,9216,9216,5624,2812,1248,7968,0,5161,146,True,7ac165832988963f502fdee1aeb6e17042c6ba291ea80866fa40974e1a1f391a,6f7f2cbaf116eca13739bbb24892a9b09c8cef079b559db154e21cef352d8a5f,0,h100-d512-mix-proportional-zero-c01-seed0-from10pct-20260826-rno2a
proportional_domain_ablation,2,7,9216,9216,5310,2655,1269,7947,0,5253,162,True,7ac165832988963f502fdee1aeb6e17042c6ba291ea80866fa40974e1a1f391a,6aa27ed5bcec32efda08d13e703c9d5bf7a98eb25ee4f2104e1f9f4cae73a94f,0,h100-d512-mix-proportional-zero-c02-seed0-from10pct-20260826-rno2a
proportional_domain_ablation,3,7,9216,9216,5588,2794,1236,7980,0,5219,144,True,7ac165832988963f502fdee1aeb6e17042c6ba291ea80866fa40974e1a1f391a,c7fe98aea35a10891581791216a68132fe94a695376d490b71a307981ebc063f,0,h100-d512-mix-proportional-zero-c03-seed0-from10pct-20260826-rno2a
proportional_domain_ablation,4,7,9216,9216,5202,2601,1185,8031,0,5382,143,True,7ac165832988963f502fdee1aeb6e17042c6ba291ea80866fa40974e1a1f391a,3d77dc1a7845598d859bfa38fd0fd14bddcb4dec3c70c71b7760e53643508fa3,0,h100-d512-mix-proportional-zero-c04-seed0-from10pct-20260826-rno2a
proportional_domain_ablation,5,7,9216,9216,5236,2618,1238,7978,0,5367,138,True,7ac165832988963f502fdee1aeb6e17042c6ba291ea80866fa40974e1a1f391a,7da2e6dcde9a54bc403b33dc93f79f3b2ace46a9a238fad1e4dd71ebc89c1a81,0,h100-d512-mix-proportional-zero-c05-seed0-from10pct-20260826-rno2a
proportional_domain_ablation,6,7,9216,9216,5250,2625,1226,7990,0,5326,126,True,7ac165832988963f502fdee1aeb6e17042c6ba291ea80866fa40974e1a1f391a,353d5bd10b9723c1456421b979e710b626faa4d9d90b49b53940db6b96524c28,0,h100-d512-mix-proportional-zero-c06-seed0-from10pct-20260826-rno2a
proportional_domain_ablation,7,7,9216,9216,5276,2638,1186,8030,0,5336,139,True,7ac165832988963f502fdee1aeb6e17042c6ba291ea80866fa40974e1a1f391a,f62aba263d67e9f21169dd520c6dcd32e152b584bc8bce4aca8601cf0fb73d0a,0,h100-d512-mix-proportional-zero-c07-seed0-from10pct-20260826-rno2a
proportional_domain_ablation,8,7,9216,9216,5222,2611,1219,7997,0,5350,149,True,7ac165832988963f502fdee1aeb6e17042c6ba291ea80866fa40974e1a1f391a,e00d070c0c200e2c5b2e1aaaa4bfddf579e721ef53731af6f0c92af0cf6e0213,0,h100-d512-mix-proportional-zero-c08-seed0-from10pct-20260826-rno2a
proportional_domain_ablation,9,7,9216,9216,5204,2602,1269,7947,0,5318,116,True,7ac165832988963f502fdee1aeb6e17042c6ba291ea80866fa40974e1a1f391a,fec520bdda609dc89a43c6685a5942521e0a6507f0be828b554401b45011bfb5,0,h100-d512-mix-proportional-zero-c09-seed0-from10pct-20260826-rno2a
proportional_domain_ablation,10,7,9216,9216,5174,2587,1257,7959,0,5339,148,True,7ac165832988963f502fdee1aeb6e17042c6ba291ea80866fa40974e1a1f391a,ccaab55b3c36daeba849e2528f3fbb83a0d45bbe05705e171f32ac607139945d,0,h100-d512-mix-proportional-zero-c10-seed0-from10pct-20260826-rno2a
proportional_domain_ablation,11,7,9216,9216,5266,2633,1230,7986,0,5307,143,True,7ac165832988963f502fdee1aeb6e17042c6ba291ea80866fa40974e1a1f391a,15890ce6b9c25dfe0da66f3d5b56a3e4f3f57096b418d8605ce207a11ac95d84,0,h100-d512-mix-proportional-zero-c11-seed0-from10pct-20260826-rno2a
proportional_domain_ablation,12,7,9216,9216,5430,2715,1205,8011,0,5288,130,True,7ac165832988963f502fdee1aeb6e17042c6ba291ea80866fa40974e1a1f391a,283b98265d4e4bff669a7ee5a65e8253a777b1a5ea102f9b04eda56af51bc63a,0,h100-d512-mix-proportional-zero-c12-seed0-from10pct-20260826-rno2a
proportional_domain_ablation,13,7,9216,9216,5296,2648,1197,8019,0,5391,143,True,7ac165832988963f502fdee1aeb6e17042c6ba291ea80866fa40974e1a1f391a,421bdfef7962337a1da95cde1745d9fdfa1c68f81c52ae520981578d164a4a5b,0,h100-d512-mix-proportional-zero-c13-seed0-from10pct-20260826-rno2a
proportional_domain_ablation,14,7,9216,9216,5656,2828,1242,7974,0,5162,128,True,7ac165832988963f502fdee1aeb6e17042c6ba291ea80866fa40974e1a1f391a,bef86a963cfa7e5808c7221978471403334c8b9bd0de1a4a9d658b24bae3b9a9,0,h100-d512-mix-proportional-zero-c14-seed0-from10pct-20260826-rno2a
proportional_domain_ablation,15,7,9216,9216,5174,2587,1251,7965,0,5365,145,True,7ac165832988963f502fdee1aeb6e17042c6ba291ea80866fa40974e1a1f391a,3d65d4a429c51a733394986f7d1d52d2fcb172e7fd45d29c9990f1c50e18cfd2,0,h100-d512-mix-proportional-zero-c15-seed0-from10pct-20260826-rno2a
proportional_domain_ablation,16,7,9216,9216,5358,2679,1287,7929,0,5226,132,True,7ac165832988963f502fdee1aeb6e17042c6ba291ea80866fa40974e1a1f391a,6f7da9d72ab43e58dfe9d3d9f2c965b04470172495a917f008629b2ab8ca81af,0,h100-d512-mix-proportional-zero-c16-seed0-from10pct-20260826-rno2a
proportional_domain_ablation,17,7,9216,9216,5634,2817,1190,8026,0,5237,140,True,7ac165832988963f502fdee1aeb6e17042c6ba291ea80866fa40974e1a1f391a,265e97ffc4aa951401af198b59ba563b435735b286697e5c1cf323204332d4a8,0,h100-d512-mix-proportional-zero-c17-seed0-from10pct-20260826-rno2a
proportional_domain_ablation,18,7,9216,9216,5328,2664,1237,7979,0,5327,143,True,7ac165832988963f502fdee1aeb6e17042c6ba291ea80866fa40974e1a1f391a,b20d59098919f18d8ec1263c4cf21346060a8bf62f2391e5130dc9051a843da0,0,h100-d512-mix-proportional-zero-c18-seed0-from10pct-20260826-rno2a
proportional_domain_ablation,19,7,9216,9216,5294,2647,1258,7958,0,5329,151,True,7ac165832988963f502fdee1aeb6e17042c6ba291ea80866fa40974e1a1f391a,d26e3b5bafd7462f68f879c37e695a0a34d6de52bd270ff07c4b305bffb9f099,0,h100-d512-mix-proportional-zero-c19-seed0-from10pct-20260826-rno2a
proportional_domain_ablation,20,7,9216,9216,5452,2726,1256,7960,0,5247,142,True,7ac165832988963f502fdee1aeb6e17042c6ba291ea80866fa40974e1a1f391a,153091203e4dab6e1c8c41f39be51277c18804ca406f8da73f4e361c36aeaa1e,0,h100-d512-mix-proportional-zero-c20-seed0-from10pct-20260826-rno2a
proportional_domain_ablation,21,7,9216,9216,5544,2772,1245,7971,0,5215,132,True,7ac165832988963f502fdee1aeb6e17042c6ba291ea80866fa40974e1a1f391a,107a8c4c8ebe52ef1d1f34c80a65e07c365a108e8f6132a92837688d3909dc5f,0,h100-d512-mix-proportional-zero-c21-seed0-from10pct-20260826-rno2a
proportional_domain_ablation,22,7,9216,9216,5302,2651,1224,7992,0,5333,144,True,7ac165832988963f502fdee1aeb6e17042c6ba291ea80866fa40974e1a1f391a,783de4544cb8621fd2d863c0e49f38e1b7532e4d160fd1d00b035b312d0de951,0,h100-d512-mix-proportional-zero-c22-seed0-from10pct-20260826-rno2a
proportional_domain_ablation,23,7,9216,9216,5572,2786,1150,8066,0,5299,141,True,7ac165832988963f502fdee1aeb6e17042c6ba291ea80866fa40974e1a1f391a,907d699a1ee33e9813f623dd270bdd071d7d72c9a90a8cf7c2a332c61c385070,0,h100-d512-mix-proportional-zero-c23-seed0-from10pct-20260826-rno2a
proportional_domain_ablation,24,7,9216,9216,5590,2795,1233,7983,0,5215,127,True,7ac165832988963f502fdee1aeb6e17042c6ba291ea80866fa40974e1a1f391a,b4e683fb36d60d4d3fbe50aba0770344bb101b1e0c1d148e9c822bde24926b12,0,h100-d512-mix-proportional-zero-c24-seed0-from10pct-20260826-rno2a
proportional_domain_ablation,25,7,9216,9216,5736,2868,1194,8022,0,5186,146,True,7ac165832988963f502fdee1aeb6e17042c6ba291ea80866fa40974e1a1f391a,7edf4c39cb999a02e1f8d1f6e219d7f03210587d7baf5ef2cddba1ab5244a305,0,h100-d512-mix-proportional-zero-c25-seed0-from10pct-20260826-rno2a
proportional_domain_ablation,26,7,9216,9216,4654,2327,1307,7909,0,5614,136,True,7ac165832988963f502fdee1aeb6e17042c6ba291ea80866fa40974e1a1f391a,3534fc5acd5bf1c84cc946ca10fb54c6b2af9d50c90b5271f5cc7e6e801405c5,0,h100-d512-mix-proportional-zero-c26-seed0-from10pct-20260826-rno2a
proportional_domain_ablation,27,7,9216,9216,5294,2647,1209,8007,0,5351,158,True,7ac165832988963f502fdee1aeb6e17042c6ba291ea80866fa40974e1a1f391a,87e6afa6fdff1ba4f51164c26a4c1b95b878108b131972b096f15b95ea939a34,0,h100-d512-mix-proportional-zero-c27-seed0-from10pct-20260826-rno2a
proportional_domain_ablation,28,7,9216,9216,5880,2940,1202,8014,0,5153,140,True,7ac165832988963f502fdee1aeb6e17042c6ba291ea80866fa40974e1a1f391a,fa944292df8d40b44b63588ba0bf6dda9f41643238729e3576ca6fb6f66af79f,0,h100-d512-mix-proportional-zero-c28-seed0-from10pct-20260826-rno2a
proportional_domain_ablation,29,7,9216,9216,5464,2732,1221,7995,0,5250,127,True,7ac165832988963f502fdee1aeb6e17042c6ba291ea80866fa40974e1a1f391a,b0741f5936f32cb4d746a48355ae59e6c3182b6bddbfe4f63cbd2f9028abd3fa,0,h100-d512-mix-proportional-zero-c29-seed0-from10pct-20260826-rno2a
proportional_domain_ablation,30,7,9216,9216,5798,2899,1183,8033,0,5129,119,True,7ac165832988963f502fdee1aeb6e17042c6ba291ea80866fa40974e1a1f391a,0c0b04b640178badbb0f91555fdfcec4fca9f4df3da8d314e95158c0d47cf98c,0,h100-d512-mix-proportional-zero-c30-seed0-from10pct-20260826-rno2a
proportional_domain_ablation,31,7,9216,9216,5310,2655,1275,7941,0,5308,125,True,7ac165832988963f502fdee1aeb6e17042c6ba291ea80866fa40974e1a1f391a,b9c2c16bf18ae717c5ebb93a6165f3dfffdfb26af2fd39943d72d18df1706eed,0,h100-d512-mix-proportional-zero-c31-seed0-from10pct-20260826-rno2a
proportional_domain_ablation,32,7,9216,9216,5698,2849,1190,8026,0,5185,123,True,7ac165832988963f502fdee1aeb6e17042c6ba291ea80866fa40974e1a1f391a,83600100b51cb34328b1b1add289a915fe764952f81f1030fbeb14a847504ba3,0,h100-d512-mix-proportional-zero-c32-seed0-from10pct-20260826-rno2a
proportional_domain_ablation,33,7,9216,9216,5266,2633,1205,8011,0,5443,135,True,7ac165832988963f502fdee1aeb6e17042c6ba291ea80866fa40974e1a1f391a,49c9d9ac87ac0c4fe3f777c7e3e2a1a9ee282f5709bbb312e35a342ca33b1cc1,0,h100-d512-mix-proportional-zero-c33-seed0-from10pct-20260826-rno2a
proportional_domain_ablation,34,7,9216,9216,5388,2694,1285,7931,0,5257,134,True,7ac165832988963f502fdee1aeb6e17042c6ba291ea80866fa40974e1a1f391a,502a51c07b4766237fa8c417527e3012c9c047bb030787ea8ccfd24d1c390eea,0,h100-d512-mix-proportional-zero-c34-seed0-from10pct-20260826-rno2a
proportional_domain_ablation,35,7,9216,9216,5418,2709,1234,7982,0,5321,129,True,7ac165832988963f502fdee1aeb6e17042c6ba291ea80866fa40974e1a1f391a,65746966aca2a608d04c49cfac725c3f0335a45db42dd287e9888c94281ed553,0,h100-d512-mix-proportional-zero-c35-seed0-from10pct-20260826-rno2a
proportional_domain_ablation,36,7,9216,9216,5324,2662,1230,7986,0,5339,147,True,7ac165832988963f502fdee1aeb6e17042c6ba291ea80866fa40974e1a1f391a,49c0b26531047dbbe4ab10f88fa46ebf7ec2b56327f6ffa8cde5aaa116b2087b,0,h100-d512-mix-proportional-zero-c36-seed0-from10pct-20260826-rno2a
proportional_domain_ablation,37,7,9216,9216,5362,2681,1262,7954,0,5328,123,True,7ac165832988963f502fdee1aeb6e17042c6ba291ea80866fa40974e1a1f391a,c1786d2cafb012b06cd184b20e1b6e87a283541c40aaacaa172983daee156f69,0,h100-d512-mix-proportional-zero-c37-seed0-from10pct-20260826-rno2a
proportional_domain_ablation,38,7,9216,9216,5686,2843,1198,8018,0,5134,128,True,7ac165832988963f502fdee1aeb6e17042c6ba291ea80866fa40974e1a1f391a,ac94b6416f8de30635b11e4e9d37a4918d798c46d2d610fa59353b86feddc4b5,0,h100-d512-mix-proportional-zero-c38-seed0-from10pct-20260826-rno2a
proportional_domain_ablation,39,7,9216,9216,5610,2805,1184,8032,0,5280,161,True,7ac165832988963f502fdee1aeb6e17042c6ba291ea80866fa40974e1a1f391a,a27a66bc41789d0365b956cbb391d85e54aa11477065d5b9657865986dc511a6,0,h100-d512-mix-proportional-zero-c39-seed0-from10pct-20260826-rno2a
semantic_domain_ablation,0,7,9216,9216,4072,2036,1428,7788,22,5802,141,True,7ac165832988963f502fdee1aeb6e17042c6ba291ea80866fa40974e1a1f391a,046643fd301c75696ef0b269c796046567a3440b4f4cbdb31b32087ef163fb84,0,h100-d512-mix-semantic-zero-c00-seed0-from10pct-20260826-rno2a
semantic_domain_ablation,1,7,9216,9216,4496,2248,1312,7904,0,5680,152,True,7ac165832988963f502fdee1aeb6e17042c6ba291ea80866fa40974e1a1f391a,8e331162917f960a5d244056b3f4b77cd818dd2401c0eeaaf2aeb6d030b162e9,0,h100-d512-mix-semantic-zero-c01-seed0-from10pct-20260826-rno2a
semantic_domain_ablation,2,7,9216,9216,4288,2144,1299,7917,0,5775,159,True,7ac165832988963f502fdee1aeb6e17042c6ba291ea80866fa40974e1a1f391a,9943ac047766d22b6545e6dbb21b2f459041a31a91046d92570817c4a2ced87f,0,h100-d512-mix-semantic-zero-c02-seed0-from10pct-20260826-rno2a
semantic_domain_ablation,3,7,9216,9216,4534,2267,1327,7889,0,5719,165,True,7ac165832988963f502fdee1aeb6e17042c6ba291ea80866fa40974e1a1f391a,a8d9ce8f55caa73a80be43ba088aba85a8f90a28cba6ad85cfd74a7d0ae3de68,0,h100-d512-mix-semantic-zero-c03-seed0-from10pct-20260826-rno2a
semantic_domain_ablation,4,7,9216,9216,4328,2164,1315,7901,0,5799,149,True,7ac165832988963f502fdee1aeb6e17042c6ba291ea80866fa40974e1a1f391a,f6bfa0f6acbbdb466baf8c2314b8fe3197c6a371054cfedc886575c84749ddac,0,h100-d512-mix-semantic-zero-c04-seed0-from10pct-20260826-rno2a
semantic_domain_ablation,5,7,9216,9216,4248,2124,1319,7897,0,5846,164,True,7ac165832988963f502fdee1aeb6e17042c6ba291ea80866fa40974e1a1f391a,119e93e61cb501812169170aaebb451041cefe3041f93a86cd3692a252525979,0,h100-d512-mix-semantic-zero-c05-seed0-from10pct-20260826-rno2a
semantic_domain_ablation,6,7,9216,9216,4340,2170,1281,7935,0,5832,147,True,7ac165832988963f502fdee1aeb6e17042c6ba291ea80866fa40974e1a1f391a,c0d00e79796a51cc5db8d8e776bdec695a7464cbbf0522a8d9868d14d26b9110,0,h100-d512-mix-semantic-zero-c06-seed0-from10pct-20260826-rno2a
semantic_domain_ablation,7,7,9216,9216,4330,2165,1380,7836,0,5710,143,True,7ac165832988963f502fdee1aeb6e17042c6ba291ea80866fa40974e1a1f391a,dfe2453cf9d765ed3f776f01becbcb08221496f8292044505329a35256744ba9,0,h100-d512-mix-semantic-zero-c07-seed0-from10pct-20260826-rno2a
semantic_domain_ablation,8,7,9216,9216,4304,2152,1315,7901,0,5818,151,True,7ac165832988963f502fdee1aeb6e17042c6ba291ea80866fa40974e1a1f391a,7f977db4881b1ac57f73fd98db8aea41356dbad914fb9c34d35d620f57a910bc,0,h100-d512-mix-semantic-zero-c08-seed0-from10pct-20260826-rno2a
semantic_domain_ablation,9,7,9216,9216,4284,2142,1384,7832,0,5760,167,True,7ac165832988963f502fdee1aeb6e17042c6ba291ea80866fa40974e1a1f391a,6fed392c845dbefba6e86dca088afd5cb1a922e13dff2d4bf8aa61d03e8c2afc,0,h100-d512-mix-semantic-zero-c09-seed0-from10pct-20260826-rno2a
semantic_domain_ablation,10,7,9216,9216,4322,2161,1341,7875,0,5790,149,True,7ac165832988963f502fdee1aeb6e17042c6ba291ea80866fa40974e1a1f391a,0adac8dca3883560dbebc1400d4d47c59c47211e9cd787d7d24846ea32b01471,0,h100-d512-mix-semantic-zero-c10-seed0-from10pct-20260826-rno2a
semantic_domain_ablation,11,7,9216,9216,4386,2193,1298,7918,0,5790,167,True,7ac165832988963f502fdee1aeb6e17042c6ba291ea80866fa40974e1a1f391a,f782acf4e9c38451ac464c914d88fd79dbe496a1c06513250bd23556bbdcf250,0,h100-d512-mix-semantic-zero-c11-seed0-from10pct-20260826-rno2a
semantic_domain_ablation,12,7,9216,9216,4378,2189,1325,7891,0,5739,137,True,7ac165832988963f502fdee1aeb6e17042c6ba291ea80866fa40974e1a1f391a,1a38e6d43f0cd27e96339e602e198533ab57188ab8f1c334bdb844f88f757a19,0,h100-d512-mix-semantic-zero-c12-seed0-from10pct-20260826-rno2a
semantic_domain_ablation,13,7,9216,9216,4232,2116,1407,7809,0,5800,135,True,7ac165832988963f502fdee1aeb6e17042c6ba291ea80866fa40974e1a1f391a,2ea575cc939283a1e2df38248f08dafbf1f83652715c732ce70266ad4575598f,0,h100-d512-mix-semantic-zero-c13-seed0-from10pct-20260826-rno2a
semantic_domain_ablation,14,7,9216,9216,4726,2363,1326,7890,0,5649,148,True,7ac165832988963f502fdee1aeb6e17042c6ba291ea80866fa40974e1a1f391a,88db13357fea101a017b9d685a05c44ba73f24577249f63d4f5471c0e4808903,0,h100-d512-mix-semantic-zero-c14-seed0-from10pct-20260826-rno2a
semantic_domain_ablation,15,7,9216,9216,4282,2141,1348,7868,0,5788,147,True,7ac165832988963f502fdee1aeb6e17042c6ba291ea80866fa40974e1a1f391a,16b74051653bc21b728e3377007cd882a3e0e7faf2c7400bba85e651bd4d3c09,0,h100-d512-mix-semantic-zero-c15-seed0-from10pct-20260826-rno2a
semantic_domain_ablation,16,7,9216,9216,4368,2184,1340,7876,0,5736,140,True,7ac165832988963f502fdee1aeb6e17042c6ba291ea80866fa40974e1a1f391a,bd072c24a5fccf57cfe5f5b45ed38178572d1da6e6d1388bbdd1c7b3d45932bf,0,h100-d512-mix-semantic-zero-c16-seed0-from10pct-20260826-rno2a
semantic_domain_ablation,17,7,9216,9216,4636,2318,1362,7854,0,5657,122,True,7ac165832988963f502fdee1aeb6e17042c6ba291ea80866fa40974e1a1f391a,4c47aa1ae20d07f981ac5c7e98e0c4020934fdbc2a1a062437495fdfb41ca519,0,h100-d512-mix-semantic-zero-c17-seed0-from10pct-20260826-rno2a
semantic_domain_ablation,18,7,9216,9216,4252,2126,1330,7886,0,5808,160,True,7ac165832988963f502fdee1aeb6e17042c6ba291ea80866fa40974e1a1f391a,beb1bbea99073f25bf986b70ac0662741f9e7b87f9f4b702470058c8d366767d,0,h100-d512-mix-semantic-zero-c18-seed0-from10pct-20260826-rno2a
semantic_domain_ablation,19,7,9216,9216,4324,2162,1351,7865,0,5789,156,True,7ac165832988963f502fdee1aeb6e17042c6ba291ea80866fa40974e1a1f391a,999210bd5b7423c696a66249a251eafcbeb0d9a562fc2c4e6c2845fdcaecd559,0,h100-d512-mix-semantic-zero-c19-seed0-from10pct-20260826-rno2a
semantic_domain_ablation,20,7,9216,9216,4392,2196,1296,7920,0,5780,157,True,7ac165832988963f502fdee1aeb6e17042c6ba291ea80866fa40974e1a1f391a,1b7efd83485a557af206b290f0cdcf1a62d151265500db73a6a7e4273af7493d,0,h100-d512-mix-semantic-zero-c20-seed0-from10pct-20260826-rno2a
semantic_domain_ablation,21,7,9216,9216,4422,2211,1323,7893,0,5729,141,True,7ac165832988963f502fdee1aeb6e17042c6ba291ea80866fa40974e1a1f391a,6a3ced8360c4d85e1896545e263d0b16d70f017f0d5b58c29e26bd4e84450322,0,h100-d512-mix-semantic-zero-c21-seed0-from10pct-20260826-rno2a
semantic_domain_ablation,22,7,9216,9216,4362,2181,1318,7898,0,5801,153,True,7ac165832988963f502fdee1aeb6e17042c6ba291ea80866fa40974e1a1f391a,4b93d94879d1f0e11afdf6ff708d04609233f37f02b064227b7dd3fdbf43a17f,0,h100-d512-mix-semantic-zero-c22-seed0-from10pct-20260826-rno2a
semantic_domain_ablation,23,7,9216,9216,4556,2278,1248,7968,0,5794,142,True,7ac165832988963f502fdee1aeb6e17042c6ba291ea80866fa40974e1a1f391a,83cf676d86b709b9ad5e30a48796146157c694d7d8fbb713f07682a2666cfa77,0,h100-d512-mix-semantic-zero-c23-seed0-from10pct-20260826-rno2a
semantic_domain_ablation,24,7,9216,9216,4442,2221,1325,7891,0,5725,136,True,7ac165832988963f502fdee1aeb6e17042c6ba291ea80866fa40974e1a1f391a,282a84bb6bd256812e62dfa4621ffa1c154bb916147c9893ddb3a1f475eaa7f5,0,h100-d512-mix-semantic-zero-c24-seed0-from10pct-20260826-rno2a
semantic_domain_ablation,25,7,9216,9216,4698,2349,1283,7933,0,5689,156,True,7ac165832988963f502fdee1aeb6e17042c6ba291ea80866fa40974e1a1f391a,69f575fea4ac4a3759c4a1e9109800dfadbe8e790ecfbae304f3e50b66f5c853,0,h100-d512-mix-semantic-zero-c25-seed0-from10pct-20260826-rno2a
semantic_domain_ablation,26,7,9216,9216,4054,2027,1355,7861,0,5977,163,True,7ac165832988963f502fdee1aeb6e17042c6ba291ea80866fa40974e1a1f391a,5ecb2094eec24ed099df851e2692bae93ff5fceb8a2480fd13980eb35094fa6b,0,h100-d512-mix-semantic-zero-c26-seed0-from10pct-20260826-rno2a
semantic_domain_ablation,27,7,9216,9216,4324,2162,1316,7900,0,5805,129,True,7ac165832988963f502fdee1aeb6e17042c6ba291ea80866fa40974e1a1f391a,4a6601db98e7e91bf09d5f1dd4de1ffee7e6ccd5ca35844eba5e3bcaf0cd1df8,0,h100-d512-mix-semantic-zero-c27-seed0-from10pct-20260826-rno2a
semantic_domain_ablation,28,7,9216,9216,4906,2453,1269,7947,0,5623,142,True,7ac165832988963f502fdee1aeb6e17042c6ba291ea80866fa40974e1a1f391a,d606d5f9ace1e7e90dc9781fd4d3546b7d791784f3fcbe4223e439c4394dc1fa,0,h100-d512-mix-semantic-zero-c28-seed0-from10pct-20260826-rno2a
semantic_domain_ablation,29,7,9216,9216,4542,2271,1303,7913,0,5727,132,True,7ac165832988963f502fdee1aeb6e17042c6ba291ea80866fa40974e1a1f391a,dd87e59666129cf9b16c100a6d5e1c24032126945f878505f539212b963d1570,0,h100-d512-mix-semantic-zero-c29-seed0-from10pct-20260826-rno2a
semantic_domain_ablation,30,7,9216,9216,5016,2508,1289,7927,0,5480,138,True,7ac165832988963f502fdee1aeb6e17042c6ba291ea80866fa40974e1a1f391a,81f2c049429f493b8d786c25196d2eca15e3934736405006b93c13f575ecd90e,0,h100-d512-mix-semantic-zero-c30-seed0-from10pct-20260826-rno2a
semantic_domain_ablation,31,7,9216,9216,4280,2140,1369,7847,0,5764,125,True,7ac165832988963f502fdee1aeb6e17042c6ba291ea80866fa40974e1a1f391a,968236597d4d4efaae1ee4f6036b4ba873895a7c0d8b78ef00201bfca56387bd,0,h100-d512-mix-semantic-zero-c31-seed0-from10pct-20260826-rno2a
semantic_domain_ablation,32,7,9216,9216,4858,2429,1342,7874,0,5583,143,True,7ac165832988963f502fdee1aeb6e17042c6ba291ea80866fa40974e1a1f391a,d79f4ebad395be07cf1fcb49577995f0eb9c6cdf27ebe2ce70efa063e4e3e0b8,0,h100-d512-mix-semantic-zero-c32-seed0-from10pct-20260826-rno2a
semantic_domain_ablation,33,7,9216,9216,4186,2093,1419,7797,0,5741,157,True,7ac165832988963f502fdee1aeb6e17042c6ba291ea80866fa40974e1a1f391a,8dd757255fc5bd253118b6953354a5dea993a752bd5d8a3a0e80e6036839d1df,0,h100-d512-mix-semantic-zero-c33-seed0-from10pct-20260826-rno2a
semantic_domain_ablation,34,7,9216,9216,4370,2185,1355,7861,9,5757,137,True,7ac165832988963f502fdee1aeb6e17042c6ba291ea80866fa40974e1a1f391a,144a22c81a9bfec8882c8d73455ad78f9f87b2088c46a1b1e442b37e276418a5,0,h100-d512-mix-semantic-zero-c34-seed0-from10pct-20260826-rno2a
semantic_domain_ablation,35,7,9216,9216,4322,2161,1380,7836,0,5720,139,True,7ac165832988963f502fdee1aeb6e17042c6ba291ea80866fa40974e1a1f391a,f039835c7cf95f3a005307a95231c83028a1175cf6ab3e6f5df97088f6869e7c,0,h100-d512-mix-semantic-zero-c35-seed0-from10pct-20260826-rno2a
semantic_domain_ablation,36,7,9216,9216,4274,2137,1359,7857,0,5778,154,True,7ac165832988963f502fdee1aeb6e17042c6ba291ea80866fa40974e1a1f391a,0a92ba7d2d5448b68e632d65d610a9a753ecdf13c1d4d8b59bf7d89ac4561c23,0,h100-d512-mix-semantic-zero-c36-seed0-from10pct-20260826-rno2a
semantic_domain_ablation,37,7,9216,9216,4246,2123,1399,7817,0,5748,144,True,7ac165832988963f502fdee1aeb6e17042c6ba291ea80866fa40974e1a1f391a,186b85f29f1b959e9d83e085818384324e43140fae8ea5b4628bdcdeb1035c0e,0,h100-d512-mix-semantic-zero-c37-seed0-from10pct-20260826-rno2a
semantic_domain_ablation,38,7,9216,9216,4742,2371,1338,7878,0,5600,136,True,7ac165832988963f502fdee1aeb6e17042c6ba291ea80866fa40974e1a1f391a,9e26ce2ba1550c03e18fe8bfb0a9800ce3193bdd913510070173aa95f370b8db,0,h100-d512-mix-semantic-zero-c38-seed0-from10pct-20260826-rno2a
semantic_domain_ablation,39,7,9216,9216,4730,2365,1317,7899,0,5649,157,True,7ac165832988963f502fdee1aeb6e17042c6ba291ea80866fa40974e1a1f391a,fb21db31ffad0462eb2f60e658cc93a5e30af72efe4ad0bbbb567ec1d550f1b4,0,h100-d512-mix-semantic-zero-c39-seed0-from10pct-20260826-rno2a
