metric,selected_seed0,alternative_seed0,alternative_vs_selected_pct
eval_dropless/paloma/4chan-llama3/bpb,1.1859562397003174,1.1845985651016235,-0.11447931662612598
eval_dropless/paloma/bpb,1.0202538967132568,1.0197274684906006,-0.051597766433642
eval_dropless/paloma/c4_100_domains-llama3/bpb,1.0172160863876343,1.0163986682891846,-0.08035835348932929
eval_dropless/paloma/c4_en-llama3/bpb,1.0415372848510742,1.0403136014938354,-0.11748819509747044
eval_dropless/paloma/dolma-v1_5-llama3/bpb,0.9964455366134644,0.9964450597763062,-4.785381043648229e-05
eval_dropless/paloma/dolma_100_programing_languages-llama3/bpb,0.6794255375862122,0.6796301007270813,0.030108250213234378
eval_dropless/paloma/dolma_100_subreddits-llama3/bpb,1.2123985290527344,1.2111784219741821,-0.10063580986900966
eval_dropless/paloma/falcon-refinedweb-llama3/bpb,1.1060316562652588,1.1050338745117188,-0.09021276632436015
eval_dropless/paloma/gab-llama3/bpb,1.8235533237457275,1.8206175565719604,-0.16099157263670394
eval_dropless/paloma/m2d2_s2orc_unsplit-llama3/bpb,0.94852614402771,0.9491395950317383,0.06467412710664533
eval_dropless/paloma/m2d2_wikipedia_unsplit-llama3/bpb,0.9945672750473022,0.9945929646492004,0.0025829928796961
eval_dropless/paloma/macro_bpb,1.1864409446716309,1.184385061264038,-0.17328156254433624
eval_dropless/paloma/manosphere_meta_sep-llama3/bpb,1.2557927370071411,1.2535263299942017,-0.18047620010455123
eval_dropless/paloma/mc4-llama3/bpb,1.0159281492233276,1.014919400215149,-0.0992933416551045
eval_dropless/paloma/ptb-llama3/bpb,1.1879221200942993,1.1843196153640747,-0.30326101932832694
eval_dropless/paloma/redpajama-llama3/bpb,0.9307323694229126,0.9313310980796814,0.06432876694082434
eval_dropless/paloma/twitterAAE_HELM_fixed-llama3/bpb,2.5814924240112305,2.5641021728515625,-0.6736510631569548
eval_dropless/paloma/wikitext_103-llama3/bpb,1.005528211593628,1.0040135383605957,-0.15063458345258018
eval_dropless/uncheatable_eval/ao3_english-llama3/bpb,1.1810336112976074,1.177377462387085,-0.3095719609965575
eval_dropless/uncheatable_eval/arxiv_computer_science-llama3/bpb,0.8609762787818909,0.8629040718078613,0.2239077978661408
eval_dropless/uncheatable_eval/arxiv_physics-llama3/bpb,0.9223777055740356,0.9267722964286804,0.4764415735644789
eval_dropless/uncheatable_eval/bbc_news-llama3/bpb,0.9897670745849609,0.9900801777839661,0.03163402855530517
eval_dropless/uncheatable_eval/bpb,0.8619312047958374,0.8617365956306458,-0.02257827122499334
eval_dropless/uncheatable_eval/github_cpp-llama3/bpb,0.5747082829475403,0.5727540850639343,-0.3400330118061512
eval_dropless/uncheatable_eval/github_python-llama3/bpb,0.5380039215087891,0.5357792973518372,-0.41349589993937563
eval_dropless/uncheatable_eval/macro_bpb,0.865385890007019,0.8652337193489075,-0.01758413903770739
eval_dropless/uncheatable_eval/wikipedia_english-llama3/bpb,0.9908344149589539,0.9909687042236328,0.013553149007705656
arc_challenge_0shot,1.5173045204325675,1.5121830522019521,-0.33753726833656295
belebele_arabic,2.4232722408624348,2.4464340215656493,0.9558059681718412
belebele_bengali,2.165997897826695,2.22079278439801,2.529775611799745
belebele_chinese_simplified,2.3522364904426105,2.210857269074379,-6.010416977317989
belebele_french,2.1204328655197173,2.172662440239307,2.463156253088372
belebele_german,2.1897639364207016,2.23336723677292,1.9912329190830746
belebele_hebrew,2.1513722311148724,2.1926806310903357,1.9200954338829845
belebele_hindi,2.3767323681813353,2.1714068554814645,-8.638983313757997
belebele_indonesian,2.133884463237282,2.2043742776629593,3.303356654968015
belebele_japanese,2.8534707446107204,2.2462580960451315,-21.279792327025483
belebele_korean,2.314038223960982,2.215546407198125,-4.256274409947592
belebele_mean,2.2791285839954525,2.3203000749894485,1.8064575769489943
belebele_portuguese,2.2063555745551753,2.107331676433888,-4.488120557868447
belebele_russian,2.170012554008104,2.113183793059556,-2.618821759513923
belebele_spanish,2.117318771360973,2.1527768113224566,1.674667057275081
belebele_swahili,2.1765099660692493,2.523850741281935,15.958611751269803
belebele_thai,2.256807708387007,2.1397210945450644,-5.188151981527356
belebele_turkish,2.4728090974538057,2.830547977369816,14.466902450511277
belebele_vietnamese,2.2258936805180713,2.296791185837014,3.1851254145454755
belebele_yoruba,2.3174056973884043,3.286818050432061,41.831792945712266
boolq_0shot,2.2942145848302102,2.255386906940587,-1.6924170104383074
copa_0shot,1.7849494850216592,1.7991857429405496,0.7975720342986437
csqa_0shot,2.780121995003671,2.575960055010004,-7.343632414713419
gpqa_0shot,2.8460712282676717,3.2329785645170697,13.59443616191216
hellaswag_0shot,0.9612209109498251,0.9588584176090456,-0.2457804770856553
include_arabic,2.028875792875449,2.0850790567446413,2.7701677976815775
include_bengali,2.139429054141374,2.096826340085361,-1.991312307063664
include_chinese,2.0497120714900765,2.083437755247708,1.6453864045945732
include_french,2.0673964665635998,2.1088329017297966,2.0042810286442947
include_german,2.0350739988384006,2.1072124471488287,3.544757996593928
include_hebrew,2.0671252983242354,2.0861807761490883,0.921834677380251
include_hindi,2.1433429992399753,2.0851877831787196,-2.713294889426354
include_indonesian,2.058690765060407,2.1165810005761734,2.811992772215488
include_japanese,2.1365947326241175,2.0898430212493992,-2.188141282053002
include_korean,2.0666704600914287,2.069419549622832,0.1330202170345851
include_mean,2.07712794982448,2.109714636763063,1.5688338766678633
include_portuguese,2.088641509446418,2.1062603843241545,0.8435566753820956
include_russian,2.0638604734923724,2.2246407130142316,7.790266909361088
include_spanish,2.068985698292198,2.086162391594583,0.8301987450451298
include_turkish,2.077901673135507,2.168255593027816,4.348325094515504
include_vietnamese,2.0646182537516373,2.1317998377526113,3.2539470131535353
lambada_0shot,0.8668575245252518,0.8760779193968313,1.0636574766573315
lb_bbh_3shot,1.726013534000613,1.7089373607489167,-0.9893417934050963
logprob_gsm8k_5shot,0.8197130247236325,0.7964591451346961,-2.8368317798508236
logprob_humaneval_10shot,0.4979298909485227,0.4940224050948791,-0.784746191115393
medmcqa_0shot,2.965857109290009,4.132441658351223,39.333808274414174
medqa_0shot,2.600931773074973,2.8703236006203623,10.357512270569803
mmlu_pro_5shot,3.9958126892282957,3.731417682009643,-6.616801831862517
musr_0shot,0.7366869564532051,0.8898376995279761,20.78912104160475
openbookqa_0shot,1.9651167933461318,1.9633217302850108,-0.09134638038813536
piqa_0shot,1.2831900004078869,1.2771380180461789,-0.4716357172191432
sciq_0shot,1.6356858449011629,1.524139197738136,-6.819564252557752
truthfulqa_mc1_0shot,0.7690771570276386,0.7563279948626228,-1.657722121703531
winogrande_0shot,0.44946506553297694,0.447774903083792,-0.37603866880749903
