cell,domain,quality,old_pct,main_pct,change_pp
c00q0,Geopolitics and World News,0,0.0004657781023742571,0.004069010416666666,0.003603232314292409
c00q1,Geopolitics and World News,1,0.07184357297040815,0.4191080729166667,0.3472644999462585
c00q2,Geopolitics and World News,2,0.26028039810688375,1.89208984375,1.6318094456431163
c00q3,Geopolitics and World News,3,0.28107264827731065,0.11800130208333333,-0.16307134619397734
c00q4,Geopolitics and World News,4,0.16477762685675906,0.21769205729166666,0.052914430434907594
c01q0,Consumer Health and Supplements,0,0.22803736811443792,0.4557291666666667,0.22769179855222876
c01q1,Consumer Health and Supplements,1,0.3680852756643468,0.433349609375,0.06526433371065321
c01q2,Consumer Health and Supplements,2,0.8726981887680507,0.6368001302083333,-0.23589805855971746
c01q3,Consumer Health and Supplements,3,1.3014961276890689,1.0457356770833335,-0.2557604506057354
c01q4,Consumer Health and Supplements,4,1.4361600415145175,1.141357421875,-0.2948026196395175
c02q0,"Arts, History, and Culture",0,3.030303853678395e-05,0.004069010416666666,0.004038707378129882
c02q1,"Arts, History, and Culture",1,0.08472156407459003,0.028483072916666668,-0.056238491157923357
c02q2,"Arts, History, and Culture",2,0.2872979764870241,0.15869140625,-0.1286065702370241
c02q3,"Arts, History, and Culture",3,0.4105917904873364,0.1953125,-0.2152792904873364
c02q4,"Arts, History, and Culture",4,0.40887881671215703,0.20751953125,-0.20135928546215703
c03q0,"Finance, Insurance, and Markets",0,0.1882619011987591,0.06917317708333334,-0.11908872411542576
c03q1,"Finance, Insurance, and Markets",1,1.191503370524041,0.4923502604166667,-0.6991531101073742
c03q2,"Finance, Insurance, and Markets",2,1.2080141374429672,0.4313151041666667,-0.7766990332763004
c03q3,"Finance, Insurance, and Markets",3,1.8515230580953022,1.116943359375,-0.7345796987203022
c03q4,"Finance, Insurance, and Markets",4,1.202283660000979,0.31534830729166663,-0.8869353527093123
c04q0,Consumer Tech and Cybersecurity,0,0.0002920471002886735,0.004069010416666666,0.0037769633163779927
c04q1,Consumer Tech and Cybersecurity,1,0.004328652277267756,0.4191080729166667,0.41477942063939893
c04q2,Consumer Tech and Cybersecurity,2,0.177147690098777,0.24210611979166666,0.06495842969288965
c04q3,Consumer Tech and Cybersecurity,3,0.10718321044844814,0.311279296875,0.20409608642655186
c04q4,Consumer Tech and Cybersecurity,4,0.023738168450423223,0.067138671875,0.043400503424576777
c05q0,Government Notices and Environment,0,0.013129447644051509,0.010172526041666668,-0.002956921602384841
c05q1,Government Notices and Environment,1,0.05892177967031255,0.03458658854166667,-0.024335191128645878
c05q2,Government Notices and Environment,2,0.2517540491797273,0.5696614583333333,0.31790740915360594
c05q3,Government Notices and Environment,3,0.5957641824990623,0.469970703125,-0.12579347937406227
c05q4,Government Notices and Environment,4,0.3850643030382899,1.7049153645833333,1.3198510615450434
c06q0,Public Policy Debates,0,9.253188519587419e-05,0.004069010416666666,0.003976478531470792
c06q1,Public Policy Debates,1,0.013420909477312594,0.026448567708333332,0.013027658231020738
c06q2,Public Policy Debates,2,0.06037080648207911,0.30721028645833337,0.24683947997625427
c06q3,Public Policy Debates,3,0.27755583931169486,0.9745279947916666,0.6969721554799717
c06q4,Public Policy Debates,4,0.22840650352161182,0.335693359375,0.10728685585338818
c07q0,Games and Gambling,0,0.015083635699640689,0.04679361979166667,0.03170998409202598
c07q1,Games and Gambling,1,0.2244789048673092,0.115966796875,-0.1085121079923092
c07q2,Games and Gambling,2,0.5499162797225033,0.286865234375,-0.26305104534750334
c07q3,Games and Gambling,3,0.48346574351497557,0.7731119791666667,0.2896462356516912
c07q4,Games and Gambling,4,0.11097049070322043,0.103759765625,-0.007210725078220431
c08q0,Schools and Children's Programs,0,6.724907572512987e-05,0.008138020833333332,0.008070771757608203
c08q1,Schools and Children's Programs,1,0.006833558483947341,0.010172526041666668,0.0033389675577193264
c08q2,Schools and Children's Programs,2,0.04965447205005338,0.28076171875,0.23110724669994662
c08q3,Schools and Children's Programs,3,0.07522864854578538,0.52490234375,0.44967369520421463
c08q4,Schools and Children's Programs,4,0.10596117808349677,0.020345052083333336,-0.08561612600016344
c09q0,Study Skills and Academic Writing,0,4.5947496454384817e-05,0.016276041666666664,0.01623009417021228
c09q1,Study Skills and Academic Writing,1,0.015434786947842895,0.11189778645833333,0.09646299951049044
c09q2,Study Skills and Academic Writing,2,0.036636235205553196,0.11800130208333333,0.08136506687778014
c09q3,Study Skills and Academic Writing,3,0.05418294733299484,0.653076171875,0.5988932245420051
c09q4,Study Skills and Academic Writing,4,0.013404397290920408,0.01220703125,-0.0011973660409204077
c10q0,Personal Wellbeing and Conduct,0,0.0054299042170018914,0.026448567708333332,0.02101866349133144
c10q1,Personal Wellbeing and Conduct,1,0.05389917575464028,0.33772786458333337,0.2838286888286931
c10q2,Personal Wellbeing and Conduct,2,0.08703460758917976,0.7303873697916667,0.6433527622024869
c10q3,Personal Wellbeing and Conduct,3,0.06971937371526944,0.15055338541666669,0.08083401170139724
c10q4,Personal Wellbeing and Conduct,4,0.02816435018346033,0.018310546875,-0.009853803308460331
c11q0,Food and Recipes,0,0.011783691780257071,0.004069010416666666,-0.007714681363590405
c11q1,Food and Recipes,1,0.12055160092796825,0.11189778645833333,-0.008653814469634924
c11q2,Food and Recipes,2,0.2975656258713034,1.0355631510416665,0.7379975251703631
c11q3,Food and Recipes,3,0.25446805789360444,0.14444986979166669,-0.11001818810193775
c11q4,Food and Recipes,4,0.07693020496087474,0.028483072916666668,-0.04844713204420807
c12q0,Travel and Destinations,0,0.023009917245425095,0.03865559895833333,0.015645681712908234
c12q1,Travel and Destinations,1,0.3658848041079447,1.0579427083333335,0.6920579042253887
c12q2,Travel and Destinations,2,0.8273018712948179,0.19938151041666666,-0.6279203608781513
c12q3,Travel and Destinations,3,0.8576739164400229,1.2898763020833335,0.4322023856433106
c12q4,Travel and Destinations,4,0.23488541985803957,0.056966145833333336,-0.17791927402470623
c13q0,Command-Line Agent Transcripts,0,2.5594310856716273e-05,0.008138020833333332,0.008112426522476616
c13q1,Command-Line Agent Transcripts,1,0.09849041034822835,0.5452473958333333,0.4467569854851049
c13q2,Command-Line Agent Transcripts,2,0.269384445343457,0.37027994791666663,0.10089550257320962
c13q3,Command-Line Agent Transcripts,3,0.6452087705521959,4.121907552083334,3.476698781531138
c13q4,Command-Line Agent Transcripts,4,0.3001305223936239,0.9989420572916666,0.6988115348980427
c14q0,Software Development and Web Code,0,0.08356887575139126,0.32145182291666663,0.23788294716527536
c14q1,Software Development and Web Code,1,1.1194759197376443,1.47705078125,0.35757486151235574
c14q2,Software Development and Web Code,2,3.064964356000136,0.360107421875,-2.704856934125136
c14q3,Software Development and Web Code,3,2.971666186173095,2.201334635416667,-0.7703315507564281
c14q4,Software Development and Web Code,4,0.6109815788109701,0.103759765625,-0.5072218131859701
c15q0,Clinical Treatment and Dentistry,0,0.00015960793971957205,0.018310546875,0.018150938935280428
c15q1,Clinical Treatment and Dentistry,1,0.006936092003753895,0.38045247395833337,0.3735163819545795
c15q2,Clinical Treatment and Dentistry,2,0.01787478943861243,0.665283203125,0.6474084136863876
c15q3,Clinical Treatment and Dentistry,3,0.01672578222239926,0.17293294270833331,0.15620716048593405
c15q4,Clinical Treatment and Dentistry,4,0.04945550657652986,0.4048665364583333,0.35541102988180345
c16q0,Sports and Competition,0,0.03525051691219294,0.018310546875,-0.016939970037192942
c16q1,Sports and Competition,1,0.14568298755704548,0.1220703125,-0.02361267505704548
c16q2,Sports and Competition,2,0.3324435175883359,0.5086263020833333,0.17618278449499736
c16q3,Sports and Competition,3,0.3843600750931313,1.5401204427083335,1.1557603676152022
c16q4,Sports and Competition,4,0.15399700793277088,0.1220703125,-0.03192669543277088
c17q0,SEO and Online Business,0,0.3949499122566094,0.20751953125,-0.18743038100660941
c17q1,SEO and Online Business,1,0.9674116740342273,0.4597981770833333,-0.5076134969508941
c17q2,SEO and Online Business,2,1.626316200484193,1.4912923177083335,-0.13502388277585942
c17q3,SEO and Online Business,3,1.2607687793318676,0.653076171875,-0.6076926074568676
c17q4,SEO and Online Business,4,0.3382439119436189,0.13631184895833331,-0.2019320629852856
c18q0,Business Software and Strategy,0,0.023339948218918896,0.0244140625,0.0010741142810811038
c18q1,Business Software and Strategy,1,0.18057058156785344,0.13427734375,-0.04629323781785344
c18q2,Business Software and Strategy,2,0.3120611926420375,0.6388346354166667,0.3267734427746292
c18q3,Business Software and Strategy,3,0.15584047146373184,0.37434895833333337,0.21850848686960153
c18q4,Business Software and Strategy,4,0.0906481207014994,0.03865559895833333,-0.05199252174316607
c19q0,Home Maintenance and Trades,0,0.00010128149355567994,0.01220703125,0.01210574975644432
c19q1,Home Maintenance and Trades,1,0.006683363617887666,0.1220703125,0.11538694888211233
c19q2,Home Maintenance and Trades,2,0.15610636311792764,0.20751953125,0.05141316813207236
c19q3,Home Maintenance and Trades,3,0.11551812403651875,0.19124348958333331,0.07572536554681457
c19q4,Home Maintenance and Trades,4,0.03903050334939667,0.03255208333333333,-0.006478420016063344
c20q0,School Curricula and Teacher Training,0,0.012115835131426236,0.020345052083333336,0.0082292169519071
c20q1,School Curricula and Teacher Training,1,0.24714795053417854,0.25634765625,0.00919970571582146
c20q2,School Curricula and Teacher Training,2,0.6209068324291418,0.24007161458333334,-0.3808352178458084
c20q3,School Curricula and Teacher Training,3,0.38155585287796506,0.28076171875,-0.10079413412796506
c20q4,School Curricula and Teacher Training,4,0.4711992480262857,0.152587890625,-0.3186113574012857
c21q0,Christian Faith and Devotion,0,0.05482167048254553,0.050862630208333336,-0.003959040274212192
c21q1,Christian Faith and Devotion,1,0.42449534478931894,0.09358723958333334,-0.33090810520598557
c21q2,Christian Faith and Devotion,2,1.239765832611957,1.5279134114583335,0.28814757884637654
c21q3,Christian Faith and Devotion,3,1.4576385618088434,0.3662109375,-1.0914276243088434
c21q4,Christian Faith and Devotion,4,0.5948693902249812,0.213623046875,-0.3812463433499812
c22q0,Application and Web Development,0,9.168930566858914e-08,0,-9.168930566858914e-08
c22q1,Application and Web Development,1,0.02725686469381709,0.016276041666666664,-0.010980823027150425
c22q2,Application and Web Development,2,0.21030508326685535,0.08138020833333334,-0.128924874933522
c22q3,Application and Web Development,3,0.3719016916824825,0.08951822916666666,-0.2823834625158158
c22q4,Application and Web Development,4,0.12912554412801933,0.067138671875,-0.061986872253019326
c23q0,Consumer Devices and Vehicles,0,0.06416204947429,0.07731119791666666,0.013149148442376662
c23q1,Consumer Devices and Vehicles,1,0.459769081678622,0.811767578125,0.351998496446378
c23q2,Consumer Devices and Vehicles,2,0.9056798720245105,1.0030110677083335,0.09733119568382298
c23q3,Consumer Devices and Vehicles,3,1.138233072499129,0.3926595052083333,-0.7455735672907957
c23q4,Consumer Devices and Vehicles,4,0.8409825271521487,0.164794921875,-0.6761876052771487
c24q0,"Emotions, Relationships, and Wellbeing",0,0.16322547970521223,0.30721028645833337,0.14398480675312114
c24q1,"Emotions, Relationships, and Wellbeing",1,0.7136736498207779,0.1953125,-0.5183611498207779
c24q2,"Emotions, Relationships, and Wellbeing",2,1.2841664604841725,0.8036295572916666,-0.48053690319250586
c24q3,"Emotions, Relationships, and Wellbeing",3,0.8879790704922844,0.36824544270833337,-0.519733627783951
c24q4,"Emotions, Relationships, and Wellbeing",4,0.44454637771753097,0.4557291666666667,0.011182788949135714
c25q0,Whimsical and Fan Fiction Writing,0,0.46355155247985835,0.5900065104166667,0.1264549579368084
c25q1,Whimsical and Fan Fiction Writing,1,1.3258033534158735,0.8870442708333334,-0.43875908258254015
c25q2,Whimsical and Fan Fiction Writing,2,2.016348779052255,1.4892578125,-0.527090966552255
c25q3,Whimsical and Fan Fiction Writing,3,1.3669133249077121,0.9806315104166666,-0.3862818144910455
c25q4,Whimsical and Fan Fiction Writing,4,0.5611736389858157,0.4191080729166667,-0.14206556606914905
c26q0,Council and Board Meeting Records,0,0.0009516944941247179,0.12003580729166667,0.11908411279754195
c26q1,Council and Board Meeting Records,1,0.006016356364400207,0.5350748697916667,0.5290585134272665
c26q2,Council and Board Meeting Records,2,0.14103913313235136,0.640869140625,0.4998300074926486
c26q3,Council and Board Meeting Records,3,0.23610943997650102,0.4048665364583333,0.1687570964818323
c26q4,Council and Board Meeting Records,4,0.31616493632429016,0.6083170572916667,0.2921521209673766
c27q0,General Knowledge and Trivia,0,0.0002517785922069289,0.006103515625,0.005851737032793071
c27q1,General Knowledge and Trivia,1,0.016058230061304146,0.020345052083333336,0.00428682202202919
c27q2,General Knowledge and Trivia,2,0.07498998638154221,0.08748372395833334,0.012493737576791134
c27q3,General Knowledge and Trivia,3,0.11046021687124719,0.056966145833333336,-0.05349407103791385
c27q4,General Knowledge and Trivia,4,0.043273076789694054,0.052897135416666664,0.00962405862697261
c28q0,Performance Logs and Low-Level Code,0,0.0007812509326906935,0.04069010416666667,0.03990885323397598
c28q1,Performance Logs and Low-Level Code,1,0.8888886367012994,1.0782877604166665,0.18939912371536716
c28q2,Performance Logs and Low-Level Code,2,2.405333611979344,1.3895670572916665,-1.0157665546876773
c28q3,Performance Logs and Low-Level Code,3,3.8022878584025186,2.699788411458333,-1.1024994469441856
c28q4,Performance Logs and Low-Level Code,4,1.8711821899663719,5.417887369791666,3.5467051798252944
c29q0,"Courses, Tutoring, and School Services",0,0.21497527422109566,0.21158854166666666,-0.003386732554429006
c29q1,"Courses, Tutoring, and School Services",1,0.31295368593774725,0.21565755208333334,-0.09729613385441391
c29q2,"Courses, Tutoring, and School Services",2,0.8358904858940949,1.46484375,0.6289532641059051
c29q3,"Courses, Tutoring, and School Services",3,1.0500478151405048,1.1800130208333335,0.12996520569282866
c29q4,"Courses, Tutoring, and School Services",4,0.9319331522742228,0.20751953125,-0.7244136210242228
c30q0,Natural Sciences Research,0,0.0018652534227587738,0.004069010416666666,0.002203756993907892
c30q1,Natural Sciences Research,1,0.22837170501009332,0.06103515625,-0.16733654876009332
c30q2,Natural Sciences Research,2,0.9328032302343862,0.4536946614583333,-0.47910856877605285
c30q3,Natural Sciences Research,3,2.8221153020210847,1.4302571614583335,-1.3918581405627513
c30q4,Natural Sciences Research,4,4.80314596077799,4.901123046875,0.09797708609700972
c31q0,"Fiction, Film, and Television",0,0.00043340579539990755,0.010172526041666668,0.009739120246266761
c31q1,"Fiction, Film, and Television",1,0.005960125835004563,0.11189778645833333,0.10593766062332877
c31q2,"Fiction, Film, and Television",2,0.017586944648875058,0.25431315104166663,0.23672620639279157
c31q3,"Fiction, Film, and Television",3,0.027461119990097926,0.189208984375,0.16174786438490207
c31q4,"Fiction, Film, and Television",4,0.01457778732523242,0.20751953125,0.1929417439247676
c32q0,Software Infrastructure and Security,0,0.07136505256735388,0.29703776041666663,0.22567270784931276
c32q1,Software Infrastructure and Security,1,0.45099746514738165,1.1942545572916665,0.7432570921442849
c32q2,Software Infrastructure and Security,2,2.614165024172776,2.012125651041667,-0.6020393731311091
c32q3,Software Infrastructure and Security,3,4.4502003217316455,2.74658203125,-1.7036182904816455
c32q4,Software Infrastructure and Security,4,1.687522064884455,2.028401692708333,0.34087962782387793
c33q0,"Racing, Sports, and Entertainment Records",0,0.0003411070480690687,0.01220703125,0.011865924201930932
c33q1,"Racing, Sports, and Entertainment Records",1,0.027724897911293105,0.16072591145833331,0.13300101354704022
c33q2,"Racing, Sports, and Entertainment Records",2,0.07385664006372912,0.11800130208333333,0.04414466201960421
c33q3,"Racing, Sports, and Entertainment Records",3,0.11629232791306955,0.4618326822916667,0.34554035437859715
c33q4,"Racing, Sports, and Entertainment Records",4,0.20235385672405123,0.299072265625,0.09671840890094877
c34q0,"Pets, Gardening, and Pest Control",0,0.0012456962413833848,0.008138020833333332,0.006892324591949947
c34q1,"Pets, Gardening, and Pest Control",1,0.07382218474434697,0.28889973958333337,0.21507755483898638
c34q2,"Pets, Gardening, and Pest Control",2,0.21875463463870096,0.050862630208333336,-0.16789200443036761
c34q3,"Pets, Gardening, and Pest Control",3,0.2502104723328764,0.22989908854166666,-0.020311383791209753
c34q4,"Pets, Gardening, and Pest Control",4,0.1318283040225521,0.03255208333333333,-0.09927622068921878
c35q0,"Crafts, Design, and Home Decor",0,0.016649323585395653,0.026448567708333332,0.00979924412293768
c35q1,"Crafts, Design, and Home Decor",1,0.24826462859704407,0.6306966145833333,0.3824319859862892
c35q2,"Crafts, Design, and Home Decor",2,0.39295825151647523,0.433349609375,0.04039135785852477
c35q3,"Crafts, Design, and Home Decor",3,0.2715676742681261,0.15462239583333331,-0.1169452784347928
c35q4,"Crafts, Design, and Home Decor",4,0.1075147565329539,0.27058919270833337,0.16307443617537948
c36q0,Gambling and Financial Services,0,0.015343917115901507,0.03865559895833333,0.02331168184243182
c36q1,Gambling and Financial Services,1,0.07236854341080763,0.18107096354166669,0.10870242013085905
c36q2,Gambling and Financial Services,2,0.12842009507608337,0.13834635416666669,0.009926259090583311
c36q3,Gambling and Financial Services,3,0.06846358870045222,0.25227864583333337,0.18381505713288115
c36q4,Gambling and Financial Services,4,0.026312092217819577,0.030517578125,0.004205485907180423
c37q0,"Law, Courts, and Regulation",0,0.007969174439870715,0.07527669270833334,0.06730751826846262
c37q1,"Law, Courts, and Regulation",1,0.06535472325841922,0.08748372395833334,0.022129000699914123
c37q2,"Law, Courts, and Regulation",2,0.25720590578034025,0.8443196614583334,0.5871137556779931
c37q3,"Law, Courts, and Regulation",3,0.41189548315943103,2.242024739583333,1.830129256423902
c37q4,"Law, Courts, and Regulation",4,0.3473013771131674,0.38045247395833337,0.033151096845165984
c38q0,"History, Literature, and Heritage",0,0.2057907933149082,0.12003580729166667,-0.08575498602324154
c38q1,"History, Literature, and Heritage",1,0.5553239423110692,0.5147298177083333,-0.040594124602735926
c38q2,"History, Literature, and Heritage",2,1.7723803080536626,1.9287109375,0.15633062944633735
c38q3,"History, Literature, and Heritage",3,2.159307734908163,0.4048665364583333,-1.7544411984498296
c38q4,"History, Literature, and Heritage",4,2.1799164609110324,0.69580078125,-1.4841156796610324
c39q0,Mathematics Problems and Proofs,0,0.03211580828005192,0.016276041666666664,-0.015839766613385257
c39q1,Mathematics Problems and Proofs,1,0.3877821466899308,0.08138020833333334,-0.30640193835659746
c39q2,Mathematics Problems and Proofs,2,1.9672854719764103,0.7792154947916667,-1.1880699771847436
c39q3,Mathematics Problems and Proofs,3,0.9670879620160996,0.726318359375,-0.2407696026410996
c39q4,Mathematics Problems and Proofs,4,0.926282363840342,0.17903645833333331,-0.7472459055070086
