cell,domain_id,domain,quality,available_tokens,store_pct,planned_tokens,planned_epochs,phase0_pct,phase1_pct,phase2_pct
c00q0,0,Geopolitics and World News,0,9126994294,0.03950036183509301,479816775.0331943,0.05257117070278233,0.0004657781023742571,0.004069010416666666,0.002034505208333333
c00q1,0,Geopolitics and World News,1,92394931129,0.39987241075884467,48851938640.88415,0.5287296396452531,0.07184357297040815,0.4191080729166667,0.16072591145833331
c00q2,0,Geopolitics and World News,2,218832257133,0.9470755715960147,239066998295.69403,1.0924669033157937,0.26028039810688375,1.89208984375,1.3285319010416665
c00q3,0,Geopolitics and World News,3,223411862423,0.9668954663159912,28419350251.566193,0.12720609346050754,0.28107264827731065,0.11800130208333333,0.091552734375
c00q4,0,Geopolitics and World News,4,125883349751,0.5448056286664823,36705674751.43078,0.2915848269372828,0.16477762685675906,0.21769205729166666,0.22176106770833334
c01q0,1,Consumer Health and Supplements,0,95635656381,0.4138978188985512,58399601108.02116,0.6106467327977,0.22803736811443792,0.4557291666666667,0.11393229166666667
c01q1,1,Consumer Health and Supplements,1,103288668624,0.4470189914323857,66347002226.10033,0.6423454102949299,0.3680852756643468,0.433349609375,0.19938151041666666
c01q2,1,Consumer Health and Supplements,2,187730109502,0.8124698026321165,113002528352.17131,0.6019414181983813,0.8726981887680507,0.6368001302083333,0.26448567708333337
c01q3,1,Consumer Health and Supplements,3,273200491980,1.1823737299616446,186595875541.15384,0.6829997786197758,1.3014961276890689,1.0457356770833335,0.6449381510416667
c01q4,1,Consumer Health and Supplements,4,281971382139,1.2203329226308142,218580606867.02902,0.7751872023639548,1.4361600415145175,1.141357421875,1.0965983072916665
c02q0,2,"Arts, History, and Culture",0,1270175271,0.005497141904807608,531389160.51694083,0.4183589246691773,3.030303853678395e-05,0.004069010416666666,0.004069010416666666
c02q1,2,"Arts, History, and Culture",1,14005300543,0.060612992759445754,9689201808.268261,0.6918239118482201,0.08472156407459003,0.028483072916666668,0.07731119791666666
c02q2,2,"Arts, History, and Culture",2,46511789897,0.2012965573712589,38717708481.4206,0.8324278331829558,0.2872979764870241,0.15869140625,0.262451171875
c02q3,2,"Arts, History, and Culture",3,66999107457,0.28996281819958575,41423751706.460045,0.6182731871920203,0.4105917904873364,0.1953125,0.07120768229166666
c02q4,2,"Arts, History, and Culture",4,66824740487,0.28920818220604555,44759819246.63867,0.6698090994509165,0.40887881671215703,0.20751953125,0.13427734375
c03q0,3,"Finance, Insurance, and Markets",0,53370021055,0.2309780279149403,17362923668.18392,0.3253310252639907,0.1882619011987591,0.06917317708333334,0.04069010416666667
c03q1,3,"Finance, Insurance, and Markets",1,321772086179,1.392584833854749,127882292324.33598,0.3974312807643475,1.191503370524041,0.4923502604166667,0.6144205729166667
c03q2,3,"Finance, Insurance, and Markets",2,254352149544,1.1008007255057115,126838332782.68834,0.49867214808321,1.2080141374429672,0.4313151041666667,0.7222493489583333
c03q3,3,"Finance, Insurance, and Markets",3,237133584842,1.0262811723975127,239248847091.69696,1.0089201293486385,1.8515230580953022,1.116943359375,1.15966796875
c03q4,3,"Finance, Insurance, and Markets",4,138365996387,0.598828787101647,98408929271.60774,0.7112219175321433,1.202283660000979,0.31534830729166663,0.244140625
c04q0,4,Consumer Tech and Cybersecurity,0,3008627624,0.013020921888072365,544431430.3993053,0.1809567345777004,0.0002920471002886735,0.004069010416666666,0.004069010416666666
c04q1,4,Consumer Tech and Cybersecurity,1,30712078426,0.13291760369920025,47246295942.03983,1.5383620504837738,0.004328652277267756,0.4191080729166667,0.20955403645833334
c04q2,4,Consumer Tech and Cybersecurity,2,81079729232,0.3509017907747328,35372332934.24408,0.43626604663454605,0.177147690098777,0.24210611979166666,0.103759765625
c04q3,4,Consumer Tech and Cybersecurity,3,49217811940,0.21300784439403106,38695924788.93654,0.7862179008711239,0.10718321044844814,0.311279296875,0.11189778645833333
c04q4,4,Consumer Tech and Cybersecurity,4,10049270109,0.04349184328350415,8094055769.89196,0.805437179227875,0.023738168450423223,0.067138671875,0.016276041666666664
c05q0,5,Government Notices and Environment,0,8574515190,0.03710930911703946,1978916496.5489485,0.230790482342005,0.013129447644051509,0.010172526041666668,0.010172526041666668
c05q1,5,Government Notices and Environment,1,36412825779,0.15758964532871908,9051917651.16073,0.24859146351616443,0.05892177967031255,0.03458658854166667,0.079345703125
c05q2,5,Government Notices and Environment,2,135591693692,0.5868219909141426,94201254613.36317,0.6947420748895116,0.2517540491797273,0.5696614583333333,0.7771809895833333
c05q3,5,Government Notices and Environment,3,313664659415,1.3574970184783284,91546426457.30505,0.2918608255964942,0.5957641824990623,0.469970703125,0.48828125
c05q4,5,Government Notices and Environment,4,198049852057,0.8571322130420235,272273566702.97632,1.3747728860944277,0.3850643030382899,1.7049153645833333,2.567545572916667
c06q0,6,Public Policy Debates,0,805821263,0.0034874823449639433,534489920.1183772,0.6632859477156502,9.253188519587419e-05,0.004069010416666666,0.004069010416666666
c06q1,6,Public Policy Debates,1,14131588839,0.06115955093915412,3380242582.7354417,0.23919763172041447,0.013420909477312594,0.026448567708333332,0.006103515625
c06q2,6,Public Policy Debates,2,57427237664,0.24853709708234445,47703425370.18547,0.8306759529213749,0.06037080648207911,0.30721028645833337,0.4374186197916667
c06q3,6,Public Policy Debates,3,72181108296,0.312389797068721,121978741709.8683,1.6898984317289556,0.27755583931169486,0.9745279947916666,0.4536946614583333
c06q4,6,Public Policy Debates,4,58383851342,0.2526771880257824,50040424546.79892,0.8570935866096416,0.22840650352161182,0.335693359375,0.1953125
c07q0,7,Games and Gambling,0,39578004461,0.1712880984212025,5746132602.835271,0.14518500063583262,0.015083635699640689,0.04679361979166667,0.016276041666666664
c07q1,7,Games and Gambling,1,77934832336,0.33729111443107335,25114624693.64149,0.3222516035623834,0.2244789048673092,0.115966796875,0.08341471354166666
c07q2,7,Games and Gambling,2,90182392877,0.39029685294509237,72085033179.59128,0.7993249112152995,0.5499162797225033,0.286865234375,0.4903157552083333
c07q3,7,Games and Gambling,3,69945168581,0.30271296097800315,129310167015.76083,1.8487362263772829,0.48346574351497557,0.7731119791666667,0.8992513020833334
c07q4,7,Games and Gambling,4,16381862261,0.07089842132009938,17063066975.697145,1.041582861816564,0.11097049070322043,0.103759765625,0.048828125
c08q0,8,Schools and Children's Programs,0,314008466,0.0013589849655583123,989837949.2396454,3.1522651661234042,6.724907572512987e-05,0.008138020833333332,0.006103515625
c08q1,8,Schools and Children's Programs,1,5678048451,0.024573803938842412,1665202844.2661035,0.2932702773913162,0.006833558483947341,0.010172526041666668,0.010172526041666668
c08q2,8,Schools and Children's Programs,2,40671465004,0.1760204435623944,36984266353.4273,0.9093418776478776,0.04965447205005338,0.28076171875,0.22379557291666666
c08q3,8,Schools and Children's Programs,3,58438357130,0.252913081495062,74594163180.8743,1.2764589362930692,0.07522864854578538,0.52490234375,0.5940755208333333
c08q4,8,Schools and Children's Programs,4,23530350229,0.10183608296577772,8588707195.127568,0.365005497646287,0.10596117808349677,0.020345052083333336,0.03865559895833333
c09q0,9,Study Skills and Academic Writing,0,4916919913,0.02127974549138839,6151732303.085843,1.251135347317959,4.5947496454384817e-05,0.016276041666666664,0.128173828125
c09q1,9,Study Skills and Academic Writing,1,31503327914,0.13634202142874552,14314968635.64435,0.4543954427520279,0.015434786947842895,0.11189778645833333,0.08341471354166666
c09q2,9,Study Skills and Academic Writing,2,71020180045,0.3073654610713568,23786443902.80033,0.33492514223040126,0.036636235205553196,0.11800130208333333,0.30110677083333337
c09q3,9,Study Skills and Academic Writing,3,45437413086,0.1966468039678157,71918840806.43916,1.5828110784017877,0.05418294733299484,0.653076171875,0.213623046875
c09q4,9,Study Skills and Academic Writing,4,10253598214,0.044376146902044236,2550641909.371105,0.2487557885668393,0.013404397290920408,0.01220703125,0.020345052083333336
c10q0,10,Personal Wellbeing and Conduct,0,11447607230,0.04954365184914039,3055335504.7799497,0.2668973038114926,0.0054299042170018914,0.026448567708333332,0.008138020833333332
c10q1,10,Personal Wellbeing and Conduct,1,77986521009,0.33751481581846415,45639881144.82362,0.58522781314423,0.05389917575464028,0.33772786458333337,0.30924479166666663
c10q2,10,Personal Wellbeing and Conduct,2,92535349845,0.40048012343091954,101794791798.00009,1.1000638347238108,0.08703460758917976,0.7303873697916667,0.7954915364583334
c10q3,10,Personal Wellbeing and Conduct,3,49969559043,0.21626130129566445,20441761133.517887,0.4090842810105101,0.06971937371526944,0.15055338541666669,0.07731119791666666
c10q4,10,Personal Wellbeing and Conduct,4,18589120997,0.08045113012292905,5912709084.6535015,0.31807362411637013,0.02816435018346033,0.018310546875,0.07731119791666666
c11q0,11,Food and Recipes,0,7123849798,0.0308310310728298,1117040911.222815,0.15680298474799692,0.011783691780257071,0.004069010416666666,0.004069010416666666
c11q1,11,Food and Recipes,1,44857278765,0.19413606331713726,18966593040.305542,0.4228208567815369,0.12055160092796825,0.11189778645833333,0.067138671875
c11q2,11,Food and Recipes,2,104183512071,0.450891749407648,130997255529.53827,1.2573703163343637,0.2975656258713034,1.0355631510416665,0.5167643229166667
c11q3,11,Food and Recipes,3,77489113544,0.33536210549411427,36106527752.63974,0.4659561337237091,0.25446805789360444,0.14444986979166669,0.27262369791666663
c11q4,11,Food and Recipes,4,19707101099,0.08528959250505906,6809744418.025349,0.345547748693028,0.07693020496087474,0.028483072916666668,0.008138020833333332
c12q0,12,Travel and Destinations,0,9205782066,0.03984134435375491,4934784803.419474,0.5360527511991912,0.023009917245425095,0.03865559895833333,0.004069010416666666
c12q1,12,Travel and Destinations,1,65736044499,0.2844964573961939,176149653957.22095,2.679650947965094,0.3658848041079447,1.0579427083333335,1.617431640625
c12q2,12,Travel and Destinations,2,146340886002,0.6333430001317254,67919867045.99456,0.464120922741074,0.8273018712948179,0.19938151041666666,0.2197265625
c12q3,12,Travel and Destinations,3,129220574680,0.5592486739861502,218914564735.0969,1.6941153935989979,0.8576739164400229,1.2898763020833335,1.5177408854166665
c12q4,12,Travel and Destinations,4,36091063654,0.15619710360546155,18975714756.567455,0.5257732201656617,0.23488541985803957,0.056966145833333336,0.052897135416666664
c13q0,13,Command-Line Agent Transcripts,0,135733770,0.0005874368774138398,914490980.473061,6.737387316900289,2.5594310856716273e-05,0.008138020833333332,0.004069010416666666
c13q1,13,Command-Line Agent Transcripts,1,53240514881,0.23041754320682106,88440833255.70569,1.661156610776273,0.09849041034822835,0.5452473958333333,0.8931477864583334
c13q2,13,Command-Line Agent Transcripts,2,127059719825,0.5498967947259945,69555294803.57176,0.5474220697115547,0.269384445343457,0.37027994791666663,0.5900065104166667
c13q3,13,Command-Line Agent Transcripts,3,285965924857,1.2376207479152523,561443636028.0198,1.9633235544017178,0.6452087705521959,4.121907552083334,3.9143880208333335
c13q4,13,Command-Line Agent Transcripts,4,122937150666,0.5320548888120458,150608974369.10028,1.225089190315465,0.3001305223936239,0.9989420572916666,1.153564453125
c14q0,14,Software Development and Web Code,0,54409524381,0.23547685372584012,36499275715.02735,0.6708251198713479,0.08356887575139126,0.32145182291666663,0.056966145833333336
c14q1,14,Software Development and Web Code,1,535569502071,2.3178703128534135,235085464852.0109,0.43894483151664937,1.1194759197376443,1.47705078125,1.1149088541666665
c14q2,14,Software Development and Web Code,2,481055435884,2.081941016731876,203133396475.75806,0.42226608686475986,3.064964356000136,0.360107421875,0.457763671875
c14q3,14,Software Development and Web Code,3,412165290166,1.7837940479623033,403524212414.07367,0.979034921284987,2.971666186173095,2.201334635416667,1.3346354166666665
c14q4,14,Software Development and Web Code,4,72590241395,0.3141604682150629,44102655296.2727,0.6075562561679327,0.6109815788109701,0.103759765625,0.10782877604166667
c15q0,15,Clinical Treatment and Dentistry,0,6251580758,0.027055971991199874,2978580496.0002375,0.47645237441564176,0.00015960793971957205,0.018310546875,0.03458658854166667
c15q1,15,Clinical Treatment and Dentistry,1,44648775922,0.1932336920131955,47544635886.48293,1.0648586642003783,0.006936092003753895,0.38045247395833337,0.31534830729166663
c15q2,15,Clinical Treatment and Dentistry,2,103614058265,0.4484272325403417,84155438336.66405,0.812200967183727,0.01787478943861243,0.665283203125,0.5716959635416667
c15q3,15,Clinical Treatment and Dentistry,3,86559406875,0.3746170734478535,20935328690.842365,0.2418608149784918,0.01672578222239926,0.17293294270833331,0.10579427083333333
c15q4,15,Clinical Treatment and Dentistry,4,46822643439,0.20264188826456211,47273957654.5182,1.0096388025615464,0.04945550657652986,0.4048665364583333,0.18513997395833331
c16q0,16,Sports and Competition,0,11860894340,0.051332300977310855,6998514762.952117,0.5900494989952095,0.03525051691219294,0.018310546875,0.09765625
c16q1,16,Sports and Competition,1,45410531830,0.19653046563074894,25280386579.483166,0.5567075645386285,0.14568298755704548,0.1220703125,0.18107096354166669
c16q2,16,Sports and Competition,2,99231272924,0.4294591471840432,78696809784.73322,0.793064600158925,0.3324435175883359,0.5086263020833333,0.3946940104166667
c16q3,16,Sports and Competition,3,110064852336,0.4763453720417197,213849591975.4593,1.9429417060646288,0.3843600750931313,1.5401204427083335,1.3773600260416665
c16q4,16,Sports and Competition,4,36223433324,0.15676998112598647,25328303436.362175,0.6992242620906062,0.15399700793277088,0.1220703125,0.1708984375
c17q0,17,SEO and Online Business,0,66324600654,0.28704364657303544,50440375353.71724,0.7605077883069803,0.3949499122566094,0.20751953125,0.311279296875
c17q1,17,SEO and Online Business,1,153913537852,0.6661163840619451,100680450900.76233,0.6541364216939417,0.9674116740342273,0.4597981770833333,0.25431315104166663
c17q2,17,SEO and Online Business,2,253233636000,1.0959599544608016,250398355231.4065,0.9888036960121936,1.626316200484193,1.4912923177083335,0.8015950520833334
c17q3,17,SEO and Online Business,3,190734628515,0.8254729430232457,165159664013.28067,0.8659133650725199,1.2607687793318676,0.653076171875,1.1332194010416665
c17q4,17,SEO and Online Business,4,50865307701,0.22013797689822936,33799098141.614998,0.6644823292979021,0.3382439119436189,0.13631184895833331,0.11393229166666667
c18q0,18,Business Software and Strategy,0,11022710269,0.04770475690065064,4781894229.511925,0.4338220013784093,0.023339948218918896,0.0244140625,0.03662109375
c18q1,18,Business Software and Strategy,1,67075966496,0.2902954534300902,30220385201.1222,0.45053969073892297,0.18057058156785344,0.13427734375,0.238037109375
c18q2,18,Business Software and Strategy,2,113189681389,0.489869197552102,93318442417.49403,0.8244430169989233,0.3120611926420375,0.6388346354166667,0.48828125
c18q3,18,Business Software and Strategy,3,56791084377,0.24578391413846962,48674120254.99459,0.8570732675551319,0.15584047146373184,0.37434895833333337,0.15665690104166669
c18q4,18,Business Software and Strategy,4,13450703885,0.05821277556220979,16364935575.312622,1.21666016256313,0.0906481207014994,0.03865559895833333,0.22786458333333334
c19q0,19,Home Maintenance and Trades,0,9425278805,0.04079129571044882,4672082335.837733,0.49569699024279773,0.00010128149355567994,0.01220703125,0.09765625
c19q1,19,Home Maintenance and Trades,1,58524820904,0.2532872846827284,15130326458.020813,0.2585283683796237,0.006683363617887666,0.1220703125,0.091552734375
c19q2,19,Home Maintenance and Trades,2,99625123830,0.4311636791246741,33117117587.154934,0.33241732922375966,0.15610636311792764,0.20751953125,0.16072591145833331
c19q3,19,Home Maintenance and Trades,3,63685428967,0.27562167859284675,39526235423.72681,0.6206480205104403,0.11551812403651875,0.19124348958333331,0.4374186197916667
c19q4,19,Home Maintenance and Trades,4,18804288116,0.08138234348646779,8821628273.619541,0.4691285423410145,0.03903050334939667,0.03255208333333333,0.10579427083333333
c20q0,20,School Curricula and Teacher Training,0,5477723872,0.023706827023981785,3253107902.903703,0.5938794979302131,0.012115835131426236,0.020345052083333336,0.020345052083333336
c20q1,20,School Curricula and Teacher Training,1,100249166719,0.43386444995043455,50533271453.70561,0.5040767231048531,0.24714795053417854,0.25634765625,0.390625
c20q2,20,School Curricula and Teacher Training,2,132321864750,0.5726706260521346,59197498283.97903,0.44737503054255456,0.6209068324291418,0.24007161458333334,0.15665690104166669
c20q3,20,School Curricula and Teacher Training,3,78502794177,0.3397491742813763,51250945567.93293,0.6528550493677663,0.38155585287796506,0.28076171875,0.16072591145833331
c20q4,20,School Curricula and Teacher Training,4,49399445920,0.2137939309960863,40858315777.295135,0.8271006894179176,0.4711992480262857,0.152587890625,0.08341471354166666
c21q0,21,Christian Faith and Devotion,0,8235894817,0.035643807241243705,7963006259.284477,0.9668659491434685,0.05482167048254553,0.050862630208333336,0.01220703125
c21q1,21,Christian Faith and Devotion,1,59658214221,0.25819245331556157,33119302470.192223,0.5551507517054384,0.42449534478931894,0.09358723958333334,0.08748372395833334
c21q2,21,Christian Faith and Devotion,2,168390618648,0.7287711761366815,251732726615.89078,1.4949332013685825,1.239765832611957,1.5279134114583335,1.2776692708333335
c21q3,21,Christian Faith and Devotion,3,197397103526,0.8543072081903413,121493168555.4804,0.6154759435944713,1.4576385618088434,0.3662109375,0.3987630208333333
c21q4,21,Christian Faith and Devotion,4,81250050950,0.35163891948026926,58119450179.230606,0.7153158613401535,0.5948693902249812,0.213623046875,0.23193359375
c22q0,22,Application and Web Development,0,3385150,1.4650458361080369e-05,4568.725119693076,0.0013496374221801325,9.168930566858914e-08,0,0
c22q1,22,Application and Web Development,1,7277783508,0.03149723475914255,3257866788.825968,0.4476454658543778,0.02725686469381709,0.016276041666666664,0.010172526041666668
c22q2,22,Application and Web Development,2,25270050516,0.10936526383381992,19611307996.02874,0.7760692042784653,0.21030508326685535,0.08138020833333334,0.04069010416666667
c22q3,22,Application and Web Development,3,41237013556,0.1784680590335686,28356798887.3369,0.6876540380119495,0.3719016916824825,0.08951822916666666,0.03865559895833333
c22q4,22,Application and Web Development,4,13739869632,0.059464244695298187,14224589439.178003,1.0352783410731274,0.12912554412801933,0.067138671875,0.04069010416666667
c23q0,23,Consumer Devices and Vehicles,0,33442175308,0.1447330832766064,12312264917.540897,0.36816579077604356,0.06416204947429,0.07731119791666666,0.050862630208333336
c23q1,23,Consumer Devices and Vehicles,1,102698381477,0.444464310762931,119681320229.86166,1.16536715095812,0.459769081678622,0.811767578125,0.5635579427083333
c23q2,23,Consumer Devices and Vehicles,2,175099130494,0.7578046823224155,165339206194.2285,0.9442605781522944,0.9056798720245105,1.0030110677083335,0.714111328125
c23q3,23,Consumer Devices and Vehicles,3,206343248821,0.8930248807119645,102427516494.18147,0.49639383444541946,1.138233072499129,0.3926595052083333,0.24210611979166666
c23q4,23,Consumer Devices and Vehicles,4,93593312759,0.405058839771148,67907689840.13133,0.7255613444839977,0.8409825271521487,0.164794921875,0.29093424479166663
c24q0,24,"Emotions, Relationships, and Wellbeing",0,32828365718,0.14207660074557324,40958538349.92901,1.2476569410054787,0.16322547970521223,0.30721028645833337,0.10782877604166667
c24q1,24,"Emotions, Relationships, and Wellbeing",1,117693413773,0.5093607248880373,60555741044.35811,0.5145210687928077,0.7136736498207779,0.1953125,0.18310546875
c24q2,24,"Emotions, Relationships, and Wellbeing",2,206697670510,0.8945587684856107,159626636322.537,0.7722710949217702,1.2841664604841725,0.8036295572916666,0.5533854166666667
c24q3,24,"Emotions, Relationships, and Wellbeing",3,142439679042,0.6164591190258846,91321327496.64433,0.6411228115005593,0.8879790704922844,0.36824544270833337,0.34383138020833337
c24q4,24,"Emotions, Relationships, and Wellbeing",4,70691319928,0.3059422002259796,71605839399.59094,1.0129368000558256,0.44454637771753097,0.4557291666666667,0.18107096354166669
c25q0,25,Whimsical and Fan Fiction Writing,0,84131376119,0.36410889404954017,95534203100.24373,1.135535961816611,0.46355155247985835,0.5900065104166667,0.4679361979166667
c25q1,25,Whimsical and Fan Fiction Writing,1,224952417578,0.97356277475174,182235679381.6672,0.8101076722968705,1.3258033534158735,0.8870442708333334,0.9053548177083334
c25q2,25,Whimsical and Fan Fiction Writing,2,336581702471,1.456678793303968,303639280574.563,0.9021265218679695,2.016348779052255,1.4892578125,1.74560546875
c25q3,25,Whimsical and Fan Fiction Writing,3,227503317134,0.9846027132266899,187605505373.9403,0.824627560324495,1.3669133249077121,0.9806315104166666,0.7527669270833333
c25q4,25,Whimsical and Fan Fiction Writing,4,56068798843,0.24265796280967245,100051764961.00336,1.784446377051191,0.5611736389858157,0.4191080729166667,0.9053548177083334
c26q0,26,Council and Board Meeting Records,0,34223044226,0.14811257534302025,13847073530.092339,0.4046125598485599,0.0009516944941247179,0.12003580729166667,0.06917317708333334
c26q1,26,Council and Board Meeting Records,1,144128148630,0.6237665805543086,80529980114.13446,0.5587387396536105,0.006016356364400207,0.5350748697916667,0.8280436197916666
c26q2,26,Council and Board Meeting Records,2,354149874102,1.5327113965742156,78613756587.01222,0.22197877886120718,0.14103913313235136,0.640869140625,0.311279296875
c26q3,26,Council and Board Meeting Records,3,529615447748,2.2921019938900815,65367177487.48396,0.1234238498243102,0.23610943997650102,0.4048665364583333,0.4292805989583333
c26q4,26,Council and Board Meeting Records,4,676090234529,2.926024497969123,103616936254.16643,0.1532590340198471,0.31616493632429016,0.6083170572916667,0.848388671875
c27q0,27,General Knowledge and Trivia,0,108902469,0.0004713147386388626,734093141.8287923,6.740831025867672,0.0002517785922069289,0.006103515625,0.004069010416666666
c27q1,27,General Knowledge and Trivia,1,6598935732,0.02855927600523209,3156465339.119093,0.47832945603827454,0.016058230061304146,0.020345052083333336,0.01220703125
c27q2,27,General Knowledge and Trivia,2,29677828804,0.1284415151884772,13663601304.766436,0.4603976050608138,0.07498998638154221,0.08748372395833334,0.04679361979166667
c27q3,27,General Knowledge and Trivia,3,16326038816,0.07065682521459606,12189643442.0316,0.7466381514470853,0.11046021687124719,0.056966145833333336,0.03662109375
c27q4,27,General Knowledge and Trivia,4,2757740081,0.011935115497798592,7872312853.500626,2.8546246644992013,0.043273076789694054,0.052897135416666664,0.020345052083333336
c28q0,28,Performance Logs and Low-Level Code,0,5323448180,0.023039143287139144,4311921198.474421,0.8099865073683165,0.0007812509326906935,0.04069010416666667,0.01220703125
c28q1,28,Performance Logs and Low-Level Code,1,374070365939,1.6189245145129214,175843991359.24652,0.47008265655537534,0.8888886367012994,1.0782877604166665,0.8321126302083334
c28q2,28,Performance Logs and Low-Level Code,2,393727594298,1.7039982647360363,285567063759.2391,0.7252909572375625,2.405333611979344,1.3895670572916665,0.9663899739583334
c28q3,28,Performance Logs and Low-Level Code,3,534130536099,2.311642668271697,595990052220.2849,1.115813479927722,3.8022878584025186,2.699788411458333,4.225667317708334
c28q4,28,Performance Logs and Low-Level Code,4,258064765630,1.1168684115398961,795255029194.6306,3.081610258778319,1.8711821899663719,5.417887369791666,5.320231119791666
c29q0,29,"Courses, Tutoring, and School Services",0,60923658863,0.2636691217160381,56656694901.825,0.9299621191371616,0.21497527422109566,0.21158854166666666,0.7222493489583333
c29q1,29,"Courses, Tutoring, and School Services",1,84295572435,0.3648195128671999,47414398626.64536,0.562477924486561,0.31295368593774725,0.21565755208333334,0.31941731770833337
c29q2,29,"Courses, Tutoring, and School Services",2,216434266352,0.9366974010312553,227498361536.2115,1.0511198867475877,0.8358904858940949,1.46484375,1.3285319010416665
c29q3,29,"Courses, Tutoring, and School Services",3,277025556227,1.1989280759962755,217270894463.33942,0.7842991001353807,1.0500478151405048,1.1800130208333335,1.4933268229166665
c29q4,29,"Courses, Tutoring, and School Services",4,90715880563,0.3926057134475493,69284045073.99863,0.7637476993444662,0.9319331522742228,0.20751953125,0.091552734375
c30q0,30,Natural Sciences Research,0,4993751663,0.02161226261889646,1575349633.9180388,0.31546415205029366,0.0018652534227587738,0.004069010416666666,0.030517578125
c30q1,30,Natural Sciences Research,1,36262090103,0.15693728228874526,18961212280.363907,0.5228935294823291,0.22837170501009332,0.06103515625,0.050862630208333336
c30q2,30,Natural Sciences Research,2,137136974019,0.5935097492370854,113987769441.71255,0.8311964753277976,0.9328032302343862,0.4536946614583333,0.6876627604166667
c30q3,30,Natural Sciences Research,3,391990542275,1.6964805451862404,325701497304.77155,0.8308912133810527,2.8221153020210847,1.4302571614583335,1.397705078125
c30q4,30,Natural Sciences Research,4,675660118643,2.924163016239131,1029390560643.2614,1.52353310820046,4.80314596077799,4.901123046875,9.116617838541668
c31q0,31,"Fiction, Film, and Television",0,1745375031,0.007553740370776734,1273022532.9892094,0.7293690527128948,0.00043340579539990755,0.010172526041666668,0.008138020833333332
c31q1,31,"Fiction, Film, and Television",1,17092610876,0.07397444246812918,14282490368.67419,0.8355944257017198,0.005960125835004563,0.11189778645833333,0.09562174479166666
c31q2,31,"Fiction, Film, and Television",2,43488746531,0.1882132461568893,33480879105.721367,0.7698745486227169,0.017586944648875058,0.25431315104166663,0.24007161458333334
c31q3,31,"Fiction, Film, and Television",3,42286271197,0.18300910016306535,27180067188.110435,0.6427633938562719,0.027461119990097926,0.189208984375,0.22176106770833334
c31q4,31,"Fiction, Film, and Television",4,20713754607,0.08964624887272062,22767772633.003067,1.099162033391519,0.01457778732523242,0.20751953125,0.06917317708333334
c32q0,32,Software Infrastructure and Security,0,69897000600,0.30250449665589696,36448744751.60167,0.5214636456317651,0.07136505256735388,0.29703776041666663,0.13631184895833331
c32q1,32,Software Infrastructure and Security,1,370088825645,1.6016929619110543,189642149170.71005,0.512423331993872,0.45099746514738165,1.1942545572916665,1.5177408854166665
c32q2,32,Software Infrastructure and Security,2,401116079837,1.7359746024878535,370010251221.8032,0.9224518034085367,2.614165024172776,2.012125651041667,1.3936360677083335
c32q3,32,Software Infrastructure and Security,3,572169058417,2.476268102103842,604400065196.3218,1.0563312648686285,4.4502003217316455,2.74658203125,3.4403483072916665
c32q4,32,Software Infrastructure and Security,4,212401486301,0.9192440898880059,331085692181.7109,1.5587729537472268,1.687522064884455,2.028401692708333,1.5523274739583335
c33q0,33,"Racing, Sports, and Entertainment Records",0,4331212607,0.018744885736773808,1386820283.074994,0.3201921514620753,0.0003411070480690687,0.01220703125,0.006103515625
c33q1,33,"Racing, Sports, and Entertainment Records",1,58499962687,0.25317970177707005,23996955996.48207,0.41020463764867887,0.027724897911293105,0.16072591145833331,0.20751953125
c33q2,33,"Racing, Sports, and Entertainment Records",2,143327785843,0.6203027217342558,24835089380.715477,0.17327477177328068,0.07385664006372912,0.11800130208333333,0.27872721354166663
c33q3,33,"Racing, Sports, and Entertainment Records",3,173522812369,0.7509825967267614,63591258876.48498,0.3664720390841568,0.11629232791306955,0.4618326822916667,0.396728515625
c33q4,33,"Racing, Sports, and Entertainment Records",4,176266030811,0.7628548645907759,49688519473.19661,0.2818950381113124,0.20235385672405123,0.299072265625,0.3173828125
c34q0,34,"Pets, Gardening, and Pest Control",0,1291596327,0.0055898492557310145,1048558005.2888693,0.8118310522950792,0.0012456962413833848,0.008138020833333332,0.006103515625
c34q1,34,"Pets, Gardening, and Pest Control",1,14164511374,0.06130203509145423,31847852060.30534,2.248425746529062,0.07382218474434697,0.28889973958333337,0.026448567708333332
c34q2,34,"Pets, Gardening, and Pest Control",2,41182098402,0.1782303938851795,16790954776.313667,0.4077246043270641,0.21875463463870096,0.050862630208333336,0.030517578125
c34q3,34,"Pets, Gardening, and Pest Control",3,45273398286,0.195936970726157,37789648743.84502,0.8346987452790969,0.2502104723328764,0.22989908854166666,0.10172526041666667
c34q4,34,"Pets, Gardening, and Pest Control",4,22890858644,0.09906845233248117,10954360884.555077,0.47854739985589667,0.1318283040225521,0.03255208333333333,0.03662109375
c35q0,35,"Crafts, Design, and Home Decor",0,27358972188,0.11840582628310412,7277949519.19685,0.2660169201235218,0.016649323585395653,0.026448567708333332,0.10986328125
c35q1,35,"Crafts, Design, and Home Decor",1,110255950169,0.4771724168832361,97579287887.75652,0.8850251413931608,0.24826462859704407,0.6306966145833333,0.7161458333333333
c35q2,35,"Crafts, Design, and Home Decor",2,161228309539,0.6977736985151312,71982663992.74915,0.4464641736836982,0.39295825151647523,0.433349609375,0.32145182291666663
c35q3,35,"Crafts, Design, and Home Decor",3,108866262653,0.47115804260497035,36671300743.54756,0.3368472458766547,0.2715676742681261,0.15462239583333331,0.238037109375
c35q4,35,"Crafts, Design, and Home Decor",4,28723266675,0.12431030306376228,36124694179.81612,1.257680562192396,0.1075147565329539,0.27058919270833337,0.146484375
c36q0,36,Gambling and Financial Services,0,10185722594,0.04408239065947226,4919157714.199876,0.48294636623007525,0.015343917115901507,0.03865559895833333,0.014241536458333334
c36q1,36,Gambling and Financial Services,1,47308984232,0.2047467035717542,36124737170.026566,0.7635914775272566,0.07236854341080763,0.18107096354166669,0.4292805989583333
c36q2,36,Gambling and Financial Services,2,66863061548,0.2893740304279952,26173365385.94767,0.39144730707788783,0.12842009507608337,0.13834635416666669,0.18717447916666669
c36q3,36,Gambling and Financial Services,3,34279164037,0.14835545407935016,37363008176.14839,1.089962641324035,0.06846358870045222,0.25227864583333337,0.28279622395833337
c36q4,36,Gambling and Financial Services,4,13116111455,0.056764706063473336,4845553446.014326,0.369435214288847,0.026312092217819577,0.030517578125,0.018310546875
c37q0,37,"Law, Courts, and Regulation",0,16267548024,0.07040368520227679,8954242580.597256,0.5504359088036374,0.007969174439870715,0.07527669270833334,0.04069010416666667
c37q1,37,"Law, Courts, and Regulation",1,63387710123,0.27433319284558855,15454905040.918367,0.24381548112290322,0.06535472325841922,0.08748372395833334,0.10986328125
c37q2,37,"Law, Courts, and Regulation",2,154018760118,0.6665717713938776,116391467179.45801,0.7556966897427677,0.25720590578034025,0.8443196614583334,0.6673177083333333
c37q3,37,"Law, Courts, and Regulation",3,218086875830,0.9438496649913651,280467916121.12537,1.2860375712830687,0.41189548315943103,2.242024739583333,1.3529459635416665
c37q4,37,"Law, Courts, and Regulation",4,169629481466,0.7341328021001395,78572575366.81412,0.46320117639788316,0.3473013771131674,0.38045247395833337,0.7059733072916667
c38q0,38,"History, Literature, and Heritage",0,72928747665,0.31562547626894516,25885648587.72571,0.3549443726448187,0.2057907933149082,0.12003580729166667,0.12003580729166667
c38q1,38,"History, Literature, and Heritage",1,173875485292,0.7525089160843945,100782110298.46931,0.5796223092014358,0.5553239423110692,0.5147298177083333,0.68359375
c38q2,38,"History, Literature, and Heritage",2,329742921399,1.4270815000271913,325775751115.8843,0.9879688993283489,1.7723803080536626,1.9287109375,1.5482584635416665
c38q3,38,"History, Literature, and Heritage",3,378068246608,1.6362267859850135,158339355834.03757,0.41881156974870654,2.159307734908163,0.4048665364583333,0.34993489583333337
c38q4,38,"History, Literature, and Heritage",4,275247282072,1.1912319527927504,209122581604.18005,0.7597625670631587,2.1799164609110324,0.69580078125,0.970458984375
c39q0,39,Mathematics Problems and Proofs,0,3709201072,0.01605290632858534,3793065366.011188,1.022609799895795,0.03211580828005192,0.016276041666666664,0.018310546875
c39q1,39,Mathematics Problems and Proofs,1,45248850619,0.19583073183770444,30726106770.803143,0.6790472321500526,0.3877821466899308,0.08138020833333334,0.103759765625
c39q2,39,Mathematics Problems and Proofs,2,231989873489,1.004019905098119,189240428148.12024,0.8157271061104883,1.9672854719764103,0.7792154947916667,0.494384765625
c39q3,39,Mathematics Problems and Proofs,3,101070401818,0.4374186412337033,136543751271.00606,1.3509766342562266,0.9670879620160996,0.726318359375,0.5533854166666667
c39q4,39,Mathematics Problems and Proofs,4,99165829357,0.4291759165285821,71448117271.89915,0.7204912996258395,0.926282363840342,0.17903645833333331,0.23396809895833334
