id,name,store_tokens,store_pct,phase0_pct,phase1_pct,phase2_pct,delta_main_pp,delta_cool_pp,initial_vs_store
0,Geopolitics and World News,669649394730,2.8981494391724256,0.7784400243137359,2.6509602864583335,1.8046061197916665,1.8725202621445975,-0.846354166666667,0.268598994169197
1,Consumer Health and Supplements,941826308626,4.076093265555512,4.2064770017504225,3.7129720052083335,2.3193359375,-0.493504996542089,-1.3936360677083335,1.0319874271024907
2,"Arts, History, and Culture",195611113655,0.8465776924411436,1.1915204507996442,0.5940755208333334,0.54931640625,-0.5974449299663108,-0.04475911458333337,1.407455525273579
3,"Finance, Insurance, and Markets",1004993838007,4.34947354677456,5.641586127262048,2.4251302083333335,2.781168619791667,-3.2164559189287147,0.3560384114583335,1.297073327746913
4,Consumer Tech and Cybersecurity,174067517331,0.7533400040395407,0.31268976837520485,1.043701171875,0.445556640625,0.7310114034997952,-0.59814453125,0.41507123834989207
5,Government Notices and Environment,692293546133,2.9961501768802528,1.3046337620314437,2.789306640625,3.922526041666667,1.4846728785935563,1.133219401041667,0.43543670544241414
6,Public Policy Debates,202929607404,0.8782511154609659,0.5798465906778942,1.64794921875,1.0965983072916667,1.0681026280721058,-0.5513509114583333,0.6602286982277857
7,Games and Gambling,294022260516,1.2724874480954707,1.3839150545076493,1.3264973958333335,1.5380859375,-0.05741765867431581,0.21158854166666652,1.0875667627047734
8,Schools and Children's Programs,128632229280,0.5567023969276349,0.23774510623900802,0.8443196614583334,0.872802734375,0.6065745552193254,0.02848307291666663,0.4270596059062994
9,Study Skills and Academic Writing,163131439172,0.7060101788613506,0.11970431427376572,0.9114583333333333,0.7466634114583333,0.7917540190595675,-0.164794921875,0.16955040856043208
10,Personal Wellbeing and Conduct,250528158124,1.0842510225171176,0.2442474114595517,1.263427734375,1.2674967447916665,1.0191803229154484,0.004069010416666519,0.22526832475797426
11,Food and Recipes,253360855277,1.0965105417967884,0.7612991814340079,1.3244628906249998,0.8687337239583334,0.5631637091909919,-0.4557291666666664,0.6942926241151416
12,Travel and Destinations,386594350901,1.673126579473286,2.3087559289462503,2.642822265625,3.411865234375,0.33406633667874974,0.76904296875,1.379905117324157
13,Command-Line Agent Transcripts,589339043999,2.5505774115375277,1.313239742948362,6.044514973958334,6.55517578125,4.731275231009972,0.5106608072916661,0.5148793904501493
14,Software Development and Web Code,1555789993897,6.733242699488495,7.850656916473237,4.463704427083334,3.072102864583333,-3.386952489389903,-1.3916015625000009,1.1659548403133646
15,Clinical Treatment and Dentistry,287896465259,1.2459758582571527,0.09115177818101503,1.641845703125,1.2125651041666667,1.550693924943985,-0.42928059895833326,0.07315693765408617
16,Sports and Competition,302790984754,1.3104372669598092,1.0517341050834768,2.311197916666667,2.2216796875,1.2594638115831902,-0.08951822916666696,0.8025825665989192
17,SEO and Online Business,715071710722,3.0947309050172573,4.587690478050517,2.947998046875,2.614339192708333,-1.6396924311755168,-0.33365885416666696,1.4824198351503954
18,Business Software and Strategy,261530146416,1.1318660975835222,0.7624603145940411,1.2105305989583335,1.1474609375,0.4480702843642924,-0.06306966145833348,0.6736311973844397
19,Home Maintenance and Trades,250064940622,1.0822462815971658,0.31743963561528643,0.5655924479166666,0.8931477864583334,0.2481528123013802,0.32755533854166674,0.29331552439876524
20,School Curricula and Teacher Training,365950995438,1.5837850083040135,1.7329257189989975,0.9501139322916667,0.811767578125,-0.7828117867073308,-0.13834635416666674,1.094167270123797
21,Christian Faith and Devotion,514931882162,2.2285535643640975,3.7715907999176466,2.252197265625,2.008056640625,-1.5193935342926466,-0.244140625,1.6923940533571353
22,Application and Web Development,87528102362,0.37880945278019035,0.7385892754604798,0.25431315104166663,0.13020833333333334,-0.4842761244188132,-0.12410481770833329,1.9497646377083862
23,Consumer Devices and Vehicles,611176248859,2.6450857968450654,3.4088266028287,2.449544270833333,1.861572265625,-0.9592823319953672,-0.587972005208333,1.2887395209995036
24,"Emotions, Relationships, and Wellbeing",570350448971,2.4683974133710853,3.4935910382199777,2.130126953125,1.3692220052083335,-1.3634640850949777,-0.7609049479166665,1.4153276207856609
25,Whimsical and Fan Fiction Writing,929237612145,4.02161113814161,5.733790648841515,4.366048177083333,4.777018229166667,-1.3677424717581816,0.4109700520833339,1.4257446709507335
26,Council and Board Meeting Records,1738206749235,7.522717044330749,0.7002815602916674,2.3091634114583335,2.486165364583333,1.608881851166666,0.17700195312499956,0.09308891404062736
27,General Knowledge and Trivia,55469445902,0.24006404664474282,0.2450332886959945,0.22379557291666666,0.1200358072916667,-0.021237715779327843,-0.10375976562499996,1.0206996512834985
28,Performance Logs and Low-Level Code,1565316710146,6.77447300234769,8.968473547982224,10.626220703125,11.356608072916666,1.6577471551427756,0.7303873697916661,1.3238629107938293
29,"Courses, Tutoring, and School Services",729394934440,3.1567198250583184,3.345800413467666,3.2796223958333335,3.955078125,-0.06617801763433251,0.6754557291666665,1.0598978049646375
30,Natural Sciences Research,1246043476703,5.392702855570098,8.788301451466312,6.850179036458334,11.283365885416668,-1.938122415007978,4.433186848958334,1.6296654362086567
31,"Fiction, Film, and Television",125326758242,0.5423967780315812,0.06601938359460988,0.7731119791666666,0.634765625,0.7070925955720567,-0.13834635416666663,0.1217178756743387
32,Software Infrastructure and Security,1625672450800,7.035684253046653,9.274249928503615,8.278401692708332,8.040364583333332,-0.9958482357952825,-0.238037109375,1.3181731292855559
33,"Racing, Sports, and Entertainment Records",555947804317,2.406064770565637,0.42056882966021203,1.0518391927083335,1.2064615885416665,0.6312703630481215,0.15462239583333304,0.17479530676197938
34,"Pets, Gardening, and Pest Control",124802463033,0.540127701291003,0.6758612919798598,0.6103515625,0.201416015625,-0.06550972947985978,-0.408935546875,1.2512990730977673
35,"Crafts, Design, and Home Decor",436432761224,1.888820287350204,1.036954634499995,1.5157063802083335,1.5319824218749998,0.47875174570833856,0.016276041666666297,0.548995921657916
36,Gambling and Financial Services,171753043866,0.7433232848020451,0.3109082365210643,0.640869140625,0.9318033854166666,0.3299609041039357,0.29093424479166663,0.41826785582784815
37,"Law, Courts, and Regulation",621390375561,2.689291116533248,1.0897266637512286,3.6295572916666665,2.876790364583333,2.539830627915438,-0.7527669270833335,0.40520963202971866
38,"History, Literature, and Heritage",1229862683036,5.322674631158295,6.872719239498835,3.664143880208333,3.6722819010416665,-3.208575359290502,0.008138020833333481,1.2912153598994698
39,Mathematics Problems and Proofs,481184156355,2.0824981010266943,4.280553752802835,1.7822265625,1.4038085937500002,-2.4983271903028346,-0.3784179687499998,2.0554898708875053
