group,domain,domain_zh,run_name,control_run,control_removed_phase0_pct,control_removed_phase1_pct,max_remaining_renormalization_error,paloma_bpb,paloma_change_pct,gsm8k_bpb,gsm8k_change_pct,humaneval_bpb,humaneval_change_pct,controlled_config_differences,paloma_registry_matches_wandb_endpoint
proportional_domain_ablation,0,世界新闻与地缘政治,h100-d512-mix-proportional-zero-c00-seed0-from10pct-20260826-rno2a,h100-d512-mix-proportional-seed0-from10pct-20260826-rno2a,2.898042990556657,2.898042990556657,6.072054302353594e-07,1.1877182722091675,0.105075483442163,0.7906685876406254,0.9665340933485478,0.5430156811716728,1.22428333428366,,True
proportional_domain_ablation,1,消费健康与补充剂,h100-d512-mix-proportional-zero-c01-seed0-from10pct-20260826-rno2a,h100-d512-mix-proportional-seed0-from10pct-20260826-rno2a,4.075943398225192,4.075943398225192,8.644888848880919e-07,1.1876355409622192,0.09810260282361316,0.7925662903238151,1.2088662988470222,0.5407865470530917,0.8087474456653032,,True
proportional_domain_ablation,2,艺术、历史与文化,h100-d512-mix-proportional-zero-c02-seed0-from10pct-20260826-rno2a,h100-d512-mix-proportional-seed0-from10pct-20260826-rno2a,0.8465468642463642,0.8465468642463642,1.737008596210407e-07,1.1874666213989258,0.08386546761252056,0.8151088866003559,4.087503253806535,0.5373358541308852,0.16549913780179448,,True
proportional_domain_ablation,3,金融、保险与市场,h100-d512-mix-proportional-zero-c03-seed0-from10pct-20260826-rno2a,h100-d512-mix-proportional-seed0-from10pct-20260826-rno2a,4.349313602715513,4.349313602715513,9.251058733281561e-07,1.1869584321975708,0.04103349343831386,0.8172427756895042,4.35999591234737,0.5377344007689688,0.23979275254282229,,True
proportional_domain_ablation,4,消费科技与网络安全,h100-d512-mix-proportional-zero-c04-seed0-from10pct-20260826-rno2a,h100-d512-mix-proportional-seed0-from10pct-20260826-rno2a,0.7533126125626145,0.7533126125626145,1.5442514748918653e-07,1.186729907989502,0.021772669020769797,0.7951018608333864,1.5326527376944954,0.5481891974705709,2.188685464520934,,True
proportional_domain_ablation,5,政府公告与环境,h100-d512-mix-proportional-zero-c05-seed0-from10pct-20260826-rno2a,h100-d512-mix-proportional-seed0-from10pct-20260826-rno2a,2.9960401159818257,2.9960401159818257,6.28372205385082e-07,1.188066005706787,0.13438368627261,0.8021329891379626,2.4305114192908928,0.5438522949811513,1.3802376395245286,,True
proportional_domain_ablation,6,公共政策讨论,h100-d512-mix-proportional-zero-c06-seed0-from10pct-20260826-rno2a,h100-d512-mix-proportional-seed0-from10pct-20260826-rno2a,0.8782191197917433,0.8782191197917433,1.8025719043865605e-07,1.1876311302185059,0.0977308498223417,0.8149084224706068,4.061904452099729,0.53695401521339,0.09432003172296088,,True
proportional_domain_ablation,7,游戏与赌博,h100-d512-mix-proportional-zero-c07-seed0-from10pct-20260826-rno2a,h100-d512-mix-proportional-seed0-from10pct-20260826-rno2a,1.272440920973721,1.272440920973721,2.622153029171254e-07,1.1882023811340332,0.1458778871769928,0.7838753791490791,0.09905721683365343,0.5321009945141972,-0.8103380827946038,,True
proportional_domain_ablation,8,学校与儿童活动,h100-d512-mix-proportional-zero-c08-seed0-from10pct-20260826-rno2a,h100-d512-mix-proportional-seed0-from10pct-20260826-rno2a,0.5573577485088949,0.5573577485088949,1.1403028083048513e-07,1.1869962215423584,0.044218512395199916,0.7896893293770069,0.8414850975931198,0.550874870456411,2.68932537730453,,True
proportional_domain_ablation,9,学习方法与学术写作,h100-d512-mix-proportional-zero-c09-seed0-from10pct-20260826-rno2a,h100-d512-mix-proportional-seed0-from10pct-20260826-rno2a,0.7059845319499319,0.7059845319499319,1.4465415669659206e-07,1.1868348121643066,0.03061436202411727,0.7919046910182704,1.1243816109719917,0.5390312133995516,0.48153333886684635,,True
proportional_domain_ablation,10,个人健康与行为,h100-d512-mix-proportional-zero-c10-seed0-from10pct-20260826-rno2a,h100-d512-mix-proportional-seed0-from10pct-20260826-rno2a,1.0842114337428912,1.0842114337428912,2.2300118523616187e-07,1.1866176128387451,0.01230803855580831,0.7855832907144588,0.31715353935091173,0.5479700731428796,2.147838203933894,,True
proportional_domain_ablation,11,食品与食谱,h100-d512-mix-proportional-zero-c11-seed0-from10pct-20260826-rno2a,h100-d512-mix-proportional-seed0-from10pct-20260826-rno2a,1.0964705011397506,1.0964705011397506,2.2555059022220356e-07,1.187255859375,0.06610170257850267,0.7926681713837161,1.221876272518374,0.5388567672071024,0.44901458955013407,,True
proportional_domain_ablation,12,旅游与目的地,h100-d512-mix-proportional-zero-c12-seed0-from10pct-20260826-rno2a,h100-d512-mix-proportional-seed0-from10pct-20260826-rno2a,1.6730652848934504,1.6730652848934504,3.4617778392663514e-07,1.1873183250427246,0.07136652886687855,0.7929777241541772,1.2614054391515195,0.5386980123816062,0.4194208890477169,,True
proportional_domain_ablation,13,命令行Agent记录,h100-d512-mix-proportional-zero-c13-seed0-from10pct-20260826-rno2a,h100-d512-mix-proportional-seed0-from10pct-20260826-rno2a,2.5519307890339746,2.5519307890339746,5.327880299358044e-07,1.1863763332366943,-0.008027855351910862,0.7647136360065974,-2.34785268008858,0.6040623546398814,12.604075826515304,,True
proportional_domain_ablation,14,软件开发与Web代码,h100-d512-mix-proportional-zero-c14-seed0-from10pct-20260826-rno2a,h100-d512-mix-proportional-seed0-from10pct-20260826-rno2a,6.732994890295236,6.732994890295236,1.4687201712840275e-06,1.1855719089508057,-0.07582756488220266,0.8037500523613333,2.6370066204734366,0.5355499392419755,-0.16741565820529436,,True
proportional_domain_ablation,15,临床治疗与牙科,h100-d512-mix-proportional-zero-c15-seed0-from10pct-20260826-rno2a,h100-d512-mix-proportional-seed0-from10pct-20260826-rno2a,1.2459303083459676,1.2459303083459676,2.566832647469584e-07,1.186589241027832,0.009916762493533682,0.7981269090687773,1.9189443402280126,0.532031888840146,-0.8232201644226667,,True
proportional_domain_ablation,16,体育与竞赛,h100-d512-mix-proportional-zero-c16-seed0-from10pct-20260826-rno2a,h100-d512-mix-proportional-seed0-from10pct-20260826-rno2a,1.3103893410172367,1.3103893410172367,2.701392701260399e-07,1.189095377922058,0.2211427988680681,0.7922346221855122,1.1665130513333288,0.5337527335066433,-0.5024351960770668,,True
proportional_domain_ablation,17,SEO与网络商业,h100-d512-mix-proportional-zero-c17-seed0-from10pct-20260826-rno2a,h100-d512-mix-proportional-seed0-from10pct-20260826-rno2a,3.0946172104578697,3.0946172104578697,6.497074415513237e-07,1.188019037246704,0.1304250191779266,0.783157404741185,0.00737355990589883,0.5427898959134639,1.1821944006817464,,True
proportional_domain_ablation,18,商业软件与策略,h100-d512-mix-proportional-zero-c18-seed0-from10pct-20260826-rno2a,h100-d512-mix-proportional-seed0-from10pct-20260826-rno2a,1.1318247537295492,1.1318247537295492,2.32906428246257e-07,1.1860835552215576,-0.032704216734014135,0.8130652202142622,3.8265318239655066,0.5414227296267705,0.9273390947157623,,True
proportional_domain_ablation,19,家居维护与手工业,h100-d512-mix-proportional-zero-c19-seed0-from10pct-20260826-rno2a,h100-d512-mix-proportional-seed0-from10pct-20260826-rno2a,1.082206766717188,1.082206766717188,2.2258435327071987e-07,1.1859660148620605,-0.042610931849129674,0.7835614933665861,0.05897473467249004,0.5368154630103835,0.06849232924581727,,True
proportional_domain_ablation,20,学校课程与教师培训,h100-d512-mix-proportional-zero-c20-seed0-from10pct-20260826-rno2a,h100-d512-mix-proportional-seed0-from10pct-20260826-rno2a,1.5837270068321256,1.5837270068321256,3.273951294824802e-07,1.1858149766921997,-0.055340960298289055,0.7893920501996312,0.8035232401639281,0.5514171837128691,2.7904187207033804,,True
proportional_domain_ablation,21,基督教信仰与灵修,h100-d512-mix-proportional-zero-c21-seed0-from10pct-20260826-rno2a,h100-d512-mix-proportional-seed0-from10pct-20260826-rno2a,2.2284717968846457,2.2284717968846457,4.63717562843751e-07,1.1870163679122925,0.045916519346977935,0.8062090129877667,2.9510101559671487,0.5450077526319537,1.595628053984055,,True
proportional_domain_ablation,22,应用与Web开发,h100-d512-mix-proportional-zero-c22-seed0-from10pct-20260826-rno2a,h100-d512-mix-proportional-seed0-from10pct-20260826-rno2a,0.37878114119786804,0.37878114119786804,7.735623127416046e-08,1.1871747970581055,0.05926948525774023,0.8101384062276871,3.452784505835371,0.5319703149755923,-0.8346982313140572,,True
proportional_domain_ablation,23,消费设备与车辆,h100-d512-mix-proportional-zero-c23-seed0-from10pct-20260826-rno2a,h100-d512-mix-proportional-seed0-from10pct-20260826-rno2a,2.6449886760918,2.6449886760918,5.527443491930418e-07,1.1873581409454346,0.07472235325678422,0.8054417596917021,2.853033699982599,0.5477134187718001,2.099994917491288,,True
proportional_domain_ablation,24,情绪、关系与身心健康,h100-d512-mix-proportional-zero-c24-seed0-from10pct-20260826-rno2a,h100-d512-mix-proportional-seed0-from10pct-20260826-rno2a,2.468306805307402,2.468306805307402,5.148873034674039e-07,1.1891050338745117,0.2219566365195158,0.8000937890228748,2.170110321837959,0.552883622393067,3.0637795270366475,,True
proportional_domain_ablation,25,幻想与同人写作,h100-d512-mix-proportional-zero-c25-seed0-from10pct-20260826-rno2a,h100-d512-mix-proportional-seed0-from10pct-20260826-rno2a,4.0214632790088665,4.0214632790088665,8.524497523908826e-07,1.1953251361846924,0.7462087473481205,0.7951452688619559,1.5381958416763597,0.5480208798600366,2.157309152400222,,True
proportional_domain_ablation,26,议会与董事会会议记录,h100-d512-mix-proportional-zero-c26-seed0-from10pct-20260826-rno2a,h100-d512-mix-proportional-seed0-from10pct-20260826-rno2a,7.522440135310777,7.522440135310777,1.6549359279222516e-06,1.1826447248458862,-0.32254094181111137,0.789761461385667,0.8506961868224749,0.5477418820409626,2.1053007937711588,,True
proportional_domain_ablation,27,常识与问答,h100-d512-mix-proportional-zero-c27-seed0-from10pct-20260826-rno2a,h100-d512-mix-proportional-seed0-from10pct-20260826-rno2a,0.2416187069439434,0.2416187069439434,4.927651304446873e-08,1.18672776222229,0.021591816209332038,0.8037544688001053,2.6375705894015056,0.5443949643748817,1.4813973709512318,,True
proportional_domain_ablation,28,性能日志与底层代码,h100-d512-mix-proportional-zero-c28-seed0-from10pct-20260826-rno2a,h100-d512-mix-proportional-seed0-from10pct-20260826-rno2a,6.774223673415788,6.774223673415788,1.4783672380156202e-06,1.1857078075408936,-0.06437355349149243,0.7984839084035744,1.9645323224389388,0.5740695922482484,7.013084657056434,,True
proportional_domain_ablation,29,课程、辅导与学校服务,h100-d512-mix-proportional-zero-c29-seed0-from10pct-20260826-rno2a,h100-d512-mix-proportional-seed0-from10pct-20260826-rno2a,3.1566038456028567,3.1566038456028567,6.63145575180498e-07,1.1888643503189087,0.20167097950385404,0.7839795924909706,0.11236501747420302,0.5332944625107884,-0.5878621086631175,,True
proportional_domain_ablation,30,自然科学研究,h100-d512-mix-proportional-zero-c30-seed0-from10pct-20260826-rno2a,h100-d512-mix-proportional-seed0-from10pct-20260826-rno2a,5.392504458339893,5.392504458339893,1.1596415636668199e-06,1.1895751953125,0.26158349698000016,0.8314145449259335,6.169697782561734,0.5518149447782154,2.8645658957740405,,True
proportional_domain_ablation,31,小说、电影与电视,h100-d512-mix-proportional-zero-c31-seed0-from10pct-20260826-rno2a,h100-d512-mix-proportional-seed0-from10pct-20260826-rno2a,0.5423771618691577,0.5423771618691577,1.1094867635231916e-07,1.187818169593811,0.1134951865521927,0.7939852071996888,1.3900586737092047,0.5379488695035837,0.2797721577639578,,True
proportional_domain_ablation,32,软件基础设施与安全,h100-d512-mix-proportional-zero-c32-seed0-from10pct-20260826-rno2a,h100-d512-mix-proportional-seed0-from10pct-20260826-rno2a,7.035425295933444,7.035425295933444,1.5396842779070523e-06,1.1877529621124268,0.10799927056033276,0.7752006768652263,-1.0086820276275943,0.5423496379183586,1.1001253157879587,,True
proportional_domain_ablation,33,赛车、体育与娱乐记录,h100-d512-mix-proportional-zero-c33-seed0-from10pct-20260826-rno2a,h100-d512-mix-proportional-seed0-from10pct-20260826-rno2a,2.405976460067563,2.405976460067563,5.015646923432777e-07,1.1856882572174072,-0.06602132355120194,0.8139221255654511,3.935956638240423,0.5296457235147454,-1.2680284514681284,,True
proportional_domain_ablation,34,宠物、园艺与害虫防治,h100-d512-mix-proportional-zero-c34-seed0-from10pct-20260826-rno2a,h100-d512-mix-proportional-seed0-from10pct-20260826-rno2a,0.5401081687661801,0.5401081687661801,1.1048201060611878e-07,1.186579942703247,0.009133066977340398,0.8243331149442428,5.265415694146447,0.545396349987771,1.668067009638774,,True
proportional_domain_ablation,35,手工、设计与家居装饰,h100-d512-mix-proportional-zero-c35-seed0-from10pct-20260826-rno2a,h100-d512-mix-proportional-seed0-from10pct-20260826-rno2a,1.8887510423542937,1.8887510423542937,3.9166495929265967e-07,1.1874221563339233,0.08011779546450715,0.804173147967987,2.6910349424046354,0.539359653168931,0.5427582379382123,,True
proportional_domain_ablation,36,赌博与金融服务,h100-d512-mix-proportional-zero-c36-seed0-from10pct-20260826-rno2a,h100-d512-mix-proportional-seed0-from10pct-20260826-rno2a,0.7432962625388826,0.7432962625388826,1.523564717069411e-07,1.1869670152664185,0.041756904684042695,0.7801211816487904,-0.3803450457972035,0.5403241849168838,0.7225578981046255,,True
proportional_domain_ablation,37,法律、法院与监管,h100-d512-mix-proportional-zero-c37-seed0-from10pct-20260826-rno2a,h100-d512-mix-proportional-seed0-from10pct-20260826-rno2a,2.689192366382965,2.689192366382965,5.622372281828975e-07,1.1910016536712646,0.3818104270688405,0.7976117851324954,1.8531642152959105,0.5374959332245827,0.19533969692038244,,True
proportional_domain_ablation,38,历史、文学与遗产,h100-d512-mix-proportional-zero-c38-seed0-from10pct-20260826-rno2a,h100-d512-mix-proportional-seed0-from10pct-20260826-rno2a,5.32247881515091,5.32247881515091,1.14373620423865e-06,1.1894793510437012,0.2535054047360319,0.8006754010430165,2.2443808199691384,0.5454640128690886,1.6806801383332015,,True
proportional_domain_ablation,39,数学问题与证明,h100-d512-mix-proportional-zero-c39-seed0-from10pct-20260826-rno2a,h100-d512-mix-proportional-seed0-from10pct-20260826-rno2a,2.082421717115057,2.082421717115057,4.3268000533848823e-07,1.1865460872650146,0.006279611508075433,0.8415175849336403,7.45983242219439,0.5466557781425334,1.902838705553278,,True
semantic_domain_ablation,0,世界新闻与地缘政治,h100-d512-mix-semantic-zero-c00-seed0-from10pct-20260826-rno2a,h100-d512-mix-broad-technical-capped-seed0-from10pct-20260827-ceguard-use02a,3.047074267266348,2.679698243411656,3.469446951953614e-18,1.191622018814087,0.17039704997852123,0.7632301178044416,1.801995560360159,0.5229008327074616,-4.323578548941809,,True
semantic_domain_ablation,1,消费健康与补充剂,h100-d512-mix-semantic-zero-c01-seed0-from10pct-20260826-rno2a,h100-d512-mix-broad-technical-capped-seed0-from10pct-20260827-ceguard-use02a,3.9376131725623007,3.080524013995203,6.938893903907228e-18,1.1901466846466064,0.046377178740342195,0.7407817141521804,-1.1922420039522819,0.5314501452576746,-2.7592902948272435,,True
semantic_domain_ablation,2,艺术、历史与文化,h100-d512-mix-semantic-zero-c02-seed0-from10pct-20260826-rno2a,h100-d512-mix-broad-technical-capped-seed0-from10pct-20260827-ceguard-use02a,1.0447181110420096,1.3519849819406153,6.938893903907228e-18,1.1911067962646484,0.1270862966259445,0.7543949182355668,0.6235292940224513,0.5216017827202722,-4.561268845621546,,True
semantic_domain_ablation,3,金融、保险与市场,h100-d512-mix-semantic-zero-c03-seed0-from10pct-20260826-rno2a,h100-d512-mix-broad-technical-capped-seed0-from10pct-20260827-ceguard-use02a,3.246211099539891,4.171953852929779,6.938893903907228e-18,1.1906229257583618,0.08641106574716062,0.7560441503656767,0.8435089804510021,0.5320066270079437,-2.6574694922232744,,True
semantic_domain_ablation,4,消费科技与网络安全,h100-d512-mix-semantic-zero-c04-seed0-from10pct-20260826-rno2a,h100-d512-mix-broad-technical-capped-seed0-from10pct-20260827-ceguard-use02a,0.23049647314496746,0.12815225881227169,6.938893903907228e-18,1.1897921562194824,0.01657473069069937,0.7550413056126789,0.7097464431626621,0.527405705438849,-3.4993111638624397,,True
semantic_domain_ablation,5,政府公告与环境,h100-d512-mix-semantic-zero-c05-seed0-from10pct-20260826-rno2a,h100-d512-mix-broad-technical-capped-seed0-from10pct-20260827-ceguard-use02a,2.7356557476985754,2.687323396746394,6.938893903907228e-18,1.1914474964141846,0.1557263089076777,0.7688766336725009,2.5551453246609457,0.5354092300674692,-2.0348870368307126,,True
semantic_domain_ablation,6,公共政策讨论,h100-d512-mix-semantic-zero-c06-seed0-from10pct-20260826-rno2a,h100-d512-mix-broad-technical-capped-seed0-from10pct-20260827-ceguard-use02a,0.2774223830452144,0.15949514648184537,6.938893903907228e-18,1.1903343200683594,0.06215022959108474,0.7385632836284699,-1.4881431339750506,0.5240150522609771,-4.119707120703331,,True
semantic_domain_ablation,7,游戏与赌博,h100-d512-mix-semantic-zero-c07-seed0-from10pct-20260826-rno2a,h100-d512-mix-broad-technical-capped-seed0-from10pct-20260827-ceguard-use02a,1.359473936576658,0.9525765548224423,6.938893903907228e-18,1.1918978691101074,0.19358563934868123,0.7601280360229801,1.388230290388015,0.5179373220573308,-5.23176401573453,,True
semantic_domain_ablation,8,学校与儿童活动,h100-d512-mix-semantic-zero-c08-seed0-from10pct-20260826-rno2a,h100-d512-mix-broad-technical-capped-seed0-from10pct-20260827-ceguard-use02a,0.6082052016115038,1.4666010881039309,6.938893903907228e-18,1.190610408782959,0.08535886095724088,0.7653200157532543,2.0807526176925606,0.5331671153739779,-2.445132148213236,,True
semantic_domain_ablation,9,学习方法与学术写作,h100-d512-mix-semantic-zero-c09-seed0-from10pct-20260826-rno2a,h100-d512-mix-broad-technical-capped-seed0-from10pct-20260827-ceguard-use02a,0.5542603101341427,2.0496532167646153,6.938893903907228e-18,1.1891913414001465,-0.03393109922531501,0.7511932434786779,0.19648000471488292,0.5227903184206003,-4.343799613481625,,True
semantic_domain_ablation,10,个人健康与行为,h100-d512-mix-semantic-zero-c10-seed0-from10pct-20260826-rno2a,h100-d512-mix-broad-technical-capped-seed0-from10pct-20260827-ceguard-use02a,0.5256089353163824,0.8689820430987107,6.938893903907228e-18,1.1906535625457764,0.08898646223296502,0.744188368477355,-0.7378519053477528,0.51798617175613,-5.222825869000525,,True
semantic_domain_ablation,11,食品与食谱,h100-d512-mix-semantic-zero-c11-seed0-from10pct-20260826-rno2a,h100-d512-mix-broad-technical-capped-seed0-from10pct-20260827-ceguard-use02a,0.7845020239714019,0.6002557821091763,3.469446951953614e-18,1.1909446716308594,0.11345773934703374,0.7613458804099442,1.5506701443491977,0.5209420886820957,-4.681974648476228,,True
semantic_domain_ablation,12,旅游与目的地,h100-d512-mix-semantic-zero-c12-seed0-from10pct-20260826-rno2a,h100-d512-mix-broad-technical-capped-seed0-from10pct-20260827-ceguard-use02a,1.5814549678646452,1.399685466026416,3.469446951953614e-18,1.1912741661071777,0.14115577781683708,0.7620546462558773,1.6452075267425759,0.5282273107851932,-3.3489800600157382,,True
semantic_domain_ablation,13,命令行Agent记录,h100-d512-mix-semantic-zero-c13-seed0-from10pct-20260826-rno2a,h100-d512-mix-broad-technical-capped-seed0-from10pct-20260827-ceguard-use02a,3.2746550003601738,2.6149300482663556,6.938893903907228e-18,1.1885308027267456,-0.08945744913892995,0.7612340883681854,1.535758975786372,0.5867333930064039,7.35601834487003,,True
semantic_domain_ablation,14,软件开发与Web代码,h100-d512-mix-semantic-zero-c14-seed0-from10pct-20260826-rno2a,h100-d512-mix-broad-technical-capped-seed0-from10pct-20260827-ceguard-use02a,9.109290243191287,6.858963873570074,6.938893903907228e-18,1.1890416145324707,-0.04651747271232631,0.7567830359385099,0.9420638252487512,0.5269717271395902,-3.578717215762406,,True
semantic_domain_ablation,15,临床治疗与牙科,h100-d512-mix-semantic-zero-c15-seed0-from10pct-20260826-rno2a,h100-d512-mix-broad-technical-capped-seed0-from10pct-20260827-ceguard-use02a,0.3536817661462659,0.13562629388645986,6.938893903907228e-18,1.1897642612457275,0.01422981715888394,0.7499077457758163,0.025016342070083297,0.5272709928661556,-3.5239598468890687,,True
semantic_domain_ablation,16,体育与竞赛,h100-d512-mix-semantic-zero-c16-seed0-from10pct-20260826-rno2a,h100-d512-mix-broad-technical-capped-seed0-from10pct-20260827-ceguard-use02a,1.1969403727007304,1.1309196675023478,6.938893903907228e-18,1.1930484771728516,0.29030831203704643,0.7496716585513956,-0.006473702690557026,0.5181596044058003,-5.191092480477677,,True
semantic_domain_ablation,17,SEO与网络商业,h100-d512-mix-semantic-zero-c17-seed0-from10pct-20260826-rno2a,h100-d512-mix-broad-technical-capped-seed0-from10pct-20260827-ceguard-use02a,2.6560658093093643,2.457018990174172,6.938893903907228e-18,1.1918835639953613,0.1923831195887793,0.7845208386940719,4.64181781438493,0.538920695369855,-1.3923857953576757,,True
semantic_domain_ablation,18,商业软件与策略,h100-d512-mix-semantic-zero-c18-seed0-from10pct-20260826-rno2a,h100-d512-mix-broad-technical-capped-seed0-from10pct-20260827-ceguard-use02a,1.3281487481837437,1.7758983108434858,6.938893903907228e-18,1.1895756721496582,-0.0016234016758764902,0.7361239766263484,-1.8135054523734317,0.5203475334363146,-4.790761850012615,,True
semantic_domain_ablation,19,家居维护与手工业,h100-d512-mix-semantic-zero-c19-seed0-from10pct-20260826-rno2a,h100-d512-mix-broad-technical-capped-seed0-from10pct-20260827-ceguard-use02a,0.8532399042569232,0.6257452296434126,6.938893903907228e-18,1.1897263526916504,0.011043139795119394,0.7548551945705273,0.6849223762857459,0.5273869402352952,-3.5027446782336713,,True
semantic_domain_ablation,20,学校课程与教师培训,h100-d512-mix-semantic-zero-c20-seed0-from10pct-20260826-rno2a,h100-d512-mix-broad-technical-capped-seed0-from10pct-20260827-ceguard-use02a,1.3214652034548813,1.8250597293201725,6.938893903907228e-18,1.1898128986358643,0.018318384342541627,0.7555183793981147,0.7733800213639563,0.5197897285810743,-4.892824744311486,,True
semantic_domain_ablation,21,基督教信仰与灵修,h100-d512-mix-semantic-zero-c21-seed0-from10pct-20260826-rno2a,h100-d512-mix-broad-technical-capped-seed0-from10pct-20260827-ceguard-use02a,1.5932771820853495,2.6006828108579345,6.938893903907228e-18,1.1894192695617676,-0.014770951050835368,0.7673565795229977,2.3523957971339327,0.5237503617838706,-4.168138173127933,,True
semantic_domain_ablation,22,应用与Web开发,h100-d512-mix-semantic-zero-c22-seed0-from10pct-20260826-rno2a,h100-d512-mix-broad-technical-capped-seed0-from10pct-20260827-ceguard-use02a,0.38734340089854896,0.6269388512496071,6.938893903907228e-18,1.190321683883667,0.061088003803178026,0.7597852791643185,1.3425123196348032,0.5129291595819725,-6.148119534249885,,True
semantic_domain_ablation,23,消费设备与车辆,h100-d512-mix-semantic-zero-c23-seed0-from10pct-20260826-rno2a,h100-d512-mix-broad-technical-capped-seed0-from10pct-20260827-ceguard-use02a,2.213378464746398,2.6305992652086605,6.938893903907228e-18,1.1910427808761597,0.12170502070036893,0.7540587463392514,0.5786896459295976,0.5299144209014232,-3.0402854693435843,,True
semantic_domain_ablation,24,情绪、关系与身心健康,h100-d512-mix-semantic-zero-c24-seed0-from10pct-20260826-rno2a,h100-d512-mix-broad-technical-capped-seed0-from10pct-20260827-ceguard-use02a,1.6313050939405105,3.9414627618296483,6.938893903907228e-18,1.193284511566162,0.3101498880754727,0.7459755871668291,-0.49946714451752916,0.535401082474467,-2.0363778214941286,,True
semantic_domain_ablation,25,幻想与同人写作,h100-d512-mix-semantic-zero-c25-seed0-from10pct-20260826-rno2a,h100-d512-mix-broad-technical-capped-seed0-from10pct-20260827-ceguard-use02a,3.8013152495655853,3.257164412583464,3.469446951953614e-18,1.1968350410461426,0.6086152924838606,0.7660688206326126,2.1806305302981333,0.5242076742291236,-4.084462616483108,,True
semantic_domain_ablation,26,议会与董事会会议记录,h100-d512-mix-semantic-zero-c26-seed0-from10pct-20260826-rno2a,h100-d512-mix-broad-technical-capped-seed0-from10pct-20260827-ceguard-use02a,4.596873073180242,3.855510077212422,6.938893903907228e-18,1.1881341934204102,-0.12279730948229206,0.7605332384049879,1.442277438334516,0.5318760657894911,-2.6813585919922556,,True
semantic_domain_ablation,27,常识与问答,h100-d512-mix-semantic-zero-c27-seed0-from10pct-20260826-rno2a,h100-d512-mix-broad-technical-capped-seed0-from10pct-20260827-ceguard-use02a,0.26653329117246555,0.5582536762405309,6.938893903907228e-18,1.1906919479370117,0.09221322358869966,0.7758641918910725,3.487167468639085,0.5188627064902104,-5.062444203130667,,True
semantic_domain_ablation,28,性能日志与底层代码,h100-d512-mix-semantic-zero-c28-seed0-from10pct-20260826-rno2a,h100-d512-mix-broad-technical-capped-seed0-from10pct-20260827-ceguard-use02a,9.55310975902266,8.380732271464849,3.469446951953614e-18,1.1880757808685303,-0.12770759850190272,0.7727915131589256,3.077324068396603,0.5566880546163526,1.8585506059834334,,True
semantic_domain_ablation,29,课程、辅导与学校服务,h100-d512-mix-semantic-zero-c29-seed0-from10pct-20260826-rno2a,h100-d512-mix-broad-technical-capped-seed0-from10pct-20260827-ceguard-use02a,2.814955546778807,2.523175221377044,6.938893903907228e-18,1.1916301250457764,0.17107847784247898,0.7690923420059725,2.5839171698674557,0.5220305492525177,-4.482816403251522,,True
semantic_domain_ablation,30,自然科学研究,h100-d512-mix-semantic-zero-c30-seed0-from10pct-20260826-rno2a,h100-d512-mix-broad-technical-capped-seed0-from10pct-20260827-ceguard-use02a,7.667801427329646,7.26035272262214,3.469446951953614e-18,1.1921255588531494,0.21272574552717582,0.7483357319799467,-0.18466372392141883,0.5216609240695936,-4.550447610869335,,True
semantic_domain_ablation,31,小说、电影与电视,h100-d512-mix-semantic-zero-c31-seed0-from10pct-20260826-rno2a,h100-d512-mix-broad-technical-capped-seed0-from10pct-20260827-ceguard-use02a,0.3539580898537838,0.32496631992792246,6.938893903907228e-18,1.1906574964523315,0.08931715516693473,0.7512885780147016,0.2091960202213805,0.5346209599990193,-2.1791187048044836,,True
semantic_domain_ablation,32,软件基础设施与安全,h100-d512-mix-semantic-zero-c32-seed0-from10pct-20260826-rno2a,h100-d512-mix-broad-technical-capped-seed0-from10pct-20260827-ceguard-use02a,10.295117528484,9.508873010455597,3.469446951953614e-18,1.1904529333114624,0.07212112260028825,0.7480625295022787,-0.2211043160440851,0.5343771498174256,-2.2237292394013286,,True
semantic_domain_ablation,33,赛车、体育与娱乐记录,h100-d512-mix-semantic-zero-c33-seed0-from10pct-20260826-rno2a,h100-d512-mix-broad-technical-capped-seed0-from10pct-20260827-ceguard-use02a,1.4216505014180179,0.935568928543657,3.469446951953614e-18,1.190417766571045,0.06916492819053488,0.7726144096149703,3.053701449510293,0.5350846966314419,-2.0942676992013243,,True
semantic_domain_ablation,34,宠物、园艺与害虫防治,h100-d512-mix-semantic-zero-c34-seed0-from10pct-20260826-rno2a,h100-d512-mix-broad-technical-capped-seed0-from10pct-20260827-ceguard-use02a,0.39073292977746843,0.3395074022403338,6.938893903907228e-18,1.1911234855651855,0.1284892363458301,0.7580907041325289,1.1164846566290576,0.5260480181585091,-3.7477304669260025,,True
semantic_domain_ablation,35,手工、设计与家居装饰,h100-d512-mix-semantic-zero-c35-seed0-from10pct-20260826-rno2a,h100-d512-mix-broad-technical-capped-seed0-from10pct-20260827-ceguard-use02a,1.5193894669408758,1.361160728882775,6.938893903907228e-18,1.1906487941741943,0.08858562231299771,0.7634247110074107,1.8279510041019797,0.5177800859472431,-5.260533884503305,,True
semantic_domain_ablation,36,赌博与金融服务,h100-d512-mix-semantic-zero-c36-seed0-from10pct-20260826-rno2a,h100-d512-mix-broad-technical-capped-seed0-from10pct-20260827-ceguard-use02a,0.7916631761822587,1.1612320717682094,6.938893903907228e-18,1.190523624420166,0.0780635744138225,0.7443250480977411,-0.7196211545123843,0.5130902342112093,-6.118647322411674,,True
semantic_domain_ablation,37,法律、法院与监管,h100-d512-mix-semantic-zero-c37-seed0-from10pct-20260826-rno2a,h100-d512-mix-broad-technical-capped-seed0-from10pct-20260827-ceguard-use02a,2.420169581411535,2.5174556049003156,6.938893903907228e-18,1.1941537857055664,0.3832230054857,0.762320038434624,1.680606357019676,0.5273736106957817,-3.5051836160981176,,True
semantic_domain_ablation,38,历史、文学与遗产,h100-d512-mix-semantic-zero-c38-seed0-from10pct-20260826-rno2a,h100-d512-mix-broad-technical-capped-seed0-from10pct-20260827-ceguard-use02a,4.554720176512975,3.9881533279927757,6.938893903907228e-18,1.1926085948944092,0.2533308294199621,0.7474288611879647,-0.3056249572185976,0.5273587120225566,-3.5079096621270955,,True
semantic_domain_ablation,39,数学问题与证明,h100-d512-mix-semantic-zero-c39-seed0-from10pct-20260826-rno2a,h100-d512-mix-broad-technical-capped-seed0-from10pct-20260827-ceguard-use02a,3.7005223833214536,5.20716234619258,6.938893903907228e-18,1.188783884048462,-0.06818287038661275,0.8915284816907179,18.914828461038113,0.5353047222720269,-2.054009079207064,,True
