run_name,group,run_seed,max_seq_len,train_batch_size,num_train_steps,phase_steps,last_restore_path,max_phase_weight_error,paloma_registry_minus_wandb,controlled_config_sha256
h100-d512-mix-baseline-seed0-from10pct-20260826-rno2a,core_design,0,4096,1024,3930,0;384;3120,s3://marin-us-east-02a/marin/grug/h100-ladder-d512-ep8-bs1024-791tpp-10pct-20260826-rno2a/2026.08.26/checkpoints/step-393,1.0881882858492625e-08,0.0,f32a9e6a8dfb0c469559b8bdf472f7b83e98c575822db549f008cdd5f90584a0
h100-d512-mix-baseline-seed1-from10pct-20260826-rno2a,core_design,0,4096,1024,3930,0;384;3120,s3://marin-us-east-02a/marin/grug/h100-ladder-d512-ep8-bs1024-791tpp-10pct-20260826-rno2a/2026.08.26/checkpoints/step-393,1.0881882858492625e-08,0.0,5651702c4e7fc15fb4c898ef62eab628e5cd9a7e6c1e2e3aeff2e8fcd666c8d6
h100-d512-mix-baseline-seed2-from10pct-20260826-rno2a,core_design,0,4096,1024,3930,0;384;3120,s3://marin-us-east-02a/marin/grug/h100-ladder-d512-ep8-bs1024-791tpp-10pct-20260826-rno2a/2026.08.26/checkpoints/step-393,1.0881882858492625e-08,0.0,6cf995ef3a8b801a9d84efd0645740b6d16311b820447b12c50d21c422f19b1c
h100-d512-mix-broad-technical-capped-seed0-from10pct-20260827-ceguard-use02a,core_design,0,4096,1024,3930,0;384;3120,s3://marin-us-east-02a/marin/grug/h100-ladder-d512-ep8-bs1024-791tpp-10pct-20260826-rno2a/2026.08.26/checkpoints/step-393,3.469446951953614e-18,0.0,f32a9e6a8dfb0c469559b8bdf472f7b83e98c575822db549f008cdd5f90584a0
h100-d512-mix-math-q4-4x-seed0-from10pct-20260826-rno2a,core_design,0,4096,1024,3930,0;384;3120,s3://marin-us-east-02a/marin/grug/h100-ladder-d512-ep8-bs1024-791tpp-10pct-20260826-rno2a/2026.08.26/checkpoints/step-393,1.0773902182962344e-08,0.0,f32a9e6a8dfb0c469559b8bdf472f7b83e98c575822db549f008cdd5f90584a0
h100-d512-mix-math-q4-6x-seed0-from10pct-20260826-rno2a,core_design,0,4096,1024,3930,0;384;3120,s3://marin-us-east-02a/marin/grug/h100-ladder-d512-ep8-bs1024-791tpp-10pct-20260826-rno2a/2026.08.26/checkpoints/step-393,1.0642729273566786e-08,0.0,f32a9e6a8dfb0c469559b8bdf472f7b83e98c575822db549f008cdd5f90584a0
h100-d512-mix-math-q4-8x-seed0-from10pct-20260826-rno2a,core_design,0,4096,1024,3930,0;384;3120,s3://marin-us-east-02a/marin/grug/h100-ladder-d512-ep8-bs1024-791tpp-10pct-20260826-rno2a/2026.08.26/checkpoints/step-393,1.0511556364171229e-08,-2.220446049250313e-16,f32a9e6a8dfb0c469559b8bdf472f7b83e98c575822db549f008cdd5f90584a0
h100-d512-mix-r-soft-pre-high-seed0-from10pct-20260826-rno2a,core_design,0,4096,1024,3930,0;384;3120,s3://marin-us-east-02a/marin/grug/h100-ladder-d512-ep8-bs1024-791tpp-10pct-20260826-rno2a/2026.08.26/checkpoints/step-393,1.0881882858492625e-08,0.0,f32a9e6a8dfb0c469559b8bdf472f7b83e98c575822db549f008cdd5f90584a0
h100-d512-mix-r-soft-pre-low-seed0-from10pct-20260827-ceguard-use02a,core_design,0,4096,1024,3930,0;384;3120,s3://marin-us-east-02a/marin/grug/h100-ladder-d512-ep8-bs1024-791tpp-10pct-20260826-rno2a/2026.08.26/checkpoints/step-393,3.469446951953614e-18,0.0,f32a9e6a8dfb0c469559b8bdf472f7b83e98c575822db549f008cdd5f90584a0
h100-d512-mix-r-stem-cool-high-seed0-from10pct-20260826-rno2a,core_design,0,4096,1024,3930,0;384;3120,s3://marin-us-east-02a/marin/grug/h100-ladder-d512-ep8-bs1024-791tpp-10pct-20260826-rno2a/2026.08.26/checkpoints/step-393,1.0881882858492625e-08,0.0,f32a9e6a8dfb0c469559b8bdf472f7b83e98c575822db549f008cdd5f90584a0
h100-d512-mix-r-stem-cool-low-seed0-from10pct-20260826-rno2a,core_design,0,4096,1024,3930,0;384;3120,s3://marin-us-east-02a/marin/grug/h100-ladder-d512-ep8-bs1024-791tpp-10pct-20260826-rno2a/2026.08.26/checkpoints/step-393,1.0881882858492625e-08,0.0,f32a9e6a8dfb0c469559b8bdf472f7b83e98c575822db549f008cdd5f90584a0
h100-d512-mix-r-stem-high-pre-swap-seed0-from10pct-20260826-rno2a,core_design,0,4096,1024,3930,0;384;3120,s3://marin-us-east-02a/marin/grug/h100-ladder-d512-ep8-bs1024-791tpp-10pct-20260826-rno2a/2026.08.26/checkpoints/step-393,1.0881882858492625e-08,0.0,f32a9e6a8dfb0c469559b8bdf472f7b83e98c575822db549f008cdd5f90584a0
h100-d512-mix-r-stem-high-pre-swap-seed1-from10pct-20260826-rno2a,core_design,0,4096,1024,3930,0;384;3120,s3://marin-us-east-02a/marin/grug/h100-ladder-d512-ep8-bs1024-791tpp-10pct-20260826-rno2a/2026.08.26/checkpoints/step-393,1.0881882858492625e-08,0.0,5651702c4e7fc15fb4c898ef62eab628e5cd9a7e6c1e2e3aeff2e8fcd666c8d6
h100-d512-mix-r-stem-low-pre-swap-seed0-from10pct-20260826-rno2a,core_design,0,4096,1024,3930,0;384;3120,s3://marin-us-east-02a/marin/grug/h100-ladder-d512-ep8-bs1024-791tpp-10pct-20260826-rno2a/2026.08.26/checkpoints/step-393,1.0881882858492625e-08,-2.220446049250313e-16,f32a9e6a8dfb0c469559b8bdf472f7b83e98c575822db549f008cdd5f90584a0
h100-d512-mix-r-stem-low-pre-swap-seed1-from10pct-20260826-rno2a,core_design,0,4096,1024,3930,0;384;3120,s3://marin-us-east-02a/marin/grug/h100-ladder-d512-ep8-bs1024-791tpp-10pct-20260826-rno2a/2026.08.26/checkpoints/step-393,1.0881882858492625e-08,0.0,5651702c4e7fc15fb4c898ef62eab628e5cd9a7e6c1e2e3aeff2e8fcd666c8d6
h100-d512-mix-r-stem-pre-high-seed0-from10pct-20260826-rno2a,core_design,0,4096,1024,3930,0;384;3120,s3://marin-us-east-02a/marin/grug/h100-ladder-d512-ep8-bs1024-791tpp-10pct-20260826-rno2a/2026.08.26/checkpoints/step-393,1.0881882858492625e-08,0.0,f32a9e6a8dfb0c469559b8bdf472f7b83e98c575822db549f008cdd5f90584a0
h100-d512-mix-r-stem-pre-low-seed0-from10pct-20260826-rno2a,core_design,0,4096,1024,3930,0;384;3120,s3://marin-us-east-02a/marin/grug/h100-ladder-d512-ep8-bs1024-791tpp-10pct-20260826-rno2a/2026.08.26/checkpoints/step-393,1.0881882858492625e-08,0.0,f32a9e6a8dfb0c469559b8bdf472f7b83e98c575822db549f008cdd5f90584a0
h100-d512-mix-u-math-cool-high-seed0-from10pct-20260826-rno2a,core_design,0,4096,1024,3930,0;384;3120,s3://marin-us-east-02a/marin/grug/h100-ladder-d512-ep8-bs1024-791tpp-10pct-20260826-rno2a/2026.08.26/checkpoints/step-393,1.0881882858492625e-08,0.0,f32a9e6a8dfb0c469559b8bdf472f7b83e98c575822db549f008cdd5f90584a0
h100-d512-mix-u-math-cool-low-seed0-from10pct-20260826-rno2a,core_design,0,4096,1024,3930,0;384;3120,s3://marin-us-east-02a/marin/grug/h100-ladder-d512-ep8-bs1024-791tpp-10pct-20260826-rno2a/2026.08.26/checkpoints/step-393,1.0881882858492625e-08,0.0,f32a9e6a8dfb0c469559b8bdf472f7b83e98c575822db549f008cdd5f90584a0
h100-d512-mix-u-math-high-pre-swap-seed0-from10pct-20260826-rno2a,core_design,0,4096,1024,3930,0;384;3120,s3://marin-us-east-02a/marin/grug/h100-ladder-d512-ep8-bs1024-791tpp-10pct-20260826-rno2a/2026.08.26/checkpoints/step-393,1.0881882858492625e-08,0.0,f32a9e6a8dfb0c469559b8bdf472f7b83e98c575822db549f008cdd5f90584a0
h100-d512-mix-u-math-high-pre-swap-seed1-from10pct-20260826-rno2a,core_design,0,4096,1024,3930,0;384;3120,s3://marin-us-east-02a/marin/grug/h100-ladder-d512-ep8-bs1024-791tpp-10pct-20260826-rno2a/2026.08.26/checkpoints/step-393,1.0881882858492625e-08,0.0,5651702c4e7fc15fb4c898ef62eab628e5cd9a7e6c1e2e3aeff2e8fcd666c8d6
h100-d512-mix-u-math-low-pre-swap-seed0-from10pct-20260826-rno2a,core_design,0,4096,1024,3930,0;384;3120,s3://marin-us-east-02a/marin/grug/h100-ladder-d512-ep8-bs1024-791tpp-10pct-20260826-rno2a/2026.08.26/checkpoints/step-393,1.0881882858492625e-08,0.0,f32a9e6a8dfb0c469559b8bdf472f7b83e98c575822db549f008cdd5f90584a0
h100-d512-mix-u-math-low-pre-swap-seed1-from10pct-20260826-rno2a,core_design,0,4096,1024,3930,0;384;3120,s3://marin-us-east-02a/marin/grug/h100-ladder-d512-ep8-bs1024-791tpp-10pct-20260826-rno2a/2026.08.26/checkpoints/step-393,1.0881882858492625e-08,0.0,5651702c4e7fc15fb4c898ef62eab628e5cd9a7e6c1e2e3aeff2e8fcd666c8d6
h100-d512-mix-u-math-pre-high-seed0-from10pct-20260826-rno2a,core_design,0,4096,1024,3930,0;384;3120,s3://marin-us-east-02a/marin/grug/h100-ladder-d512-ep8-bs1024-791tpp-10pct-20260826-rno2a/2026.08.26/checkpoints/step-393,1.0881882858492625e-08,0.0,f32a9e6a8dfb0c469559b8bdf472f7b83e98c575822db549f008cdd5f90584a0
h100-d512-mix-u-math-pre-low-seed0-from10pct-20260826-rno2a,core_design,0,4096,1024,3930,0;384;3120,s3://marin-us-east-02a/marin/grug/h100-ladder-d512-ep8-bs1024-791tpp-10pct-20260826-rno2a/2026.08.26/checkpoints/step-393,1.0881882858492625e-08,0.0,f32a9e6a8dfb0c469559b8bdf472f7b83e98c575822db549f008cdd5f90584a0
h100-d512-mix-semantic-zero-c00-seed0-from10pct-20260826-rno2a,semantic_domain_ablation,0,4096,1024,3930,0;384;3120,s3://marin-us-east-02a/marin/grug/h100-ladder-d512-ep8-bs1024-791tpp-10pct-20260826-rno2a/2026.08.26/checkpoints/step-393,3.469446951953614e-18,0.0,44c3e5788858cd952d097c9a7c8d818fc98bc57b1b9e2b9d7df421b5b9f3cc5f
h100-d512-mix-semantic-zero-c01-seed0-from10pct-20260826-rno2a,semantic_domain_ablation,0,4096,1024,3930,0;384;3120,s3://marin-us-east-02a/marin/grug/h100-ladder-d512-ep8-bs1024-791tpp-10pct-20260826-rno2a/2026.08.26/checkpoints/step-393,1.734723475976807e-18,0.0,f32a9e6a8dfb0c469559b8bdf472f7b83e98c575822db549f008cdd5f90584a0
h100-d512-mix-semantic-zero-c02-seed0-from10pct-20260826-rno2a,semantic_domain_ablation,0,4096,1024,3930,0;384;3120,s3://marin-us-east-02a/marin/grug/h100-ladder-d512-ep8-bs1024-791tpp-10pct-20260826-rno2a/2026.08.26/checkpoints/step-393,6.938893903907228e-18,0.0,f32a9e6a8dfb0c469559b8bdf472f7b83e98c575822db549f008cdd5f90584a0
h100-d512-mix-semantic-zero-c03-seed0-from10pct-20260826-rno2a,semantic_domain_ablation,0,4096,1024,3930,0;384;3120,s3://marin-us-east-02a/marin/grug/h100-ladder-d512-ep8-bs1024-791tpp-10pct-20260826-rno2a/2026.08.26/checkpoints/step-393,3.469446951953614e-18,0.0,f32a9e6a8dfb0c469559b8bdf472f7b83e98c575822db549f008cdd5f90584a0
h100-d512-mix-semantic-zero-c04-seed0-from10pct-20260826-rno2a,semantic_domain_ablation,0,4096,1024,3930,0;384;3120,s3://marin-us-east-02a/marin/grug/h100-ladder-d512-ep8-bs1024-791tpp-10pct-20260826-rno2a/2026.08.26/checkpoints/step-393,6.938893903907228e-18,0.0,f32a9e6a8dfb0c469559b8bdf472f7b83e98c575822db549f008cdd5f90584a0
h100-d512-mix-semantic-zero-c05-seed0-from10pct-20260826-rno2a,semantic_domain_ablation,0,4096,1024,3930,0;384;3120,s3://marin-us-east-02a/marin/grug/h100-ladder-d512-ep8-bs1024-791tpp-10pct-20260826-rno2a/2026.08.26/checkpoints/step-393,3.469446951953614e-18,0.0,f32a9e6a8dfb0c469559b8bdf472f7b83e98c575822db549f008cdd5f90584a0
h100-d512-mix-semantic-zero-c06-seed0-from10pct-20260826-rno2a,semantic_domain_ablation,0,4096,1024,3930,0;384;3120,s3://marin-us-east-02a/marin/grug/h100-ladder-d512-ep8-bs1024-791tpp-10pct-20260826-rno2a/2026.08.26/checkpoints/step-393,3.469446951953614e-18,0.0,f32a9e6a8dfb0c469559b8bdf472f7b83e98c575822db549f008cdd5f90584a0
h100-d512-mix-semantic-zero-c07-seed0-from10pct-20260826-rno2a,semantic_domain_ablation,0,4096,1024,3930,0;384;3120,s3://marin-us-east-02a/marin/grug/h100-ladder-d512-ep8-bs1024-791tpp-10pct-20260826-rno2a/2026.08.26/checkpoints/step-393,3.469446951953614e-18,0.0,f32a9e6a8dfb0c469559b8bdf472f7b83e98c575822db549f008cdd5f90584a0
h100-d512-mix-semantic-zero-c08-seed0-from10pct-20260826-rno2a,semantic_domain_ablation,0,4096,1024,3930,0;384;3120,s3://marin-us-east-02a/marin/grug/h100-ladder-d512-ep8-bs1024-791tpp-10pct-20260826-rno2a/2026.08.26/checkpoints/step-393,6.938893903907228e-18,0.0,f32a9e6a8dfb0c469559b8bdf472f7b83e98c575822db549f008cdd5f90584a0
h100-d512-mix-semantic-zero-c09-seed0-from10pct-20260826-rno2a,semantic_domain_ablation,0,4096,1024,3930,0;384;3120,s3://marin-us-east-02a/marin/grug/h100-ladder-d512-ep8-bs1024-791tpp-10pct-20260826-rno2a/2026.08.26/checkpoints/step-393,3.469446951953614e-18,0.0,f32a9e6a8dfb0c469559b8bdf472f7b83e98c575822db549f008cdd5f90584a0
h100-d512-mix-semantic-zero-c10-seed0-from10pct-20260826-rno2a,semantic_domain_ablation,0,4096,1024,3930,0;384;3120,s3://marin-us-east-02a/marin/grug/h100-ladder-d512-ep8-bs1024-791tpp-10pct-20260826-rno2a/2026.08.26/checkpoints/step-393,3.469446951953614e-18,0.0,f32a9e6a8dfb0c469559b8bdf472f7b83e98c575822db549f008cdd5f90584a0
h100-d512-mix-semantic-zero-c11-seed0-from10pct-20260826-rno2a,semantic_domain_ablation,0,4096,1024,3930,0;384;3120,s3://marin-us-east-02a/marin/grug/h100-ladder-d512-ep8-bs1024-791tpp-10pct-20260826-rno2a/2026.08.26/checkpoints/step-393,6.938893903907228e-18,0.0,f32a9e6a8dfb0c469559b8bdf472f7b83e98c575822db549f008cdd5f90584a0
h100-d512-mix-semantic-zero-c12-seed0-from10pct-20260826-rno2a,semantic_domain_ablation,0,4096,1024,3930,0;384;3120,s3://marin-us-east-02a/marin/grug/h100-ladder-d512-ep8-bs1024-791tpp-10pct-20260826-rno2a/2026.08.26/checkpoints/step-393,3.469446951953614e-18,2.220446049250313e-16,f32a9e6a8dfb0c469559b8bdf472f7b83e98c575822db549f008cdd5f90584a0
h100-d512-mix-semantic-zero-c13-seed0-from10pct-20260826-rno2a,semantic_domain_ablation,0,4096,1024,3930,0;384;3120,s3://marin-us-east-02a/marin/grug/h100-ladder-d512-ep8-bs1024-791tpp-10pct-20260826-rno2a/2026.08.26/checkpoints/step-393,6.938893903907228e-18,0.0,f32a9e6a8dfb0c469559b8bdf472f7b83e98c575822db549f008cdd5f90584a0
h100-d512-mix-semantic-zero-c14-seed0-from10pct-20260826-rno2a,semantic_domain_ablation,0,4096,1024,3930,0;384;3120,s3://marin-us-east-02a/marin/grug/h100-ladder-d512-ep8-bs1024-791tpp-10pct-20260826-rno2a/2026.08.26/checkpoints/step-393,3.469446951953614e-18,0.0,44c3e5788858cd952d097c9a7c8d818fc98bc57b1b9e2b9d7df421b5b9f3cc5f
h100-d512-mix-semantic-zero-c15-seed0-from10pct-20260826-rno2a,semantic_domain_ablation,0,4096,1024,3930,0;384;3120,s3://marin-us-east-02a/marin/grug/h100-ladder-d512-ep8-bs1024-791tpp-10pct-20260826-rno2a/2026.08.26/checkpoints/step-393,3.469446951953614e-18,0.0,f32a9e6a8dfb0c469559b8bdf472f7b83e98c575822db549f008cdd5f90584a0
h100-d512-mix-semantic-zero-c16-seed0-from10pct-20260826-rno2a,semantic_domain_ablation,0,4096,1024,3930,0;384;3120,s3://marin-us-east-02a/marin/grug/h100-ladder-d512-ep8-bs1024-791tpp-10pct-20260826-rno2a/2026.08.26/checkpoints/step-393,3.469446951953614e-18,0.0,f32a9e6a8dfb0c469559b8bdf472f7b83e98c575822db549f008cdd5f90584a0
h100-d512-mix-semantic-zero-c17-seed0-from10pct-20260826-rno2a,semantic_domain_ablation,0,4096,1024,3930,0;384;3120,s3://marin-us-east-02a/marin/grug/h100-ladder-d512-ep8-bs1024-791tpp-10pct-20260826-rno2a/2026.08.26/checkpoints/step-393,3.469446951953614e-18,2.220446049250313e-16,f32a9e6a8dfb0c469559b8bdf472f7b83e98c575822db549f008cdd5f90584a0
h100-d512-mix-semantic-zero-c18-seed0-from10pct-20260826-rno2a,semantic_domain_ablation,0,4096,1024,3930,0;384;3120,s3://marin-us-east-02a/marin/grug/h100-ladder-d512-ep8-bs1024-791tpp-10pct-20260826-rno2a/2026.08.26/checkpoints/step-393,6.938893903907228e-18,0.0,f32a9e6a8dfb0c469559b8bdf472f7b83e98c575822db549f008cdd5f90584a0
h100-d512-mix-semantic-zero-c19-seed0-from10pct-20260826-rno2a,semantic_domain_ablation,0,4096,1024,3930,0;384;3120,s3://marin-us-east-02a/marin/grug/h100-ladder-d512-ep8-bs1024-791tpp-10pct-20260826-rno2a/2026.08.26/checkpoints/step-393,3.469446951953614e-18,0.0,f32a9e6a8dfb0c469559b8bdf472f7b83e98c575822db549f008cdd5f90584a0
h100-d512-mix-semantic-zero-c20-seed0-from10pct-20260826-rno2a,semantic_domain_ablation,0,4096,1024,3930,0;384;3120,s3://marin-us-east-02a/marin/grug/h100-ladder-d512-ep8-bs1024-791tpp-10pct-20260826-rno2a/2026.08.26/checkpoints/step-393,6.938893903907228e-18,-2.220446049250313e-16,f32a9e6a8dfb0c469559b8bdf472f7b83e98c575822db549f008cdd5f90584a0
h100-d512-mix-semantic-zero-c21-seed0-from10pct-20260826-rno2a,semantic_domain_ablation,0,4096,1024,3930,0;384;3120,s3://marin-us-east-02a/marin/grug/h100-ladder-d512-ep8-bs1024-791tpp-10pct-20260826-rno2a/2026.08.26/checkpoints/step-393,3.469446951953614e-18,0.0,f32a9e6a8dfb0c469559b8bdf472f7b83e98c575822db549f008cdd5f90584a0
h100-d512-mix-semantic-zero-c22-seed0-from10pct-20260826-rno2a,semantic_domain_ablation,0,4096,1024,3930,0;384;3120,s3://marin-us-east-02a/marin/grug/h100-ladder-d512-ep8-bs1024-791tpp-10pct-20260826-rno2a/2026.08.26/checkpoints/step-393,3.469446951953614e-18,0.0,f32a9e6a8dfb0c469559b8bdf472f7b83e98c575822db549f008cdd5f90584a0
h100-d512-mix-semantic-zero-c23-seed0-from10pct-20260826-rno2a,semantic_domain_ablation,0,4096,1024,3930,0;384;3120,s3://marin-us-east-02a/marin/grug/h100-ladder-d512-ep8-bs1024-791tpp-10pct-20260826-rno2a/2026.08.26/checkpoints/step-393,3.469446951953614e-18,0.0,f32a9e6a8dfb0c469559b8bdf472f7b83e98c575822db549f008cdd5f90584a0
h100-d512-mix-semantic-zero-c24-seed0-from10pct-20260826-rno2a,semantic_domain_ablation,0,4096,1024,3930,0;384;3120,s3://marin-us-east-02a/marin/grug/h100-ladder-d512-ep8-bs1024-791tpp-10pct-20260826-rno2a/2026.08.26/checkpoints/step-393,3.469446951953614e-18,0.0,f32a9e6a8dfb0c469559b8bdf472f7b83e98c575822db549f008cdd5f90584a0
h100-d512-mix-semantic-zero-c25-seed0-from10pct-20260826-rno2a,semantic_domain_ablation,0,4096,1024,3930,0;384;3120,s3://marin-us-east-02a/marin/grug/h100-ladder-d512-ep8-bs1024-791tpp-10pct-20260826-rno2a/2026.08.26/checkpoints/step-393,3.469446951953614e-18,0.0,f32a9e6a8dfb0c469559b8bdf472f7b83e98c575822db549f008cdd5f90584a0
h100-d512-mix-semantic-zero-c26-seed0-from10pct-20260826-rno2a,semantic_domain_ablation,0,4096,1024,3930,0;384;3120,s3://marin-us-east-02a/marin/grug/h100-ladder-d512-ep8-bs1024-791tpp-10pct-20260826-rno2a/2026.08.26/checkpoints/step-393,3.469446951953614e-18,0.0,f32a9e6a8dfb0c469559b8bdf472f7b83e98c575822db549f008cdd5f90584a0
h100-d512-mix-semantic-zero-c27-seed0-from10pct-20260826-rno2a,semantic_domain_ablation,0,4096,1024,3930,0;384;3120,s3://marin-us-east-02a/marin/grug/h100-ladder-d512-ep8-bs1024-791tpp-10pct-20260826-rno2a/2026.08.26/checkpoints/step-393,3.469446951953614e-18,2.220446049250313e-16,f32a9e6a8dfb0c469559b8bdf472f7b83e98c575822db549f008cdd5f90584a0
h100-d512-mix-semantic-zero-c28-seed0-from10pct-20260826-rno2a,semantic_domain_ablation,0,4096,1024,3930,0;384;3120,s3://marin-us-east-02a/marin/grug/h100-ladder-d512-ep8-bs1024-791tpp-10pct-20260826-rno2a/2026.08.26/checkpoints/step-393,3.469446951953614e-18,-2.220446049250313e-16,f32a9e6a8dfb0c469559b8bdf472f7b83e98c575822db549f008cdd5f90584a0
h100-d512-mix-semantic-zero-c29-seed0-from10pct-20260826-rno2a,semantic_domain_ablation,0,4096,1024,3930,0;384;3120,s3://marin-us-east-02a/marin/grug/h100-ladder-d512-ep8-bs1024-791tpp-10pct-20260826-rno2a/2026.08.26/checkpoints/step-393,3.469446951953614e-18,0.0,f32a9e6a8dfb0c469559b8bdf472f7b83e98c575822db549f008cdd5f90584a0
h100-d512-mix-semantic-zero-c30-seed0-from10pct-20260826-rno2a,semantic_domain_ablation,0,4096,1024,3930,0;384;3120,s3://marin-us-east-02a/marin/grug/h100-ladder-d512-ep8-bs1024-791tpp-10pct-20260826-rno2a/2026.08.26/checkpoints/step-393,1.734723475976807e-18,0.0,f32a9e6a8dfb0c469559b8bdf472f7b83e98c575822db549f008cdd5f90584a0
h100-d512-mix-semantic-zero-c31-seed0-from10pct-20260826-rno2a,semantic_domain_ablation,0,4096,1024,3930,0;384;3120,s3://marin-us-east-02a/marin/grug/h100-ladder-d512-ep8-bs1024-791tpp-10pct-20260826-rno2a/2026.08.26/checkpoints/step-393,3.469446951953614e-18,0.0,f32a9e6a8dfb0c469559b8bdf472f7b83e98c575822db549f008cdd5f90584a0
h100-d512-mix-semantic-zero-c32-seed0-from10pct-20260826-rno2a,semantic_domain_ablation,0,4096,1024,3930,0;384;3120,s3://marin-us-east-02a/marin/grug/h100-ladder-d512-ep8-bs1024-791tpp-10pct-20260826-rno2a/2026.08.26/checkpoints/step-393,3.469446951953614e-18,0.0,f32a9e6a8dfb0c469559b8bdf472f7b83e98c575822db549f008cdd5f90584a0
h100-d512-mix-semantic-zero-c33-seed0-from10pct-20260826-rno2a,semantic_domain_ablation,0,4096,1024,3930,0;384;3120,s3://marin-us-east-02a/marin/grug/h100-ladder-d512-ep8-bs1024-791tpp-10pct-20260826-rno2a/2026.08.26/checkpoints/step-393,6.938893903907228e-18,0.0,f32a9e6a8dfb0c469559b8bdf472f7b83e98c575822db549f008cdd5f90584a0
h100-d512-mix-semantic-zero-c34-seed0-from10pct-20260826-rno2a,semantic_domain_ablation,0,4096,1024,3930,0;384;3120,s3://marin-us-east-02a/marin/grug/h100-ladder-d512-ep8-bs1024-791tpp-10pct-20260826-rno2a/2026.08.26/checkpoints/step-393,3.469446951953614e-18,0.0,f32a9e6a8dfb0c469559b8bdf472f7b83e98c575822db549f008cdd5f90584a0
h100-d512-mix-semantic-zero-c35-seed0-from10pct-20260826-rno2a,semantic_domain_ablation,0,4096,1024,3930,0;384;3120,s3://marin-us-east-02a/marin/grug/h100-ladder-d512-ep8-bs1024-791tpp-10pct-20260826-rno2a/2026.08.26/checkpoints/step-393,3.469446951953614e-18,0.0,f32a9e6a8dfb0c469559b8bdf472f7b83e98c575822db549f008cdd5f90584a0
h100-d512-mix-semantic-zero-c36-seed0-from10pct-20260826-rno2a,semantic_domain_ablation,0,4096,1024,3930,0;384;3120,s3://marin-us-east-02a/marin/grug/h100-ladder-d512-ep8-bs1024-791tpp-10pct-20260826-rno2a/2026.08.26/checkpoints/step-393,3.469446951953614e-18,0.0,f32a9e6a8dfb0c469559b8bdf472f7b83e98c575822db549f008cdd5f90584a0
h100-d512-mix-semantic-zero-c37-seed0-from10pct-20260826-rno2a,semantic_domain_ablation,0,4096,1024,3930,0;384;3120,s3://marin-us-east-02a/marin/grug/h100-ladder-d512-ep8-bs1024-791tpp-10pct-20260826-rno2a/2026.08.26/checkpoints/step-393,3.469446951953614e-18,0.0,f32a9e6a8dfb0c469559b8bdf472f7b83e98c575822db549f008cdd5f90584a0
h100-d512-mix-semantic-zero-c38-seed0-from10pct-20260826-rno2a,semantic_domain_ablation,0,4096,1024,3930,0;384;3120,s3://marin-us-east-02a/marin/grug/h100-ladder-d512-ep8-bs1024-791tpp-10pct-20260826-rno2a/2026.08.26/checkpoints/step-393,3.469446951953614e-18,0.0,f32a9e6a8dfb0c469559b8bdf472f7b83e98c575822db549f008cdd5f90584a0
h100-d512-mix-semantic-zero-c39-seed0-from10pct-20260826-rno2a,semantic_domain_ablation,0,4096,1024,3930,0;384;3120,s3://marin-us-east-02a/marin/grug/h100-ladder-d512-ep8-bs1024-791tpp-10pct-20260826-rno2a/2026.08.26/checkpoints/step-393,3.469446951953614e-18,0.0,f32a9e6a8dfb0c469559b8bdf472f7b83e98c575822db549f008cdd5f90584a0
h100-d512-mix-semantic-zero-q0-q2-seed0-from10pct-20260826-rno2a,semantic_quality_ablation,0,4096,1024,3930,0;384;3120,s3://marin-us-east-02a/marin/grug/h100-ladder-d512-ep8-bs1024-791tpp-10pct-20260826-rno2a/2026.08.26/checkpoints/step-393,6.938893903907228e-18,0.0,f32a9e6a8dfb0c469559b8bdf472f7b83e98c575822db549f008cdd5f90584a0
h100-d512-mix-semantic-zero-q1-seed0-from10pct-20260826-rno2a,semantic_quality_ablation,0,4096,1024,3930,0;384;3120,s3://marin-us-east-02a/marin/grug/h100-ladder-d512-ep8-bs1024-791tpp-10pct-20260826-rno2a/2026.08.26/checkpoints/step-393,3.469446951953614e-18,0.0,f32a9e6a8dfb0c469559b8bdf472f7b83e98c575822db549f008cdd5f90584a0
h100-d512-mix-semantic-zero-q2-seed0-from10pct-20260826-rno2a,semantic_quality_ablation,0,4096,1024,3930,0;384;3120,s3://marin-us-east-02a/marin/grug/h100-ladder-d512-ep8-bs1024-791tpp-10pct-20260826-rno2a/2026.08.26/checkpoints/step-393,3.469446951953614e-18,0.0,f32a9e6a8dfb0c469559b8bdf472f7b83e98c575822db549f008cdd5f90584a0
h100-d512-mix-semantic-zero-q3-seed0-from10pct-20260826-rno2a,semantic_quality_ablation,0,4096,1024,3930,0;384;3120,s3://marin-us-east-02a/marin/grug/h100-ladder-d512-ep8-bs1024-791tpp-10pct-20260826-rno2a/2026.08.26/checkpoints/step-393,3.469446951953614e-18,0.0,f32a9e6a8dfb0c469559b8bdf472f7b83e98c575822db549f008cdd5f90584a0
h100-d512-mix-proportional-seed0-from10pct-20260826-rno2a,proportional_baseline,0,4096,1024,3930,0;384;3120,s3://marin-us-east-02a/marin/grug/h100-ladder-d512-ep8-bs1024-791tpp-10pct-20260826-rno2a/2026.08.26/checkpoints/step-393,3.469446951953614e-18,0.0,f32a9e6a8dfb0c469559b8bdf472f7b83e98c575822db549f008cdd5f90584a0
h100-d512-mix-proportional-seed1-from10pct-20260826-rno2a,proportional_baseline,0,4096,1024,3930,0;384;3120,s3://marin-us-east-02a/marin/grug/h100-ladder-d512-ep8-bs1024-791tpp-10pct-20260826-rno2a/2026.08.26/checkpoints/step-393,3.469446951953614e-18,0.0,5651702c4e7fc15fb4c898ef62eab628e5cd9a7e6c1e2e3aeff2e8fcd666c8d6
h100-d512-mix-proportional-seed2-from10pct-20260826-rno2a,proportional_baseline,0,4096,1024,3930,0;384;3120,s3://marin-us-east-02a/marin/grug/h100-ladder-d512-ep8-bs1024-791tpp-10pct-20260826-rno2a/2026.08.26/checkpoints/step-393,3.469446951953614e-18,0.0,6cf995ef3a8b801a9d84efd0645740b6d16311b820447b12c50d21c422f19b1c
h100-d512-mix-proportional-only-q1-seed0-from10pct-20260826-rno2a,proportional_quality_isolation,0,4096,1024,3930,0;384;3120,s3://marin-us-east-02a/marin/grug/h100-ladder-d512-ep8-bs1024-791tpp-10pct-20260826-rno2a/2026.08.26/checkpoints/step-393,3.469446951953614e-18,0.0,f32a9e6a8dfb0c469559b8bdf472f7b83e98c575822db549f008cdd5f90584a0
h100-d512-mix-proportional-only-q2-seed0-from10pct-20260826-rno2a,proportional_quality_isolation,0,4096,1024,3930,0;384;3120,s3://marin-us-east-02a/marin/grug/h100-ladder-d512-ep8-bs1024-791tpp-10pct-20260826-rno2a/2026.08.26/checkpoints/step-393,3.469446951953614e-18,0.0,f32a9e6a8dfb0c469559b8bdf472f7b83e98c575822db549f008cdd5f90584a0
h100-d512-mix-proportional-only-q3-seed0-from10pct-20260826-rno2a,proportional_quality_isolation,0,4096,1024,3930,0;384;3120,s3://marin-us-east-02a/marin/grug/h100-ladder-d512-ep8-bs1024-791tpp-10pct-20260826-rno2a/2026.08.26/checkpoints/step-393,6.938893903907228e-18,0.0,f32a9e6a8dfb0c469559b8bdf472f7b83e98c575822db549f008cdd5f90584a0
h100-d512-mix-proportional-only-q4-seed0-from10pct-20260826-rno2a,proportional_quality_isolation,0,4096,1024,3930,0;384;3120,s3://marin-us-east-02a/marin/grug/h100-ladder-d512-ep8-bs1024-791tpp-10pct-20260826-rno2a/2026.08.26/checkpoints/step-393,1.734723475976807e-18,2.220446049250313e-16,f32a9e6a8dfb0c469559b8bdf472f7b83e98c575822db549f008cdd5f90584a0
h100-d512-mix-proportional-zero-c00-seed0-from10pct-20260826-rno2a,proportional_domain_ablation,0,4096,1024,3930,0;384;3120,s3://marin-us-east-02a/marin/grug/h100-ladder-d512-ep8-bs1024-791tpp-10pct-20260826-rno2a/2026.08.26/checkpoints/step-393,3.469446951953614e-18,-2.220446049250313e-16,f32a9e6a8dfb0c469559b8bdf472f7b83e98c575822db549f008cdd5f90584a0
h100-d512-mix-proportional-zero-c01-seed0-from10pct-20260826-rno2a,proportional_domain_ablation,0,4096,1024,3930,0;384;3120,s3://marin-us-east-02a/marin/grug/h100-ladder-d512-ep8-bs1024-791tpp-10pct-20260826-rno2a/2026.08.26/checkpoints/step-393,1.734723475976807e-18,0.0,f32a9e6a8dfb0c469559b8bdf472f7b83e98c575822db549f008cdd5f90584a0
h100-d512-mix-proportional-zero-c02-seed0-from10pct-20260826-rno2a,proportional_domain_ablation,0,4096,1024,3930,0;384;3120,s3://marin-us-east-02a/marin/grug/h100-ladder-d512-ep8-bs1024-791tpp-10pct-20260826-rno2a/2026.08.26/checkpoints/step-393,3.469446951953614e-18,0.0,f32a9e6a8dfb0c469559b8bdf472f7b83e98c575822db549f008cdd5f90584a0
h100-d512-mix-proportional-zero-c03-seed0-from10pct-20260826-rno2a,proportional_domain_ablation,0,4096,1024,3930,0;384;3120,s3://marin-us-east-02a/marin/grug/h100-ladder-d512-ep8-bs1024-791tpp-10pct-20260826-rno2a/2026.08.26/checkpoints/step-393,3.469446951953614e-18,0.0,f32a9e6a8dfb0c469559b8bdf472f7b83e98c575822db549f008cdd5f90584a0
h100-d512-mix-proportional-zero-c04-seed0-from10pct-20260826-rno2a,proportional_domain_ablation,0,4096,1024,3930,0;384;3120,s3://marin-us-east-02a/marin/grug/h100-ladder-d512-ep8-bs1024-791tpp-10pct-20260826-rno2a/2026.08.26/checkpoints/step-393,3.469446951953614e-18,0.0,f32a9e6a8dfb0c469559b8bdf472f7b83e98c575822db549f008cdd5f90584a0
h100-d512-mix-proportional-zero-c05-seed0-from10pct-20260826-rno2a,proportional_domain_ablation,0,4096,1024,3930,0;384;3120,s3://marin-us-east-02a/marin/grug/h100-ladder-d512-ep8-bs1024-791tpp-10pct-20260826-rno2a/2026.08.26/checkpoints/step-393,3.469446951953614e-18,0.0,f32a9e6a8dfb0c469559b8bdf472f7b83e98c575822db549f008cdd5f90584a0
h100-d512-mix-proportional-zero-c06-seed0-from10pct-20260826-rno2a,proportional_domain_ablation,0,4096,1024,3930,0;384;3120,s3://marin-us-east-02a/marin/grug/h100-ladder-d512-ep8-bs1024-791tpp-10pct-20260826-rno2a/2026.08.26/checkpoints/step-393,3.469446951953614e-18,-2.220446049250313e-16,f32a9e6a8dfb0c469559b8bdf472f7b83e98c575822db549f008cdd5f90584a0
h100-d512-mix-proportional-zero-c07-seed0-from10pct-20260826-rno2a,proportional_domain_ablation,0,4096,1024,3930,0;384;3120,s3://marin-us-east-02a/marin/grug/h100-ladder-d512-ep8-bs1024-791tpp-10pct-20260826-rno2a/2026.08.26/checkpoints/step-393,3.469446951953614e-18,0.0,f32a9e6a8dfb0c469559b8bdf472f7b83e98c575822db549f008cdd5f90584a0
h100-d512-mix-proportional-zero-c09-seed0-from10pct-20260826-rno2a,proportional_domain_ablation,0,4096,1024,3930,0;384;3120,s3://marin-us-east-02a/marin/grug/h100-ladder-d512-ep8-bs1024-791tpp-10pct-20260826-rno2a/2026.08.26/checkpoints/step-393,1.734723475976807e-18,0.0,f32a9e6a8dfb0c469559b8bdf472f7b83e98c575822db549f008cdd5f90584a0
h100-d512-mix-proportional-zero-c10-seed0-from10pct-20260826-rno2a,proportional_domain_ablation,0,4096,1024,3930,0;384;3120,s3://marin-us-east-02a/marin/grug/h100-ladder-d512-ep8-bs1024-791tpp-10pct-20260826-rno2a/2026.08.26/checkpoints/step-393,1.734723475976807e-18,0.0,f32a9e6a8dfb0c469559b8bdf472f7b83e98c575822db549f008cdd5f90584a0
h100-d512-mix-proportional-zero-c11-seed0-from10pct-20260826-rno2a,proportional_domain_ablation,0,4096,1024,3930,0;384;3120,s3://marin-us-east-02a/marin/grug/h100-ladder-d512-ep8-bs1024-791tpp-10pct-20260826-rno2a/2026.08.26/checkpoints/step-393,3.469446951953614e-18,0.0,f32a9e6a8dfb0c469559b8bdf472f7b83e98c575822db549f008cdd5f90584a0
h100-d512-mix-proportional-zero-c13-seed0-from10pct-20260826-rno2a,proportional_domain_ablation,0,4096,1024,3930,0;384;3120,s3://marin-us-east-02a/marin/grug/h100-ladder-d512-ep8-bs1024-791tpp-10pct-20260826-rno2a/2026.08.26/checkpoints/step-393,3.469446951953614e-18,0.0,f32a9e6a8dfb0c469559b8bdf472f7b83e98c575822db549f008cdd5f90584a0
h100-d512-mix-proportional-zero-c14-seed0-from10pct-20260826-rno2a,proportional_domain_ablation,0,4096,1024,3930,0;384;3120,s3://marin-us-east-02a/marin/grug/h100-ladder-d512-ep8-bs1024-791tpp-10pct-20260826-rno2a/2026.08.26/checkpoints/step-393,3.469446951953614e-18,0.0,f32a9e6a8dfb0c469559b8bdf472f7b83e98c575822db549f008cdd5f90584a0
h100-d512-mix-proportional-zero-c15-seed0-from10pct-20260826-rno2a,proportional_domain_ablation,0,4096,1024,3930,0;384;3120,s3://marin-us-east-02a/marin/grug/h100-ladder-d512-ep8-bs1024-791tpp-10pct-20260826-rno2a/2026.08.26/checkpoints/step-393,3.469446951953614e-18,0.0,f32a9e6a8dfb0c469559b8bdf472f7b83e98c575822db549f008cdd5f90584a0
h100-d512-mix-proportional-zero-c16-seed0-from10pct-20260826-rno2a,proportional_domain_ablation,0,4096,1024,3930,0;384;3120,s3://marin-us-east-02a/marin/grug/h100-ladder-d512-ep8-bs1024-791tpp-10pct-20260826-rno2a/2026.08.26/checkpoints/step-393,1.734723475976807e-18,0.0,f32a9e6a8dfb0c469559b8bdf472f7b83e98c575822db549f008cdd5f90584a0
h100-d512-mix-proportional-zero-c18-seed0-from10pct-20260826-rno2a,proportional_domain_ablation,0,4096,1024,3930,0;384;3120,s3://marin-us-east-02a/marin/grug/h100-ladder-d512-ep8-bs1024-791tpp-10pct-20260826-rno2a/2026.08.26/checkpoints/step-393,1.734723475976807e-18,0.0,f32a9e6a8dfb0c469559b8bdf472f7b83e98c575822db549f008cdd5f90584a0
h100-d512-mix-proportional-zero-c19-seed0-from10pct-20260826-rno2a,proportional_domain_ablation,0,4096,1024,3930,0;384;3120,s3://marin-us-east-02a/marin/grug/h100-ladder-d512-ep8-bs1024-791tpp-10pct-20260826-rno2a/2026.08.26/checkpoints/step-393,3.469446951953614e-18,2.220446049250313e-16,f32a9e6a8dfb0c469559b8bdf472f7b83e98c575822db549f008cdd5f90584a0
h100-d512-mix-proportional-zero-c20-seed0-from10pct-20260826-rno2a,proportional_domain_ablation,0,4096,1024,3930,0;384;3120,s3://marin-us-east-02a/marin/grug/h100-ladder-d512-ep8-bs1024-791tpp-10pct-20260826-rno2a/2026.08.26/checkpoints/step-393,3.469446951953614e-18,0.0,f32a9e6a8dfb0c469559b8bdf472f7b83e98c575822db549f008cdd5f90584a0
h100-d512-mix-proportional-zero-c21-seed0-from10pct-20260826-rno2a,proportional_domain_ablation,0,4096,1024,3930,0;384;3120,s3://marin-us-east-02a/marin/grug/h100-ladder-d512-ep8-bs1024-791tpp-10pct-20260826-rno2a/2026.08.26/checkpoints/step-393,3.469446951953614e-18,0.0,f32a9e6a8dfb0c469559b8bdf472f7b83e98c575822db549f008cdd5f90584a0
h100-d512-mix-proportional-zero-c22-seed0-from10pct-20260826-rno2a,proportional_domain_ablation,0,4096,1024,3930,0;384;3120,s3://marin-us-east-02a/marin/grug/h100-ladder-d512-ep8-bs1024-791tpp-10pct-20260826-rno2a/2026.08.26/checkpoints/step-393,3.469446951953614e-18,-2.220446049250313e-16,f32a9e6a8dfb0c469559b8bdf472f7b83e98c575822db549f008cdd5f90584a0
h100-d512-mix-proportional-zero-c23-seed0-from10pct-20260826-rno2a,proportional_domain_ablation,0,4096,1024,3930,0;384;3120,s3://marin-us-east-02a/marin/grug/h100-ladder-d512-ep8-bs1024-791tpp-10pct-20260826-rno2a/2026.08.26/checkpoints/step-393,3.469446951953614e-18,0.0,f32a9e6a8dfb0c469559b8bdf472f7b83e98c575822db549f008cdd5f90584a0
h100-d512-mix-proportional-zero-c24-seed0-from10pct-20260826-rno2a,proportional_domain_ablation,0,4096,1024,3930,0;384;3120,s3://marin-us-east-02a/marin/grug/h100-ladder-d512-ep8-bs1024-791tpp-10pct-20260826-rno2a/2026.08.26/checkpoints/step-393,3.469446951953614e-18,2.220446049250313e-16,f32a9e6a8dfb0c469559b8bdf472f7b83e98c575822db549f008cdd5f90584a0
h100-d512-mix-proportional-zero-c25-seed0-from10pct-20260826-rno2a,proportional_domain_ablation,0,4096,1024,3930,0;384;3120,s3://marin-us-east-02a/marin/grug/h100-ladder-d512-ep8-bs1024-791tpp-10pct-20260826-rno2a/2026.08.26/checkpoints/step-393,1.734723475976807e-18,0.0,f32a9e6a8dfb0c469559b8bdf472f7b83e98c575822db549f008cdd5f90584a0
h100-d512-mix-proportional-zero-c26-seed0-from10pct-20260826-rno2a,proportional_domain_ablation,0,4096,1024,3930,0;384;3120,s3://marin-us-east-02a/marin/grug/h100-ladder-d512-ep8-bs1024-791tpp-10pct-20260826-rno2a/2026.08.26/checkpoints/step-393,3.469446951953614e-18,0.0,f32a9e6a8dfb0c469559b8bdf472f7b83e98c575822db549f008cdd5f90584a0
h100-d512-mix-proportional-zero-c27-seed0-from10pct-20260826-rno2a,proportional_domain_ablation,0,4096,1024,3930,0;384;3120,s3://marin-us-east-02a/marin/grug/h100-ladder-d512-ep8-bs1024-791tpp-10pct-20260826-rno2a/2026.08.26/checkpoints/step-393,3.469446951953614e-18,0.0,f32a9e6a8dfb0c469559b8bdf472f7b83e98c575822db549f008cdd5f90584a0
h100-d512-mix-proportional-zero-c29-seed0-from10pct-20260826-rno2a,proportional_domain_ablation,0,4096,1024,3930,0;384;3120,s3://marin-us-east-02a/marin/grug/h100-ladder-d512-ep8-bs1024-791tpp-10pct-20260826-rno2a/2026.08.26/checkpoints/step-393,3.469446951953614e-18,0.0,f32a9e6a8dfb0c469559b8bdf472f7b83e98c575822db549f008cdd5f90584a0
h100-d512-mix-proportional-zero-c30-seed0-from10pct-20260826-rno2a,proportional_domain_ablation,0,4096,1024,3930,0;384;3120,s3://marin-us-east-02a/marin/grug/h100-ladder-d512-ep8-bs1024-791tpp-10pct-20260826-rno2a/2026.08.26/checkpoints/step-393,3.469446951953614e-18,0.0,f32a9e6a8dfb0c469559b8bdf472f7b83e98c575822db549f008cdd5f90584a0
h100-d512-mix-proportional-zero-c32-seed0-from10pct-20260826-rno2a,proportional_domain_ablation,0,4096,1024,3930,0;384;3120,s3://marin-us-east-02a/marin/grug/h100-ladder-d512-ep8-bs1024-791tpp-10pct-20260826-rno2a/2026.08.26/checkpoints/step-393,1.734723475976807e-18,0.0,f32a9e6a8dfb0c469559b8bdf472f7b83e98c575822db549f008cdd5f90584a0
h100-d512-mix-proportional-zero-c33-seed0-from10pct-20260826-rno2a,proportional_domain_ablation,0,4096,1024,3930,0;384;3120,s3://marin-us-east-02a/marin/grug/h100-ladder-d512-ep8-bs1024-791tpp-10pct-20260826-rno2a/2026.08.26/checkpoints/step-393,3.469446951953614e-18,0.0,f32a9e6a8dfb0c469559b8bdf472f7b83e98c575822db549f008cdd5f90584a0
h100-d512-mix-proportional-zero-c34-seed0-from10pct-20260826-rno2a,proportional_domain_ablation,0,4096,1024,3930,0;384;3120,s3://marin-us-east-02a/marin/grug/h100-ladder-d512-ep8-bs1024-791tpp-10pct-20260826-rno2a/2026.08.26/checkpoints/step-393,3.469446951953614e-18,0.0,f32a9e6a8dfb0c469559b8bdf472f7b83e98c575822db549f008cdd5f90584a0
h100-d512-mix-proportional-zero-c36-seed0-from10pct-20260826-rno2a,proportional_domain_ablation,0,4096,1024,3930,0;384;3120,s3://marin-us-east-02a/marin/grug/h100-ladder-d512-ep8-bs1024-791tpp-10pct-20260826-rno2a/2026.08.26/checkpoints/step-393,3.469446951953614e-18,0.0,f32a9e6a8dfb0c469559b8bdf472f7b83e98c575822db549f008cdd5f90584a0
h100-d512-mix-proportional-zero-c37-seed0-from10pct-20260826-rno2a,proportional_domain_ablation,0,4096,1024,3930,0;384;3120,s3://marin-us-east-02a/marin/grug/h100-ladder-d512-ep8-bs1024-791tpp-10pct-20260826-rno2a/2026.08.26/checkpoints/step-393,3.469446951953614e-18,0.0,f32a9e6a8dfb0c469559b8bdf472f7b83e98c575822db549f008cdd5f90584a0
h100-d512-mix-proportional-zero-c38-seed0-from10pct-20260826-rno2a,proportional_domain_ablation,0,4096,1024,3930,0;384;3120,s3://marin-us-east-02a/marin/grug/h100-ladder-d512-ep8-bs1024-791tpp-10pct-20260826-rno2a/2026.08.26/checkpoints/step-393,3.469446951953614e-18,0.0,f32a9e6a8dfb0c469559b8bdf472f7b83e98c575822db549f008cdd5f90584a0
h100-d512-mix-semantic-zero-q0-seed0-from10pct-20260826-rno2a,semantic_quality_ablation,0,4096,1024,3930,0;384;3120,s3://marin-us-east-02a/marin/grug/h100-ladder-d512-ep8-bs1024-791tpp-10pct-20260826-rno2a/2026.08.26/checkpoints/step-393,3.469446951953614e-18,0.0,f32a9e6a8dfb0c469559b8bdf472f7b83e98c575822db549f008cdd5f90584a0
h100-d512-mix-semantic-zero-q4-seed0-from10pct-20260826-rno2a,semantic_quality_ablation,0,4096,1024,3930,0;384;3120,s3://marin-us-east-02a/marin/grug/h100-ladder-d512-ep8-bs1024-791tpp-10pct-20260826-rno2a/2026.08.26/checkpoints/step-393,3.469446951953614e-18,0.0,f32a9e6a8dfb0c469559b8bdf472f7b83e98c575822db549f008cdd5f90584a0
h100-d512-mix-proportional-seed3-from10pct-20260826-rno2a,proportional_baseline,0,4096,1024,3930,0;384;3120,s3://marin-us-east-02a/marin/grug/h100-ladder-d512-ep8-bs1024-791tpp-10pct-20260826-rno2a/2026.08.26/checkpoints/step-393,3.469446951953614e-18,0.0,f2aa931e994e2feed92b70a968ed6f24839a43332af3365f4b44d3f5f9c6946c
h100-d512-mix-proportional-seed4-from10pct-20260826-rno2a,proportional_baseline,0,4096,1024,3930,0;384;3120,s3://marin-us-east-02a/marin/grug/h100-ladder-d512-ep8-bs1024-791tpp-10pct-20260826-rno2a/2026.08.26/checkpoints/step-393,3.469446951953614e-18,0.0,5c6ea0157159cb1a3b70e5ee73eaa584e95034a65ad98aeff936174b80e71e06
h100-d512-mix-proportional-seed5-from10pct-20260826-rno2a,proportional_baseline,0,4096,1024,3930,0;384;3120,s3://marin-us-east-02a/marin/grug/h100-ladder-d512-ep8-bs1024-791tpp-10pct-20260826-rno2a/2026.08.26/checkpoints/step-393,3.469446951953614e-18,0.0,da5d827d84353581945e51064f4618801db6ebe214386bfd0b7486b463455334
h100-d512-mix-proportional-seed6-from10pct-20260826-rno2a,proportional_baseline,0,4096,1024,3930,0;384;3120,s3://marin-us-east-02a/marin/grug/h100-ladder-d512-ep8-bs1024-791tpp-10pct-20260826-rno2a/2026.08.26/checkpoints/step-393,3.469446951953614e-18,0.0,e544ebbc52e3e3380a24c70f05dc6c1de4cb1df3bfb75d65edd305eb020d80f8
h100-d512-mix-proportional-seed7-from10pct-20260826-rno2a,proportional_baseline,0,4096,1024,3930,0;384;3120,s3://marin-us-east-02a/marin/grug/h100-ladder-d512-ep8-bs1024-791tpp-10pct-20260826-rno2a/2026.08.26/checkpoints/step-393,3.469446951953614e-18,0.0,8e38ed7cae0fd5b68a779673482a0de64ae35531605a594db83303234d223fe9
h100-d512-mix-proportional-seed8-from10pct-20260826-rno2a,proportional_baseline,0,4096,1024,3930,0;384;3120,s3://marin-us-east-02a/marin/grug/h100-ladder-d512-ep8-bs1024-791tpp-10pct-20260826-rno2a/2026.08.26/checkpoints/step-393,3.469446951953614e-18,0.0,ab37933f3ca1f88db269896195e76bdb732c8eab4481e40a522d64226bf39bba
h100-d512-mix-proportional-seed9-from10pct-20260826-rno2a,proportional_baseline,0,4096,1024,3930,0;384;3120,s3://marin-us-east-02a/marin/grug/h100-ladder-d512-ep8-bs1024-791tpp-10pct-20260826-rno2a/2026.08.26/checkpoints/step-393,3.469446951953614e-18,0.0,79c50cb1aae40948a62694846f2d46c3a6f8f7c554728b85426b406110cbe9ac
h100-d512-mix-proportional-zero-c08-seed0-from10pct-20260826-rno2a,proportional_domain_ablation,0,4096,1024,3930,0;384;3120,s3://marin-us-east-02a/marin/grug/h100-ladder-d512-ep8-bs1024-791tpp-10pct-20260826-rno2a/2026.08.26/checkpoints/step-393,3.469446951953614e-18,0.0,f32a9e6a8dfb0c469559b8bdf472f7b83e98c575822db549f008cdd5f90584a0
h100-d512-mix-proportional-zero-c12-seed0-from10pct-20260826-rno2a,proportional_domain_ablation,0,4096,1024,3930,0;384;3120,s3://marin-us-east-02a/marin/grug/h100-ladder-d512-ep8-bs1024-791tpp-10pct-20260826-rno2a/2026.08.26/checkpoints/step-393,3.469446951953614e-18,0.0,f32a9e6a8dfb0c469559b8bdf472f7b83e98c575822db549f008cdd5f90584a0
h100-d512-mix-proportional-zero-c17-seed0-from10pct-20260826-rno2a,proportional_domain_ablation,0,4096,1024,3930,0;384;3120,s3://marin-us-east-02a/marin/grug/h100-ladder-d512-ep8-bs1024-791tpp-10pct-20260826-rno2a/2026.08.26/checkpoints/step-393,3.469446951953614e-18,0.0,f32a9e6a8dfb0c469559b8bdf472f7b83e98c575822db549f008cdd5f90584a0
h100-d512-mix-proportional-zero-c28-seed0-from10pct-20260826-rno2a,proportional_domain_ablation,0,4096,1024,3930,0;384;3120,s3://marin-us-east-02a/marin/grug/h100-ladder-d512-ep8-bs1024-791tpp-10pct-20260826-rno2a/2026.08.26/checkpoints/step-393,1.734723475976807e-18,0.0,f32a9e6a8dfb0c469559b8bdf472f7b83e98c575822db549f008cdd5f90584a0
h100-d512-mix-proportional-zero-c31-seed0-from10pct-20260826-rno2a,proportional_domain_ablation,0,4096,1024,3930,0;384;3120,s3://marin-us-east-02a/marin/grug/h100-ladder-d512-ep8-bs1024-791tpp-10pct-20260826-rno2a/2026.08.26/checkpoints/step-393,3.469446951953614e-18,0.0,f32a9e6a8dfb0c469559b8bdf472f7b83e98c575822db549f008cdd5f90584a0
h100-d512-mix-proportional-zero-c35-seed0-from10pct-20260826-rno2a,proportional_domain_ablation,0,4096,1024,3930,0;384;3120,s3://marin-us-east-02a/marin/grug/h100-ladder-d512-ep8-bs1024-791tpp-10pct-20260826-rno2a/2026.08.26/checkpoints/step-393,3.469446951953614e-18,2.220446049250313e-16,f32a9e6a8dfb0c469559b8bdf472f7b83e98c575822db549f008cdd5f90584a0
h100-d512-mix-proportional-zero-c39-seed0-from10pct-20260826-rno2a,proportional_domain_ablation,0,4096,1024,3930,0;384;3120,s3://marin-us-east-02a/marin/grug/h100-ladder-d512-ep8-bs1024-791tpp-10pct-20260826-rno2a/2026.08.26/checkpoints/step-393,1.734723475976807e-18,0.0,f32a9e6a8dfb0c469559b8bdf472f7b83e98c575822db549f008cdd5f90584a0
