cell,continuous_sequence_budget,full_block_sequences,exact_sequence_budget_seed7,exact_sequence_budget_seed8,continuous_full_token_epochs,integer_full_token_epochs_seed7,block_counts
c00q0,117142.76734208845,111476,111476,111476,0.05257117070278233,0.05002804661554004,"[0, 2, 1]"
c00q1,11926742.832247106,11918966,11919008,11918998,0.5287296396452531,0.5283867434225165,"[35, 206, 79]"
c00q2,58365966.380784675,58342534,58342853,58342861,1.0924669033157937,1.0920342778476184,"[127, 930, 653]"
c00q3,6938317.9325112775,6934512,6934533,6934531,0.12720609346050754,0.1271367010683666,"[138, 58, 45]"
c00q4,8961346.37486103,8936750,8936812,8936803,0.2915848269372828,0.29078652597349725,"[80, 107, 109]"
c01q0,14257715.114262978,14255584,14255615,14255614,0.6106467327977,0.6105567865543565,"[112, 224, 56]"
c01q1,16197998.590356525,16175146,16175194,16175193,0.6423454102949299,0.6414410748693242,"[180, 213, 98]"
c01q2,27588507.898479324,27564962,27565038,27565040,0.6019414181983813,0.6014293388924761,"[428, 313, 130]"
c01q3,45555633.67703951,45537862,45538035,45538008,0.6829997786197758,0.6827359277729804,"[639, 514, 317]"
c01q4,53364405.97339576,53341816,53342097,53342117,0.7751872023639548,0.7748631355940017,"[705, 561, 539]"
c02q0,129733.68176683126,129364,129364,129366,0.4183589246691773,0.4171667927236792,"[0, 2, 2]"
c02q1,2365527.7852217434,2349610,2349627,2349629,0.6918239118482201,0.6871735570723054,"[41, 14, 38]"
c02q2,9452565.547221826,9447234,9447302,9447297,0.8324278331829558,0.8319643057747793,"[141, 78, 129]"
c02q3,10113220.631459974,10093054,10093068,10093072,0.6182731871920204,0.6170411531904775,"[201, 96, 35]"
c02q4,10927690.245761398,10903596,10903628,10903627,0.6698090994509167,0.6683342121873013,"[200, 102, 66]"
c03q0,4238995.036177715,4225756,4225768,4225766,0.3253310252639907,0.32431588719372295,"[92, 34, 20]"
c03q1,31221262.77449609,31205074,31205233,31205235,0.3974312807643475,0.39722722963885787,"[585, 242, 302]"
c03q2,30966389.839523524,30947318,30947512,30947496,0.49867214808321003,0.4983681458138092,"[593, 212, 355]"
c03q3,58410363.05949633,58408566,58408886,58408891,1.0089201293486385,1.0088946161523487,"[910, 549, 570]"
c03q4,24025617.497951113,24002130,24002185,24002199,0.7112219175321434,0.710528253524266,"[590, 155, 120]"
c04q0,132917.8296873304,129364,129366,129366,0.1809567345777004,0.176121209475407,"[0, 2, 2]"
c04q1,11534740.220224569,11531528,11531582,11531575,1.5383620504837738,1.537940845840428,"[2, 206, 103]"
c04q2,8635823.470274433,8634024,8634051,8634052,0.43626604663454605,0.43617650466995334,"[87, 119, 51]"
c04q3,9447247.26292396,9430322,9430350,9430342,0.7862179008711239,0.7848116784851935,"[52, 153, 55]"
c04q4,1976087.8344462793,1959556,1959559,1959561,0.805437179227875,0.7987001619960139,"[11, 33, 8]"
c05q0,483133.91029027064,471910,471912,471913,0.230790482342005,0.22542983587623686,"[6, 5, 5]"
c05q1,2209940.8328029127,2186130,2186151,2186148,0.24859146351616443,0.24591539668871903,"[28, 17, 39]"
c05q2,22998353.17709062,22979786,22980003,22979982,0.6947420748895116,0.6941877464987629,"[123, 280, 382]"
c05q3,22350201.771802995,22329534,22329650,22329667,0.2918608255964942,0.29159244962623965,"[292, 231, 240]"
c05q4,66473038.74584383,66465778,66466401,66466433,1.3747728860944277,1.3746356064817749,"[189, 838, 1262]"
c06q0,130490.70315390069,129364,129365,129366,0.6632859477156502,0.6575639838880747,"[0, 2, 2]"
c06q1,825254.5368006451,810486,810487,810487,0.23919763172041453,0.2349173040499328,"[6, 13, 3]"
c06q2,11646344.084517937,11629564,11629669,11629671,0.8306759529213749,0.8294866018579459,"[29, 151, 215]"
c06q3,29779966.23776082,29769350,29769461,29769459,1.6898984317289558,1.6893022999309808,"[136, 479, 223]"
c06q4,12216900.52412083,12210258,12210306,12210303,0.8570935866096416,0.8566309386311673,"[112, 165, 96]"
c07q0,1402864.4049890798,1392616,1392619,1392620,0.14518500063583262,0.14412468495274597,"[7, 23, 8]"
c07q1,6131500.169346068,6123166,6123185,6123176,0.32225160356238347,0.32181458544582864,"[110, 57, 41]"
c07q2,17598885.053611152,17591462,17591567,17591574,0.7993249112152995,0.7989925320597345,"[270, 141, 241]"
c07q3,31569864.994082235,31553966,31554214,31554191,1.8487362263772829,1.8478197017185913,"[237, 380, 442]"
c07q4,4165787.8358635614,4152306,4152321,4152314,1.041582861816564,1.0382157135144772,"[54, 51, 24]"
c08q0,241659.6555760853,240840,240842,240843,3.1522651661234042,3.1415994752192447,"[0, 4, 3]"
c08q1,406543.6631509042,397660,397663,397662,0.2932702773913162,0.28686399245380445,"[3, 5, 5]"
c08q2,9029361.902692212,9019252,9019313,9019314,0.9093418776478776,0.9083298583999048,"[24, 138, 110]"
c08q3,18211465.62033064,18187148,18187291,18187289,1.2764589362930692,1.2747645141748358,"[36, 258, 292]"
c08q4,2096852.3425604417,2094812,2094824,2094823,0.36500549764628704,0.36465241785585834,"[52, 10, 19]"
c09q0,1501887.7693080672,1501296,1501331,1501334,1.251135347317959,1.2506715351904085,"[0, 8, 63]"
c09q1,3494865.389561609,3480328,3480352,3480358,0.4543954427520279,0.452508440724603,"[7, 55, 41]"
c09q2,5807237.280957113,5806976,5807060,5807053,0.3349251422304013,0.3349149177730728,"[18, 58, 148]"
c09q3,17558310.743759565,17542614,17542670,17542673,1.5828110784017881,1.5814011282728508,"[26, 321, 105]"
c09q4,622715.3099050551,608144,608152,608149,0.24875578856683936,0.24293819008812587,"[6, 6, 10]"
c10q0,745931.5197216674,729374,729376,729376,0.2668973038114926,0.26097367213742184,"[2, 13, 4]"
c10q1,11142549.107622955,11130280,11130355,11130355,0.58522781314423,0.5845873554833753,"[26, 166, 152]"
c10q2,24852244.091308616,24832754,24832953,24832962,1.1000638347238108,1.0992099306738186,"[42, 359, 391]"
c10q3,4990664.339237765,4984000,4984019,4984018,0.4090842810105101,0.4085395631855146,"[34, 74, 38]"
c10q4,1443532.4913704838,1422640,1422660,1422660,0.31807362411637013,0.3134744973116493,"[13, 9, 38]"
c11q0,272715.0662165076,253114,253116,253114,0.15680298474799692,0.14553410942087355,"[5, 2, 2]"
c11q1,4630515.878980845,4624224,4624239,4624244,0.4228208567815369,0.4222477035048918,"[59, 55, 33]"
c11q2,31981751.83826618,31975198,31975333,31975309,1.2573703163343637,1.257117958153922,"[146, 509, 254]"
c11q3,8815070.252109312,8813116,8813181,8813186,0.4659561337237091,0.4658562696746082,"[125, 71, 134]"
c11q4,1662535.2583069701,1642418,1642420,1642420,0.34554774869302807,0.34136691572264616,"[37, 14, 4]"
c12q0,1204781.4461473324,1197112,1197113,1197113,0.5360527511991912,0.5326407699906113,"[11, 19, 2]"
c12q1,43005286.610649645,42984090,42984487,42984501,2.679650947965094,2.678354928317574,"[179, 520, 795]"
c12q2,16581998.790526018,16566216,16566277,16566279,0.4641209227410741,0.4636808785691829,"[406, 98, 108]"
c12q3,53445938.656029515,53431594,53431984,53431983,1.6941153935989979,1.6936730625596998,"[421, 634, 746]"
c12q4,4632742.860490101,4621570,4621581,4621586,0.5257732201656617,0.5245064528294104,"[115, 28, 26]"
c13q0,223264.3995295559,222952,222953,222952,6.737387316900289,6.727990300424132,"[0, 4, 2]"
c13q1,21592000.30656877,21581624,21581848,21581867,1.661156610776273,1.6603755543233323,"[48, 268, 439]"
c13q2,16981273.145403262,16971028,16971187,16971169,0.5474220697115547,0.5470969245622607,"[132, 182, 290]"
c13q3,137071200.20215327,137066906,137067912,137067880,1.9633235544017178,1.9632764562167626,"[317, 2026, 1924]"
c13q4,36769769.13308112,36756600,36756877,36756910,1.225089190315465,1.224659652321342,"[147, 491, 567]"
c14q0,8910955.9851141,8909066,8909078,8909084,0.6708251198713479,0.670683743391497,"[41, 158, 28]"
c14q1,57393912.31738548,57387568,57387858,57387862,0.4389448315166494,0.4388985284991792,"[550, 726, 548]"
c14q2,49593114.373964384,49580838,49580961,49580957,0.42226608686475997,0.4221626056107406,"[1506, 177, 225]"
c14q3,98516653.42140472,98500636,98500964,98500966,0.9790349212849873,0.9788790035704028,"[1460, 1082, 656]"
c14q4,10767249.828191577,10759558,10759586,10759578,0.6075562561679327,0.6071238145660116,"[300, 51, 53]"
c15q0,727192.503906308,725242,725248,725248,0.47645237441564176,0.47517834656435864,"[0, 9, 17]"
c15q1,11607577.120723372,11597368,11597444,11597449,1.0648586642003783,1.0639290695670238,"[3, 187, 155]"
c15q2,20545761.31266212,20526166,20526305,20526319,0.812200967183727,0.8114318335545797,"[8, 327, 281]"
c15q3,5111164.231162687,5105666,5105696,5105692,0.2418608149784918,0.24160205771973758,"[8, 85, 52]"
c15q4,11541493.567997608,11533814,11533862,11533858,1.0096388025615464,1.008971200302846,"[24, 199, 91]"
c16q0,1708621.7682988567,1700520,1700542,1700542,0.5900494989952095,0.5872592599117614,"[17, 9, 48]"
c16q1,6171969.379756632,6156922,6156972,6156968,0.5567075645386285,0.5553548107828888,"[71, 60, 89]"
c16q2,19213088.326350886,19203022,19203116,19203115,0.7930646001589251,0.7926529693541433,"[163, 250, 194]"
c16q3,52209373.040883616,52186234,52186564,52186602,1.9429417060646288,1.942092880763214,"[188, 757, 677]"
c16q4,6183667.83114311,6166482,6166527,6166523,0.6992242620906063,0.6972860459161704,"[75, 60, 84]"
c17q0,12314544.764091125,12311352,12311429,12311427,0.7605077883069804,0.7603153684568583,"[194, 102, 153]"
c17q1,24580188.20819393,24567694,24567760,24567762,0.6541364216939418,0.6538056779434389,"[475, 226, 125]"
c17q2,61132410.94516761,61123124,61123335,61123338,0.9888036960121938,0.9886568945367116,"[799, 733, 394]"
c17q3,40322183.59699236,40304740,40305035,40305044,0.8659133650725201,0.8655451013029699,"[619, 321, 557]"
c17q4,8251732.944730225,8245426,8245454,8245462,0.6644823292979022,0.6639767084970573,"[166, 67, 56]"
c18q0,1167454.6458769348,1155762,1155774,1155772,0.4338220013784093,0.42948151484249086,"[11, 12, 18]"
c18q1,7378023.730742725,7359300,7359356,7359362,0.45053969073892297,0.44939974406179595,"[88, 66, 117]"
c18q2,22782822.855833504,22773186,22773313,22773309,0.8244430169989233,0.8240988834258269,"[153, 314, 240]"
c18q3,11883330.14037954,11868472,11868514,11868512,0.857073267555132,0.8560046682906465,"[76, 184, 77]"
c18q4,3995345.599441558,3981542,3981595,3981595,1.21666016256313,1.212472838554352,"[44, 19, 112]"
c19q0,1140645.101522884,1139388,1139413,1139409,0.49569699024279773,0.49516154848641636,"[0, 6, 48]"
c19q1,3693927.3579152375,3686850,3686871,3686873,0.2585283683796237,0.25803451224176,"[3, 60, 45]"
c19q2,8085233.785926498,8067140,8067181,8067187,0.33241732922375966,0.3316751046893027,"[76, 102, 79]"
c19q3,9649959.820245802,9630556,9630664,9630663,0.6206480205104403,0.6194069881266,"[56, 94, 215]"
c19q4,2153717.840239146,2149130,2149152,2149155,0.4691285423410145,0.46813399888878837,"[19, 16, 52]"
c20q0,794215.7966073493,770570,770575,770576,0.5938794979302131,0.5762019542703959,"[5, 10, 10]"
c20q1,12337224.476002347,12325290,12325386,12325385,0.5040767231048531,0.5035930243441289,"[121, 126, 192]"
c20q2,14452514.229487069,14447818,14447856,14447859,0.4473750305425546,0.44723083586985196,"[305, 118, 77]"
c20q3,12512437.882796125,12498974,12499013,12499014,0.6528550493677663,0.6521545861484705,"[187, 138, 79]"
c20q4,9975174.750316197,9960208,9960227,9960224,0.8271006894179177,0.8258612831016142,"[231, 75, 41]"
c21q0,1944093.3250206243,1920678,1920681,1920682,0.9668659491434685,0.9552221769225637,"[26, 25, 6]"
c21q1,8085767.204636774,8069708,8069729,8069727,0.5551507517054384,0.5540496043269924,"[208, 46, 43]"
c21q2,61458185.20895771,61448708,61449023,61449055,1.4949332013685825,1.4947103361745944,"[609, 751, 628]"
c21q3,29661418.104365334,29649968,29650067,29650051,0.6154759435944714,0.6152404075979957,"[716, 180, 196]"
c21q4,14189318.891413724,14179602,14179663,14179659,0.7153158613401536,0.714829085876407,"[292, 105, 114]"
c22q0,1.1154114061750675,0,0,0,0.0013496374221801328,0.0,"[0, 0, 0]"
c22q1,795377.6339907149,785542,785545,785545,0.44764546585437787,0.44211157373163235,"[13, 8, 5]"
c22q2,4787916.991217955,4778770,4778780,4778781,0.7760692042784654,0.7745881975030714,"[103, 40, 20]"
c22q3,6923046.603353735,6903308,6903318,6903316,0.6876540380119495,0.6856944305532968,"[182, 44, 19]"
c22q4,3472800.156049317,3461212,3461221,3461222,1.0352783410731274,1.0318264725730404,"[63, 33, 20]"
c23q0,3005924.052134008,2992622,2992632,2992634,0.36816579077604356,0.3665377792893663,"[31, 38, 25]"
c23q1,29219072.32174357,29194532,29194674,29194679,1.16536715095812,1.1643940535789365,"[225, 399, 277]"
c23q2,40366017.137262814,40361880,40362051,40362047,0.9442605781522944,0.9441678004315676,"[445, 493, 351]"
c23q3,25006717.894087274,24995164,24995220,24995223,0.49639383444541946,0.49616559642721164,"[559, 193, 119]"
c23q4,16579025.839875815,16570048,16570116,16570111,0.7255613444839978,0.7251714159404349,"[413, 81, 143]"
c24q0,9999643.151838137,9993958,9993984,9993986,1.2476569410054787,1.2469508478015672,"[80, 151, 53]"
c24q1,14784116.465907741,14764644,14764683,14764691,0.5145210687928077,0.5138447397289602,"[350, 96, 90]"
c24q2,38971346.75843188,38966416,38966574,38966552,0.7722710949217702,0.7721765161174288,"[631, 395, 272]"
c24q3,22295245.970860433,22283786,22283869,22283880,0.6411228115005593,0.6407956549599257,"[436, 181, 169]"
c24q4,17481894.384665757,17469388,17469445,17469434,1.0129368000558256,1.0122154571859674,"[218, 224, 89]"
c25q0,23323780.05377044,23302750,23302863,23302882,1.135535961816611,1.134517599153405,"[227, 290, 230]"
c25q1,44491132.66153985,44474594,44474813,44474830,0.8101076722968706,0.8098105190838182,"[651, 436, 445]"
c25q2,74130683.73402417,74128362,74128806,74128796,0.9021265218679695,0.9021036709568637,"[991, 732, 858]"
c25q3,45802125.335434645,45780518,45780719,45780703,0.824627560324495,0.8242421578123696,"[671, 482, 370]"
c25q4,24426700.42993246,24405974,24406230,24406213,1.784446377051191,1.7829509485288475,"[275, 206, 445]"
c26q0,3380633.1860577,3369038,3369057,3369060,0.4046125598485599,0.40322705896268857,"[0, 59, 34]"
c26q1,19660639.67630236,19636738,19636951,19636959,0.5587387396536105,0.558065527522207,"[2, 263, 407]"
c26q2,19192811.66675103,19184724,19184803,19184812,0.22197877886120718,0.22188615282513868,"[69, 315, 153]"
c26q3,15958783.566280264,15957374,15957490,15957486,0.1234238498243102,0.12341384549474148,"[116, 199, 211]"
c26q4,25297103.57767735,25286952,25287158,25287163,0.1532590340198471,0.15319878010093818,"[155, 299, 417]"
c27q0,179221.958454295,176158,176159,176158,6.740831025867672,6.625628148063384,"[0, 3, 2]"
c27q1,770621.4206833723,748518,748523,748522,0.47832945603827454,0.46461283038905643,"[7, 10, 6]"
c27q2,3335840.1622964935,3314566,3314575,3314581,0.46039760506081384,0.45746268332709533,"[36, 43, 23]"
c27q3,2975987.168464747,2968716,2968723,2968726,0.7466381514470855,0.7448156619646739,"[54, 28, 18]"
c27q4,1921951.3802491764,1915274,1915280,1915278,2.8546246644992017,2.844715836002675,"[21, 26, 10]"
c28q0,1052715.136346294,1043208,1043210,1043209,0.8099865073683165,0.80267300732887,"[0, 20, 6]"
c28q1,42930661.95294105,42908012,42908222,42908225,0.47008265655537546,0.4698369433002882,"[436, 530, 409]"
c28q2,69718521.42559549,69711602,69711834,69711858,0.7252909572375627,0.7252213870686545,"[1182, 683, 475]"
c28q3,145505383.842843,145482014,145483132,145483076,1.115813479927722,1.1156428408383514,"[1868, 1327, 2077]"
c28q4,194154059.86197037,194134792,194136192,194136173,3.081610258778319,3.081326660347313,"[919, 2663, 2615]"
c29q0,13832200.903765868,13815566,13815756,13815777,0.9299621191371616,0.9288565006125673,"[105, 104, 355]"
c29q1,11575780.914708342,11555330,11555413,11555422,0.5624779244865611,0.5614882286314234,"[153, 106, 157]"
c29q2,55541592.17192664,55520044,55520377,55520390,1.051119886747588,1.0507183914313603,"[410, 720, 653]"
c29q3,53044651.968588725,53041312,53041698,53041710,0.7842991001353807,0.7842554238208045,"[516, 580, 734]"
c29q4,16915050.066894196,16913448,16913468,16913467,0.7637476993444662,0.763676265920038,"[458, 102, 45]"
c30q0,384606.8442182712,361908,361915,361916,0.31546415205029366,0.29685173393453146,"[0, 2, 15]"
c30q1,4629202.21688572,4623020,4623033,4623034,0.5228935294823293,0.522196682932885,"[112, 30, 25]"
c30q2,27829045.273855608,27816706,27816873,27816886,0.8311964753277977,0.8308329144860246,"[458, 223, 338]"
c30q3,79516967.11542276,79513488,79513840,79513850,0.8308912133810528,0.8308585374274513,"[1387, 703, 687]"
c30q4,251316054.8445462,253718374,253720735,253720693,1.5235331082004597,1.5381108073201306,"[2458, 2409, 4481]"
c31q0,310796.51684306865,305522,305525,305526,0.7293690527128946,0.7169979962890852,"[0, 5, 4]"
c31q1,3486936.1251645973,3463906,3463930,3463932,0.8355944257017198,0.8300813364868648,"[2, 55, 47]"
c31q2,8174042.750420257,8158034,8158097,8158098,0.769874548622717,0.7683726935698284,"[8, 125, 118]"
c31q3,6635758.590847274,6623384,6623449,6623435,0.6427633938562719,0.6415710427058112,"[13, 93, 109]"
c31q4,5558538.240479264,5554430,5554450,5554450,1.099162033391519,1.0983536124499382,"[7, 102, 34]"
c32q0,8898619.324121501,8896670,8896703,8896708,0.5214636456317651,0.5213513480577019,"[35, 146, 67]"
c32q1,46299352.824880384,46282276,46282681,46282665,0.512423331993872,0.5122388146834911,"[221, 587, 746]"
c32q2,90334533.98969805,90311546,90311911,90311887,0.9224518034085367,0.9222207885715327,"[1284, 989, 685]"
c32q3,147558609.66707075,147548758,147549660,147549674,1.0563312648686285,1.056267196677973,"[2187, 1350, 1691]"
c32q4,80831467.8178005,80819912,80820310,80820331,1.5587729537472268,1.5585577837759295,"[829, 997, 763]"
c33q0,338579.170672606,334428,334430,334430,0.3201921514620753,0.31626830735256956,"[0, 6, 3]"
c33q1,5858631.835078631,5843052,5843108,5843109,0.41020463764867887,0.40911770313519413,"[13, 79, 102]"
c33q2,6063254.2433387395,6055708,6055781,6055783,0.17327477177328068,0.1730612025442897,"[36, 58, 137]"
c33q3,15525209.68664184,15521148,15521246,15521249,0.3664720390841568,0.36637847639771043,"[57, 227, 195]"
c33q4,12130986.199510891,12119496,12119573,12119563,0.2818950381113124,0.2816298227151211,"[99, 147, 156]"
c34q0,255995.60675997785,240840,240841,240843,0.8118310522950792,0.7637717105400224,"[0, 4, 3]"
c34q1,7775354.506910483,7768292,7768301,7768298,2.248425746529062,2.246386059910689,"[36, 142, 13]"
c34q2,4099354.1934359544,4086420,4086425,4086426,0.4077246043270641,0.40643865780251553,"[107, 25, 15]"
c34q3,9225988.462852787,9201622,9201646,9201647,0.8346987452790969,0.8324964204786666,"[122, 113, 50]"
c34q4,2674404.5128308292,2654688,2654700,2654700,0.47854739985589667,0.4750215520137393,"[64, 16, 18]"
c35q0,1776843.1443351684,1772274,1772297,1772306,0.2660169201235218,0.26533630218696724,"[8, 13, 54]"
c35q1,23823068.331971806,23822216,23822372,23822413,0.8850251413931608,0.8849992727143988,"[122, 310, 352]"
c35q2,17573892.57635477,17570176,17570252,17570269,0.4464641736836982,0.44637168495890917,"[193, 213, 158]"
c35q3,8952954.283092666,8940990,8941058,8941050,0.3368472458766547,0.33639965840226077,"[133, 76, 117]"
c35q4,8819505.414994169,8798538,8798569,8798570,1.257680562192396,1.254694984096895,"[52, 133, 72]"
c36q0,1200966.238818329,1187552,1187554,1187558,0.48294636623007525,0.47755288239101634,"[7, 19, 7]"
c36q1,8819515.910651017,8805284,8805397,8805398,0.7635914775272566,0.7623690657810444,"[35, 89, 211]"
c36q2,6389981.78367863,6386938,6386991,6386988,0.39144730707788783,0.3912640930630932,"[63, 68, 92]"
c36q3,9121828.168004978,9105638,9105715,9105715,1.089962641324035,1.0880372870161776,"[33, 124, 139]"
c36q4,1182996.4467808413,1159902,1159908,1159907,0.369435214288847,0.3622249768386098,"[12, 15, 9]"
c37q0,2186094.380028627,2163388,2163402,2163402,0.5504359088036374,0.5447222026900838,"[3, 37, 20]"
c37q1,3773170.1760054613,3770094,3770125,3770117,0.24381548112290324,0.2436187073177892,"[32, 43, 54]"
c37q2,28415885.541859865,28405274,28405447,28405434,0.7556966897427677,0.7554190854598527,"[126, 415, 328]"
c37q3,68473612.33425912,68462008,68462348,68462330,1.2860375712830687,1.2858260101198864,"[202, 1102, 665]"
c37q4,19182757.657913603,19165114,19165305,19165287,0.46320117639788316,0.46277975150053446,"[170, 187, 347]"
c38q0,6319738.4247377245,6315988,6316021,6316019,0.3549443726448188,0.3547355856820197,"[101, 59, 59]"
c38q1,24605007.397087235,24581250,24581433,24581407,0.5796223092014358,0.5790669650693566,"[272, 253, 336]"
c38q2,79535095.48727645,79530730,79531134,79531154,0.9879688993283491,0.9879196905331594,"[871, 948, 761]"
c38q3,38657069.29541933,38648492,38648586,38648574,0.41881156974870654,0.41871966153279755,"[1061, 199, 172]"
c38q4,51055317.77445802,51043374,51043628,51043623,0.7597625670631587,0.7595886096099929,"[1071, 342, 477]"
c39q0,926041.3491238253,906594,906599,906601,1.022609799895795,1.0011399845729367,"[15, 8, 9]"
c39q1,7501490.910840611,7486548,7486571,7486568,0.6790472321500526,0.6776966574068903,"[190, 40, 51]"
c39q2,46201276.40334967,46177386,46177516,46177508,0.8157271061104883,0.8153075937815379,"[966, 383, 243]"
c39q3,33335876.775147963,33327244,33327386,33327391,1.3509766342562266,1.3506325353471447,"[475, 357, 272]"
c39q4,17443388.005834755,17436242,17436312,17436299,0.7204912996258395,0.7201990283859669,"[455, 88, 115]"
