subset,loss_start,loss_end,loss_delta,bpb_start,bpb_end,bpb_delta
4chan-llama3,1.908375859260559,1.9000078439712524,-0.00836801528930664,0.8195977210998535,0.8160038590431213,-0.0035938620567321777
c4_100_domains-llama3,2.0510997772216797,2.0412118434906006,-0.009887933731079102,0.6384979486465454,0.6354228258132935,-0.003075122833251953
c4_en-llama3,2.221724033355713,2.210462808609009,-0.011261224746704102,0.6837071776390076,0.6802417039871216,-0.0034654736518859863
dolma-v1_5-llama3,1.8605271577835083,1.815740942955017,-0.04478621482849121,0.6229240894317627,0.6076837182044983,-0.015240371227264404
dolma_100_programing_languages-llama3,0.7724280953407288,0.7652257084846497,-0.0072023868560791016,0.33150357007980347,0.32843297719955444,-0.0030705928802490234
dolma_100_subreddits-llama3,2.6184487342834473,2.6120944023132324,-0.006354331970214844,0.8591886162757874,0.8571035861968994,-0.0020850300788879395
falcon-refinedweb-llama3,2.2492728233337402,2.2395572662353516,-0.009715557098388672,0.717444121837616,0.7143452167510986,-0.003098905086517334
gab-llama3,3.2674617767333984,3.2535157203674316,-0.013946056365966797,1.3464175462722778,1.3406708240509033,-0.005746722221374512
m2d2_s2orc_unsplit-llama3,1.8004151582717896,1.7914681434631348,-0.008947014808654785,0.5955150127410889,0.5925418138504028,-0.002973198890686035
m2d2_wikipedia_unsplit-llama3,1.7667462825775146,1.7534427642822266,-0.013303518295288086,0.5712189674377441,0.56691974401474,-0.00429922342300415
manosphere_meta_sep-llama3,2.607316732406616,2.600470542907715,-0.006846189498901367,0.8902735114097595,0.8879358172416687,-0.0023376941680908203
mc4-llama3,1.816723108291626,1.8056503534317017,-0.011072754859924316,0.6261802911758423,0.6223634481430054,-0.003816843032836914
ptb-llama3,1.9909075498580933,1.7121638059616089,-0.2787437438964844,0.625905454158783,0.5382734537124634,-0.08763200044631958
redpajama-llama3,1.5937471389770508,1.586376667022705,-0.007370471954345703,0.546907365322113,0.5443781614303589,-0.0025292038917541504
twitterAAE_HELM_fixed-llama3,4.447176933288574,4.461775302886963,0.014598369598388672,2.177720069885254,2.184868574142456,0.0071485042572021484
wikitext_103-llama3,1.6013500690460205,1.6004389524459839,-0.0009111166000366211,0.5092375874519348,0.5089477896690369,-0.0002897977828979492
