metric,proportional_mean,selected_mean,selected_minus_proportional_bpb,contribution_to_macro_bpb,relative_change_pct
eval_dropless/paloma/4chan-llama3/bpb,1.1821801662445068,1.1862690448760986,0.004088878631591797,0.0002555549144744873,0.34587609810619035
eval_dropless/paloma/c4_100_domains-llama3/bpb,1.0217712720235188,1.017254153887431,-0.004517118136088054,-0.00028231988350550335,-0.4420870169056679
eval_dropless/paloma/c4_en-llama3/bpb,1.0429030259450276,1.041788101196289,-0.0011149247487386067,-6.968279679616292e-05,-0.10690588875492679
eval_dropless/paloma/dolma-v1_5-llama3/bpb,0.9967693289120992,0.9957749048868815,-0.0009944240252176921,-6.215150157610576e-05,-0.09976470948429572
eval_dropless/paloma/dolma_100_programing_languages-llama3/bpb,0.6915642619132996,0.6789210438728333,-0.012643218040466309,-0.0007902011275291443,-1.8282058135114188
eval_dropless/paloma/dolma_100_subreddits-llama3/bpb,1.2132513523101807,1.212643027305603,-0.0006083250045776367,-3.8020312786102295e-05,-0.050140064003989515
eval_dropless/paloma/falcon-refinedweb-llama3/bpb,1.106638511021932,1.1059210697809856,-0.0007174412409464518,-4.484007755915324e-05,-0.0648306772085605
eval_dropless/paloma/gab-llama3/bpb,1.8124563694000244,1.8217963774998982,0.009340008099873861,0.0005837505062421163,0.5153231966055882
eval_dropless/paloma/m2d2_s2orc_unsplit-llama3/bpb,0.9650131861368815,0.9478922287623087,-0.017120957374572754,-0.0010700598359107971,-1.7741682311213758
eval_dropless/paloma/m2d2_wikipedia_unsplit-llama3/bpb,0.9946120182673136,0.9944111307462057,-0.00020088752110799155,-1.2555470069249472e-05,-0.020197576282843244
eval_dropless/paloma/manosphere_meta_sep-llama3/bpb,1.2539971669514973,1.2561041116714478,0.002106944719950358,0.00013168404499689737,0.16801829983974503
eval_dropless/paloma/mc4-llama3/bpb,1.0165045658747356,1.0161795616149902,-0.00032500425974527997,-2.0312766234079998e-05,-0.03197272994692746
eval_dropless/paloma/ptb-llama3/bpb,1.1794570684432983,1.187307635943095,0.007850567499796549,0.0004906604687372843,0.6656085846480364
eval_dropless/paloma/redpajama-llama3/bpb,0.9311073025067648,0.9310707449913025,-3.6557515462239586e-05,-2.284844716389974e-06,-0.003926240870821829
eval_dropless/paloma/twitterAAE_HELM_fixed-llama3/bpb,2.574774185816447,2.5797173976898193,0.0049432118733723955,0.0003089507420857747,0.19198622934015752
eval_dropless/paloma/wikitext_103-llama3/bpb,1.0025631189346313,1.0031405488650005,0.0005774299303690592,3.60893706480662e-05,0.05759536925542541
