step,intercept,time_1000,mix_after,execution_after,mix_post_time_1000,execution_post_time_1000
0,1.0,-108.0,0.0,0.0,0.0,0.0
2999,1.0,-105.001,0.0,0.0,0.0,0.0
5999,1.0,-102.001,0.0,0.0,0.0,0.0
8999,1.0,-99.001,0.0,0.0,0.0,0.0
11999,1.0,-96.001,0.0,0.0,0.0,0.0
14999,1.0,-93.001,0.0,0.0,0.0,0.0
17999,1.0,-90.001,0.0,0.0,0.0,0.0
20999,1.0,-87.001,0.0,0.0,0.0,0.0
23999,1.0,-84.001,0.0,0.0,0.0,0.0
26999,1.0,-81.001,0.0,0.0,0.0,0.0
29999,1.0,-78.001,0.0,0.0,0.0,0.0
32999,1.0,-75.001,0.0,0.0,0.0,0.0
35999,1.0,-72.001,0.0,0.0,0.0,0.0
38999,1.0,-69.001,0.0,0.0,0.0,0.0
41999,1.0,-66.001,0.0,0.0,0.0,0.0
44999,1.0,-63.001,0.0,0.0,0.0,0.0
47999,1.0,-60.001,0.0,0.0,0.0,0.0
50999,1.0,-57.001,0.0,0.0,0.0,0.0
53999,1.0,-54.001,0.0,0.0,0.0,0.0
56999,1.0,-51.001,0.0,0.0,0.0,0.0
59999,1.0,-48.001,0.0,0.0,0.0,0.0
62999,1.0,-45.001,0.0,0.0,0.0,0.0
65999,1.0,-42.001,0.0,0.0,0.0,0.0
68999,1.0,-39.001,0.0,0.0,0.0,0.0
71999,1.0,-36.001,0.0,0.0,0.0,0.0
74999,1.0,-33.001,0.0,0.0,0.0,0.0
77999,1.0,-30.001,0.0,0.0,0.0,0.0
80999,1.0,-27.001,0.0,0.0,0.0,0.0
83999,1.0,-24.001,0.0,0.0,0.0,0.0
86999,1.0,-21.001,0.0,0.0,0.0,0.0
89999,1.0,-18.001,0.0,0.0,0.0,0.0
92999,1.0,-15.001,0.0,0.0,0.0,0.0
95999,1.0,-12.001,0.0,0.0,0.0,0.0
98999,1.0,-9.001,0.0,0.0,0.0,0.0
101999,1.0,-6.001,0.0,0.0,0.0,0.0
104999,1.0,-3.001,0.0,0.0,0.0,0.0
107999,1.0,-0.001,0.0,0.0,0.0,0.0
110999,1.0,2.999,1.0,1.0,2.999,2.221
113999,1.0,5.999,1.0,1.0,5.999,5.221
116999,1.0,8.999,1.0,1.0,8.999,8.221
119999,1.0,11.999,1.0,1.0,11.999,11.221
122999,1.0,14.999,1.0,1.0,14.999,14.221
125999,1.0,17.999,1.0,1.0,17.999,17.221
128999,1.0,20.999,1.0,1.0,20.999,20.221
131999,1.0,23.999,1.0,1.0,23.999,23.221
134999,1.0,26.999,1.0,1.0,26.999,26.221
137999,1.0,29.999,1.0,1.0,29.999,29.221
140999,1.0,32.999,1.0,1.0,32.999,32.221000000000004
143999,1.0,35.999,1.0,1.0,35.999,35.221000000000004
146999,1.0,38.999,1.0,1.0,38.999,38.221000000000004
149999,1.0,41.999,1.0,1.0,41.999,41.221000000000004
152999,1.0,44.999,1.0,1.0,44.999,44.221000000000004
155999,1.0,47.999,1.0,1.0,47.999,47.221000000000004
158999,1.0,50.999,1.0,1.0,50.999,50.221000000000004
161999,1.0,53.999,1.0,1.0,53.999,53.221000000000004
164999,1.0,56.999,1.0,1.0,56.999,56.221000000000004
167999,1.0,59.999,1.0,1.0,59.999,59.221000000000004
170999,1.0,62.999,1.0,1.0,62.999,62.221000000000004
173999,1.0,65.999,1.0,1.0,65.999,65.22099999999999
176999,1.0,68.999,1.0,1.0,68.999,68.22099999999999
179999,1.0,71.999,1.0,1.0,71.999,71.22099999999999
182999,1.0,74.999,1.0,1.0,74.999,74.22099999999999
185999,1.0,77.999,1.0,1.0,77.999,77.22099999999999
188999,1.0,80.999,1.0,1.0,80.999,80.22099999999999
191999,1.0,83.999,1.0,1.0,83.999,83.22099999999999
194999,1.0,86.999,1.0,1.0,86.999,86.22099999999999
197999,1.0,89.999,1.0,1.0,89.999,89.22099999999999
