subset,pre_switch_loss_delta,pre_switch_bpb_delta,crosses_mix_and_execution_changes_loss_delta,crosses_mix_and_execution_changes_bpb_delta,post_switch_loss_delta,post_switch_bpb_delta,late_loss_delta,baseline_loss,late_bpb_delta,baseline_bpb
4chan-llama3,0.0020438432693481445,0.0008777976036071777,-0.009643912315368652,-0.004141807556152344,-0.0029834508895874023,-0.0012813210487365723,-0.04401814937591553,1.9523940086364746,-0.01890462636947632,0.8385023474693298
c4_100_domains-llama3,-0.0003986358642578125,-0.00012493133544921875,-0.0076751708984375,-0.0023903846740722656,-0.0031583309173583984,-0.0009835362434387207,-0.06682467460632324,2.117924451828003,-0.020805656909942627,0.659303605556488
c4_en-llama3,0.001932382583618164,0.0005946755409240723,-0.01070094108581543,-0.0032930374145507812,-0.0025572776794433594,-0.0007870197296142578,-0.06574463844299316,2.287468671798706,-0.020232081413269043,0.7039392590522766
dolma-v1_5-llama3,-0.001596689224243164,-0.0005225539207458496,0.009580612182617188,0.00323641300201416,0.001306772232055664,0.0004534721374511719,-0.03333020210266113,1.8938573598861694,-0.011116504669189453,0.6340405941009521
dolma_100_programing_languages-llama3,2.390146255493164e-05,3.2454729080200195e-05,0.00043380260467529297,0.0001125633716583252,6.681680679321289e-05,6.213784217834473e-05,-0.034004032611846924,0.8064321279525757,-0.014498203992843628,0.3460017740726471
dolma_100_subreddits-llama3,0.003040313720703125,0.000998377799987793,-0.007134437561035156,-0.0023387670516967773,0.0012776851654052734,0.0004189610481262207,-0.04688668251037598,2.6653354167938232,-0.015381038188934326,0.8745696544647217
falcon-refinedweb-llama3,-0.0030448436737060547,-0.0009711384773254395,-0.0029201507568359375,-0.0009315013885498047,-0.0051038265228271484,-0.0016279220581054688,-0.06397366523742676,2.313246488571167,-0.02040553092956543,0.7378496527671814
gab-llama3,-0.013597249984741211,-0.00560307502746582,-0.04961872100830078,-0.020446181297302246,0.0015091896057128906,0.000621795654296875,-0.09800052642822266,3.365462303161621,-0.0403827428817749,1.3868002891540527
m2d2_s2orc_unsplit-llama3,-0.0007568597793579102,-0.00026857852935791016,0.008268356323242188,0.002843916416168213,0.003857135772705078,0.0013198256492614746,-0.022694110870361328,1.8231092691421509,-0.007365047931671143,0.60288006067276
m2d2_wikipedia_unsplit-llama3,-0.0020596981048583984,-0.000657498836517334,0.01211404800415039,0.0039182305335998535,0.002801656723022461,0.0009030699729919434,-0.05157029628753662,1.8183165788650513,-0.016665160655975342,0.5878841280937195
manosphere_meta_sep-llama3,0.0004146099090576172,0.00014156103134155273,0.00013303756713867188,4.5418739318847656e-05,0.0006999969482421875,0.00023895502090454102,-0.03494906425476074,2.642265796661377,-0.011933445930480957,0.9022069573402405
mc4-llama3,0.0008453130722045898,0.0002887248992919922,-0.005666494369506836,-0.0019497275352478027,-0.002623438835144043,-0.0009021162986755371,-0.06474947929382324,1.8814725875854492,-0.02231675386428833,0.6484970450401306
ptb-llama3,0.1485363245010376,0.046697139739990234,0.03489232063293457,0.01096951961517334,-0.0443880558013916,-0.01395481824874878,-0.11849582195281982,2.109403371810913,-0.037252962589263916,0.6631584167480469
redpajama-llama3,-0.0028682947158813477,-0.0009842514991760254,-0.0012627840042114258,-0.00043338537216186523,0.0018264055252075195,0.0006267428398132324,-0.040521860122680664,1.6342689990997314,-0.013905465602874756,0.5608128309249878
twitterAAE_HELM_fixed-llama3,-0.018828868865966797,-0.009219884872436523,0.00028324127197265625,0.0001385211944580078,-5.8650970458984375e-05,-2.8848648071289062e-05,-0.00328826904296875,4.450465202331543,-0.0016102790832519531,2.179330348968506
wikitext_103-llama3,0.03097546100616455,0.009850382804870605,-0.0010180473327636719,-0.0003237128257751465,0.018125176429748535,0.005763888359069824,-0.07834112644195557,1.679691195487976,-0.02491283416748047,0.5341504216194153
