pair,run_a,run_b,budget_convention,phase0_tokens,phase1_tokens,l1_exposure_difference_tokens,net_token_difference,paloma_a,paloma_b,paloma_b_minus_a,gsm8k_a,gsm8k_b,gsm8k_b_minus_a,controlled_config_differences
r-stem high pre_vs_cool seed0,h100-d512-mix-r-stem-pre-high-seed0-from10pct-20260826-rno2a,h100-d512-mix-r-stem-cool-high-seed0-from10pct-20260826-rno2a,registry_nominal_simulated,13125000000000,3750000000000,2523148148.148144,3.790855407714844e-05,1.1943116188049316,1.1942672729492188,-4.4345855712890625e-05,0.7434423201091503,0.7125461513932274,-0.030896168715922934,
r-stem high pre_vs_cool seed0,h100-d512-mix-r-stem-pre-high-seed0-from10pct-20260826-rno2a,h100-d512-mix-r-stem-cool-high-seed0-from10pct-20260826-rno2a,weight_compensation_2726_810_physical,11433672704,3397386240,5.212314135860652e-08,3.309287421870977e-08,1.1943116188049316,1.1942672729492188,-4.4345855712890625e-05,0.7434423201091503,0.7125461513932274,-0.030896168715922934,
r-stem high pre_vs_cool seed0,h100-d512-mix-r-stem-pre-high-seed0-from10pct-20260826-rno2a,h100-d512-mix-r-stem-cool-high-seed0-from10pct-20260826-rno2a,observed_2727_810_physical,11437867008,3397386240,20971.519999994744,3.309287421870977e-08,1.1943116188049316,1.1942672729492188,-4.4345855712890625e-05,0.7434423201091503,0.7125461513932274,-0.030896168715922934,
r-stem low pre_vs_cool seed0,h100-d512-mix-r-stem-pre-low-seed0-from10pct-20260826-rno2a,h100-d512-mix-r-stem-cool-low-seed0-from10pct-20260826-rno2a,registry_nominal_simulated,13125000000000,3750000000000,2523148148.1481476,-3.0279159545898438e-05,1.1936583518981934,1.194276213645935,0.0006178617477416992,0.7316495517311271,0.7269039339608171,-0.004745617770310018,
r-stem low pre_vs_cool seed0,h100-d512-mix-r-stem-pre-low-seed0-from10pct-20260826-rno2a,h100-d512-mix-r-stem-cool-low-seed0-from10pct-20260826-rno2a,weight_compensation_2726_810_physical,11433672704,3397386240,4.0934537537395954e-08,-2.61206878349185e-08,1.1936583518981934,1.194276213645935,0.0006178617477416992,0.7316495517311271,0.7269039339608171,-0.004745617770310018,
r-stem low pre_vs_cool seed0,h100-d512-mix-r-stem-pre-low-seed0-from10pct-20260826-rno2a,h100-d512-mix-r-stem-cool-low-seed0-from10pct-20260826-rno2a,observed_2727_810_physical,11437867008,3397386240,20971.519999998014,-2.61206878349185e-08,1.1936583518981934,1.194276213645935,0.0006178617477416992,0.7316495517311271,0.7269039339608171,-0.004745617770310018,
r-stem swap_high_vs_low seed0,h100-d512-mix-r-stem-high-pre-swap-seed0-from10pct-20260826-rno2a,h100-d512-mix-r-stem-low-pre-swap-seed0-from10pct-20260826-rno2a,registry_nominal_simulated,13125000000000,3750000000000,5046296296.296289,6.628036499023438e-05,1.1940338611602783,1.1943914890289307,0.00035762786865234375,0.7490195441146397,0.7269128364547479,-0.022106707659891756,
r-stem swap_high_vs_low seed0,h100-d512-mix-r-stem-high-pre-swap-seed0-from10pct-20260826-rno2a,h100-d512-mix-r-stem-low-pre-swap-seed0-from10pct-20260826-rno2a,weight_compensation_2726_810_physical,11433672704,3397386240,9.165887604467571e-08,6.107802619226277e-08,1.1940338611602783,1.1943914890289307,0.00035762786865234375,0.7490195441146397,0.7269128364547479,-0.022106707659891756,
r-stem swap_high_vs_low seed0,h100-d512-mix-r-stem-high-pre-swap-seed0-from10pct-20260826-rno2a,h100-d512-mix-r-stem-low-pre-swap-seed0-from10pct-20260826-rno2a,observed_2727_810_physical,11437867008,3397386240,41943.039999994624,6.107802619226277e-08,1.1940338611602783,1.1943914890289307,0.00035762786865234375,0.7490195441146397,0.7269128364547479,-0.022106707659891756,
r-stem swap_high_vs_low seed1,h100-d512-mix-r-stem-high-pre-swap-seed1-from10pct-20260826-rno2a,h100-d512-mix-r-stem-low-pre-swap-seed1-from10pct-20260826-rno2a,registry_nominal_simulated,13125000000000,3750000000000,5046296296.296289,6.628036499023438e-05,1.1940324306488037,1.194162130355835,0.00012969970703125,0.6466425620951115,0.6448223581698563,-0.0018202039252551705,
r-stem swap_high_vs_low seed1,h100-d512-mix-r-stem-high-pre-swap-seed1-from10pct-20260826-rno2a,h100-d512-mix-r-stem-low-pre-swap-seed1-from10pct-20260826-rno2a,weight_compensation_2726_810_physical,11433672704,3397386240,9.165887604467571e-08,6.107802619226277e-08,1.1940324306488037,1.194162130355835,0.00012969970703125,0.6466425620951115,0.6448223581698563,-0.0018202039252551705,
r-stem swap_high_vs_low seed1,h100-d512-mix-r-stem-high-pre-swap-seed1-from10pct-20260826-rno2a,h100-d512-mix-r-stem-low-pre-swap-seed1-from10pct-20260826-rno2a,observed_2727_810_physical,11437867008,3397386240,41943.039999994624,6.107802619226277e-08,1.1940324306488037,1.194162130355835,0.00012969970703125,0.6466425620951115,0.6448223581698563,-0.0018202039252551705,
u-math high pre_vs_cool seed0,h100-d512-mix-u-math-pre-high-seed0-from10pct-20260826-rno2a,h100-d512-mix-u-math-cool-high-seed0-from10pct-20260826-rno2a,registry_nominal_simulated,13125000000000,3750000000000,2523148148.1481457,2.4557113647460938e-05,1.1936372518539429,1.193894863128662,0.0002576112747192383,0.7490926761620594,0.7294991395611865,-0.01959353660087293,
u-math high pre_vs_cool seed0,h100-d512-mix-u-math-pre-high-seed0-from10pct-20260826-rno2a,h100-d512-mix-u-math-cool-high-seed0-from10pct-20260826-rno2a,weight_compensation_2726_810_physical,11433672704,3397386240,4.0192389860749245e-08,2.034357748925686e-08,1.1936372518539429,1.193894863128662,0.0002576112747192383,0.7490926761620594,0.7294991395611865,-0.01959353660087293,
u-math high pre_vs_cool seed0,h100-d512-mix-u-math-pre-high-seed0-from10pct-20260826-rno2a,h100-d512-mix-u-math-cool-high-seed0-from10pct-20260826-rno2a,observed_2727_810_physical,11437867008,3397386240,20971.519999996206,2.2206222638487816e-08,1.1936372518539429,1.193894863128662,0.0002576112747192383,0.7490926761620594,0.7294991395611865,-0.01959353660087293,
u-math low pre_vs_cool seed0,h100-d512-mix-u-math-pre-low-seed0-from10pct-20260826-rno2a,h100-d512-mix-u-math-cool-low-seed0-from10pct-20260826-rno2a,registry_nominal_simulated,13125000000000,3750000000000,2523148148.148136,-3.7670135498046875e-05,1.194048285484314,1.1935486793518066,-0.0004996061325073242,0.7295649072653138,0.7634989327593593,0.03393402549404556,
u-math low pre_vs_cool seed0,h100-d512-mix-u-math-pre-low-seed0-from10pct-20260826-rno2a,h100-d512-mix-u-math-cool-low-seed0-from10pct-20260826-rno2a,weight_compensation_2726_810_physical,11433672704,3397386240,5.3871190175414085e-08,-3.181048668920994e-08,1.194048285484314,1.1935486793518066,-0.0004996061325073242,0.7295649072653138,0.7634989327593593,0.03393402549404556,
u-math low pre_vs_cool seed0,h100-d512-mix-u-math-pre-low-seed0-from10pct-20260826-rno2a,h100-d512-mix-u-math-cool-low-seed0-from10pct-20260826-rno2a,observed_2727_810_physical,11437867008,3397386240,20971.51999998532,-3.3673131838440895e-08,1.194048285484314,1.1935486793518066,-0.0004996061325073242,0.7295649072653138,0.7634989327593593,0.03393402549404556,
u-math swap_high_vs_low seed0,h100-d512-mix-u-math-high-pre-swap-seed0-from10pct-20260826-rno2a,h100-d512-mix-u-math-low-pre-swap-seed0-from10pct-20260826-rno2a,registry_nominal_simulated,13125000000000,3750000000000,5046296296.296282,6.246566772460938e-05,1.1931617259979248,1.193481206893921,0.00031948089599609375,0.7459145645908418,0.717738143894773,-0.02817642069606885,
u-math swap_high_vs_low seed0,h100-d512-mix-u-math-high-pre-swap-seed0-from10pct-20260826-rno2a,h100-d512-mix-u-math-low-pre-swap-seed0-from10pct-20260826-rno2a,weight_compensation_2726_810_physical,11433672704,3397386240,9.452924132347107e-08,5.448237061500549e-08,1.1931617259979248,1.193481206893921,0.00031948089599609375,0.7459145645908418,0.717738143894773,-0.02817642069606885,
u-math swap_high_vs_low seed0,h100-d512-mix-u-math-high-pre-swap-seed0-from10pct-20260826-rno2a,h100-d512-mix-u-math-low-pre-swap-seed0-from10pct-20260826-rno2a,observed_2727_810_physical,11437867008,3397386240,41943.039999983856,5.820766091346741e-08,1.1931617259979248,1.193481206893921,0.00031948089599609375,0.7459145645908418,0.717738143894773,-0.02817642069606885,
u-math swap_high_vs_low seed1,h100-d512-mix-u-math-high-pre-swap-seed1-from10pct-20260826-rno2a,h100-d512-mix-u-math-low-pre-swap-seed1-from10pct-20260826-rno2a,registry_nominal_simulated,13125000000000,3750000000000,5046296296.296282,6.246566772460938e-05,1.1941763162612915,1.1938097476959229,-0.00036656856536865234,0.6551657524591232,0.649143985637335,-0.0060217668217882325,
u-math swap_high_vs_low seed1,h100-d512-mix-u-math-high-pre-swap-seed1-from10pct-20260826-rno2a,h100-d512-mix-u-math-low-pre-swap-seed1-from10pct-20260826-rno2a,weight_compensation_2726_810_physical,11433672704,3397386240,9.452924132347107e-08,5.448237061500549e-08,1.1941763162612915,1.1938097476959229,-0.00036656856536865234,0.6551657524591232,0.649143985637335,-0.0060217668217882325,
u-math swap_high_vs_low seed1,h100-d512-mix-u-math-high-pre-swap-seed1-from10pct-20260826-rno2a,h100-d512-mix-u-math-low-pre-swap-seed1-from10pct-20260826-rno2a,observed_2727_810_physical,11437867008,3397386240,41943.039999983856,5.820766091346741e-08,1.1941763162612915,1.1938097476959229,-0.00036656856536865234,0.6551657524591232,0.649143985637335,-0.0060217668217882325,
