metric,old_mean,new_mean,change_pct,seed0_delta,seed1_delta,seed2_delta,seed0_change_pct,seed1_change_pct,seed2_change_pct,mean_paired_delta,t95_low,t95_high,sign_flip_two_sided_p,all_three_improve,all_three_worsen
arc_challenge_0shot,1.5057419870861501,1.5328536197938307,1.8005496917931962,0.0495489529740496,-0.012332216362856085,0.044118161511848,3.37583137632691,-0.8090075211923731,2.892791663204264,0.027111632707680505,-0.05801264073876507,0.11223590615412608,0.5,False,False
belebele_arabic,2.112317531288628,2.337672606268703,10.668617366565925,0.28831182463766636,0.35709503286108735,0.030658367441472212,13.504317103334662,17.31010714892833,1.4332607022384147,0.22535507498007532,-0.2021251730669302,0.6528353230270808,0.25,False,True
belebele_bengali,2.4048823197086224,2.1621318679693116,-10.094067794914919,-0.007410600094581721,-0.014430552776604433,-0.7064102023467469,-0.340966739647397,-0.6512429885411231,-25.00221250104332,-0.242750451739311,-1.240272005514522,0.7547711020358999,0.25,True,False
belebele_chinese_simplified,2.1114572896111445,2.2880921253543285,8.365541496494755,0.23296501258530222,0.30586554843514024,-0.008926053790891064,10.992693244795703,14.93644722406593,-0.41184741241980793,0.1766348357431838,-0.23270745497847753,0.5859771264648451,0.5,False,False
belebele_french,2.084444806462879,2.2114830422495855,6.094583814012289,0.03926074462842344,0.30699899388516494,0.03485496884653072,1.8864727349706012,14.725216299695344,1.6698510026941005,0.12703823578670637,-0.260154760082359,0.5142312316557718,0.25,False,True
belebele_german,2.147408759550101,2.3313346203732297,8.565013996760573,0.031122637856045188,0.5654565189891909,-0.04480157437585053,1.4417697779033345,26.530578782931457,-2.0816194147790568,0.18392586082312853,-0.6422706839176534,1.0101224055639104,0.75,False,False
belebele_hebrew,2.159602075917412,2.1830951781718917,1.0878440299933345,0.026750750108955668,0.22227191053160622,-0.17854335387712217,1.2590831048310047,10.704265601896722,-7.838739269218609,0.023493102254479908,-0.4743963810287806,0.5213825855377404,0.75,False,False
belebele_hindi,2.2356315342064472,2.2897934268472646,2.4226663388894565,0.25838022148220263,0.11182133288234875,-0.2077158764420992,12.197227070334682,5.136183305262465,-8.613863803173727,0.05416189264081739,-0.5379017352585014,0.6462255205401362,0.75,False,False
belebele_indonesian,2.096886669800418,2.210954840979002,5.439882508740501,0.010543769995678964,0.36812493780792277,-0.03646419426784986,0.49656515458111894,17.79173500665927,-1.7378458872886027,0.11406817117858396,-0.43560065579853363,0.6637369981557015,0.75,False,False
belebele_japanese,2.182791634589571,2.503730316586194,14.703129557163109,0.6701380114212427,0.17520913061995236,0.11746890394867515,30.693352471397482,8.428365016061301,5.13808534110114,0.3209386819966234,-0.43371852781891446,1.0755958918121613,0.25,False,True
belebele_korean,2.1032859224769482,2.3174181556205413,10.180842787718515,0.23520347160015076,0.38012626459149823,0.02706696323913116,11.314197597141451,18.36827732943169,1.252200702378925,0.2141322331435934,-0.2267284878153266,0.6549929541025133,0.25,False,True
belebele_mean,2.2256307109553477,2.2799398937653854,2.4401704443917094,0.06845656579989257,0.21080220781838488,-0.11633122518816386,3.096640534481887,9.73725369558689,-5.05498706731351,0.05430918281003786,-0.3531513649422736,0.4617697305623494,0.75,False,False
belebele_portuguese,2.082693400690992,2.168188643885809,4.105032606645387,0.07229897827775877,0.16030653171095377,0.023880219595738605,3.387866020229957,7.819747576311653,1.1569863833921001,0.08549524319481705,-0.08631733100313957,0.25730781739277364,0.25,False,True
belebele_russian,2.0832427080865203,2.1889331596708796,5.073362367913292,0.0744969804760025,0.2684344630223894,-0.025860088745313092,3.55506689699443,13.064057196213152,-1.2317513947309289,0.1056904515843596,-0.2659526175995236,0.47733352076824276,0.5,False,False
belebele_spanish,2.067142500376413,2.1804146970233136,5.479651094507254,0.019616072577836707,0.27012177315339825,0.05007874420946701,0.9351216733055612,13.15655757976284,2.442161896426942,0.11327219664690065,-0.2262771334818074,0.45282152677560866,0.25,False,True
belebele_swahili,2.6114728522938004,2.274699969267861,-12.895898294716456,-0.7065401639032522,0.11620184641929088,-0.4199803315938566,-24.50669020833125,4.872253061685483,-16.36458980596859,-0.33677288302593933,-1.3742349043859035,0.7006891383340248,0.5,False,False
belebele_thai,2.0993504309925877,2.2055411384184387,5.058264968923898,0.17472682314269816,0.1579412454278688,-0.014095946293013473,8.391932531583457,7.612257341669393,-0.6583376298162968,0.10619070742585117,-0.15342364993034274,0.3658050647820451,0.5,False,False
belebele_turkish,2.5538407218462233,2.4946613705639544,-2.3172686838311085,0.0043266860246906624,-0.20512307555228615,0.02325833568078961,0.17527716643463975,-7.844475828510067,0.9021268730049936,-0.05917935128226862,-0.37403123665115207,0.2556725340866148,1.0,False,False
belebele_vietnamese,2.2262087829588104,2.3095299108168517,3.742736462808338,0.05215018962996387,0.3315504994123111,-0.13373730546815166,2.399095838518517,15.248511303886803,-5.738397247534377,0.08332112785804109,-0.498475941126671,0.6651181968427532,0.75,False,False
belebele_yoruba,2.6986928563387402,2.381243017709779,-11.763096266525075,-0.2441232260487225,-0.08353266069030063,-0.6246936291478615,-9.530371639183032,-3.2787888715674063,-20.914577154685475,-0.31744983862896153,-1.0078720766273241,0.372972399369401,0.25,True,False
boolq_0shot,2.3371176178362445,2.7906086239093884,19.40385895053909,-0.056697865623541954,-0.01858357721319459,1.435754461056167,-2.411738710754563,-0.6250893799284118,85.0820884962441,0.45349100607314347,-1.660208472250678,2.567190484396965,1.0,False,False
copa_0shot,1.796569668657792,1.816864234393883,1.1296286523223342,-0.00277753458572616,0.0109522673832112,0.05270896441078765,-0.1553668180467649,0.599358633113467,2.970103482573938,0.020294565736090897,-0.05149429771654718,0.09208342918872897,0.5,False,False
csqa_0shot,3.5131431938368234,3.4542268277828194,-1.6770271749059984,-1.0101029237714636,-0.14698016461657204,0.9803339902260242,-26.650210618579674,-4.098944133276228,30.989892300924815,-0.05891636605400382,-2.5384245499265585,2.4205918178185506,0.75,False,False
gpqa_0shot,3.0533798706869466,2.550840210998205,-16.458471627235838,0.11403402553403685,-0.33022768914224754,-1.291425315458014,4.173955809237739,-10.26068093919692,-40.2347958981839,-0.5025396596887416,-2.2871424476408166,1.2820631282633337,0.5,False,False
hellaswag_0shot,0.9607474136811018,0.9622273651381884,0.15404168005159757,0.000353375884874052,0.001327992048669957,0.0027584864377157015,0.03677675350433063,0.13828331461946952,0.28703341377456226,0.0014799514570865702,-0.001525196024403291,0.004485098938576432,0.25,False,True
include_arabic,2.080453476899073,2.0569482105554084,-1.1298145622895328,-0.042387151488323394,-0.00499403626607009,-0.023134611276599326,-2.0464399077705364,-0.2401750393711488,-1.1065138860391621,-0.02350526634366427,-0.06995693486565045,0.022946402178321914,0.25,True,False
include_bengali,2.0879037648235172,2.0974061795927446,0.4551174689811699,0.028365418092822114,-0.071816719027475,0.07195854524233392,1.3436552839267257,-3.406912184638189,3.5193116263993574,0.009502414769227011,-0.17362910903969345,0.19263393857814745,0.75,False,False
include_chinese,2.0624258857468707,2.067323055019519,0.2374470426545816,-0.02456767039652119,-0.010621947514648511,0.04988112572911518,-1.1843952337005637,-0.512372091940505,2.445266621313169,0.004897169272648494,-0.09341595218270124,0.10321029072799823,1.0,False,False
include_french,2.0660410477591222,2.073419923648202,0.3571504979091644,0.008113078582087763,-0.0419995843524803,0.05602313343763132,0.39397581845401763,-2.0083520447420344,2.736047459018942,0.007378875889079595,-0.11438233432704797,0.12914008610520716,0.75,False,False
include_german,2.0590302889898475,2.015679577371079,-2.1053945563878185,0.030068325077766467,-0.1366999856494593,-0.02342047428461358,1.49966284241827,-6.431953280162073,-1.1442712064456906,-0.0433507116187688,-0.2548794959865225,0.16817807274898486,0.75,False,False
include_hebrew,2.100660110805721,2.0862868980177462,-0.6842236263753243,-0.02196343873774742,-0.012941539067648389,-0.008214660558528486,-1.0513406323101382,-0.624203303129256,-0.38393395922426965,-0.014373212787974765,-0.031725673547830846,0.0029792479718813193,0.25,True,False
include_hindi,2.0792892729269536,2.112697978980065,1.6067368060858067,0.06883576502074051,-0.0027816670457236903,0.034172020184315866,3.3181742577363282,-0.13411805126752885,1.6355595018295643,0.033408706053110894,-0.05556023196602517,0.12237764407224697,0.5,False,False
include_indonesian,2.0789662347824986,2.076693496194364,-0.1093206108935374,-0.0333933993038289,-0.028848918011340263,0.055424101550764604,-1.5961785798410677,-1.3865829924069706,2.6849664056939115,-0.002272738588134852,-0.12652574850970738,0.12198027133343767,1.0,False,False
include_japanese,2.068139351775027,2.1082723624375275,1.9405370642967323,0.05066715079116024,-0.01535097540385122,0.08508285660019244,2.428998553566175,-0.7399670205314735,4.1626847299434555,0.04013301066250049,-0.08665453415387289,0.16692055547887388,0.5,False,False
include_korean,2.0776398474391113,2.103352966059701,1.237611930300786,-0.017613209863791113,-0.027545013782706906,0.12229757950826547,-0.8450485947610775,-1.3072047091107541,5.9906720757878285,0.025713118620589153,-0.1824374443788512,0.2338636816200295,1.0,False,False
include_mean,2.077282495424905,2.08129976606601,0.19339067507442298,0.0055255506497089435,-0.02865065518429466,0.03517691645790144,0.2667283380203722,-1.3692815142374082,1.7011273772681745,0.004017270641105242,-0.07532734419791497,0.08336188548012545,0.75,False,False
include_portuguese,2.096323969622472,2.11530334442066,0.9053645845401359,-0.0010749986278733026,-0.037392219340461885,0.09540534236289888,-0.05144231878916328,-1.7804967194626986,4.544940411342191,0.018979374798187898,-0.1515134141441981,0.1894721637405739,1.0,False,False
include_russian,2.062517719049615,2.0561279615269297,-0.3098037638013529,0.006242976146012769,0.0017353671039801455,-0.02714761581804881,0.30340800241366317,0.08381409026452236,-1.3182037768181498,-0.006389757522685298,-0.05139628289063416,0.03861676784526356,1.0,False,False
include_spanish,2.0455419581304612,2.077784445313324,1.5762320129737661,0.020849518365157582,0.012021450021884927,0.06385649316154529,1.017975199573895,0.5835153916958546,3.14825687582736,0.0322424871828626,-0.03664779470087863,0.10113276906660383,0.25,False,True
include_turkish,2.097407879072157,2.084644819856735,-0.6085158419957937,0.03387962533110045,-0.05992499495308756,-0.012243808024279712,1.6574980376308668,-2.789711144814544,-0.5830024108504528,-0.012763059215422276,-0.12928021158601904,0.1037540931551745,0.75,False,False
include_vietnamese,2.0968966235511237,2.087555271996149,-0.44548460091250464,-0.02313872924312843,0.007400955524672792,-0.012286280946468775,-1.1083056807664082,0.3490438616762459,-0.5899543200033608,-0.009341351554974805,-0.047799184634013434,0.02911648152406382,0.5,False,False
lambada_0shot,0.8657259804337699,0.8623819395188806,-0.3862701351776132,-0.00023749976408360407,-0.010447202288999535,0.0006525793084152243,-0.027390281045414078,-1.2063292474258525,0.07552559778734036,-0.003344040914889305,-0.018665197903565252,0.011977116073786643,0.75,False,False
lb_bbh_3shot,1.7394210509075827,1.8155655140930445,4.377575121660837,0.17354850286947876,-0.006276377825704449,0.06116126451261095,11.178899323937141,-0.3367433652896379,3.3941670592190443,0.07614446318546175,-0.14952436228280794,0.30181328865373147,0.5,False,False
logprob_gsm8k_5shot,0.7038808875598414,0.7802076989485478,10.843711306512404,0.07848742194448333,0.09727237405790268,0.053220638163733236,10.588870871459765,15.089912521569126,7.33270140923219,0.07632681138870641,0.02141444087603389,0.13123918190137893,0.25,False,True
logprob_humaneval_10shot,0.5176012245548983,0.49672331175246504,-4.0335903031116,-0.01559175061364948,-0.03277742095944519,-0.014264566834205072,-3.0362402188577997,-6.268222529761935,-2.76248128950789,-0.020877912802433247,-0.04653065830047339,0.004774832695606898,0.25,True,False
medmcqa_0shot,2.496934260629141,2.8137643811988995,12.688765001363244,0.5059281362248957,0.7104795279950018,-0.26591730251062184,20.566778218580062,29.66801591512973,-10.087496854838673,0.31683012056975857,-0.962334949436088,1.5959951905756051,0.5,False,False
medqa_0shot,2.542674222898829,3.3342765454497982,31.132667937636405,0.4044617524820313,2.4341705777735814,-0.4638253626027051,18.414171315338336,102.67924613605612,-15.153245892971123,0.7916023225509692,-2.9030074205329806,4.486212065634919,0.75,False,False
mmlu_pro_5shot,4.048721272218756,3.974465145893316,-1.8340636791909115,-0.016132423898154613,0.25385026767192187,-0.460486222750089,-0.4021097857339062,6.457555794666159,-10.955713141107303,-0.07425612632544058,-0.9702792235549744,0.8217669709040933,0.75,False,False
musr_0shot,0.8144761029969039,0.78717688361923,-3.351752037564404,-0.06508235032480802,-0.08392271457979006,0.06710740677157634,-8.117341207079587,-10.113041697606617,8.266366932829005,-0.027299219377673916,-0.2317423665054445,0.17714392775009669,0.75,False,False
openbookqa_0shot,1.9750192115866936,1.966359024437873,-0.4384862232232778,-0.008871906148245845,0.009404492012494714,-0.026513147310710306,-0.4494405743314722,0.47614695671072127,-1.341795743882157,-0.008660187148820478,-0.05327469340655974,0.03595431910891879,0.75,False,False
piqa_0shot,1.2661249182146541,1.2905040082625734,1.9254885278062295,0.024522342419642795,0.018868526548836195,0.029746401175278825,1.9482777891375536,1.4834388196607984,2.34637100196855,0.024379090047919272,0.010864506446475453,0.037893673649363094,0.25,False,True
sciq_0shot,1.6721895223231937,1.639692580350478,-1.9433767248802858,0.017035441406637375,-0.16103251037905952,0.04650624305427509,1.0524472344281,-9.262931745501024,2.8024983455428254,-0.03249694197271569,-0.31143116646113134,0.24643728251569996,1.0,False,False
truthfulqa_mc1_0shot,0.7681896284412062,0.7681584009591272,-0.004065074679848735,0.02172571344592733,-0.02034526930684044,-0.001474126585323865,2.907027695270914,-2.603073209113005,-0.19005515947160267,-3.1227482078991876e-05,-0.05237840269845266,0.05231594773429468,1.0,False,False
winogrande_0shot,0.4458149325198572,0.4497900706253328,0.8916565631857942,0.004065807855489378,0.004025208906281774,0.0038343975546555886,0.9128456739443847,0.9027224112996057,0.8594434640906146,0.00397513810547558,0.0036681887811482565,0.004282087429802904,0.25,False,True
