group,run_name,paloma_bpb,paloma_change_pct,gsm8k_bpb,gsm8k_change_pct,humaneval_bpb,removed_cells,max_remaining_renormalization_error
semantic_quality_ablation,h100-d512-mix-semantic-zero-q0-q2-seed0-from10pct-20260826-rno2a,1.2052868604660034,1.319094029629686,0.8606293784443279,14.793410427173148,0.5184435699447596,79,6.938893903907228e-18
semantic_quality_ablation,h100-d512-mix-semantic-zero-q1-seed0-from10pct-20260826-rno2a,1.192436933517456,0.2389005923011167,0.7499645846362709,0.03259768521244322,0.5405668904429418,40,6.938893903907228e-18
semantic_quality_ablation,h100-d512-mix-semantic-zero-q2-seed0-from10pct-20260826-rno2a,1.1910014152526855,0.11822773439464918,0.7917299528453084,5.603391774450217,0.5249478005563261,40,6.938893903907228e-18
semantic_quality_ablation,h100-d512-mix-semantic-zero-q3-seed0-from10pct-20260826-rno2a,1.1886110305786133,-0.08271331748546107,0.7382387132017537,-1.5314353421424065,0.543405137364862,40,6.938893903907228e-18
proportional_quality_isolation,h100-d512-mix-proportional-only-q1-seed0-from10pct-20260826-rno2a,1.2248154878616333,3.2317593612680495,0.8990530983238956,14.806983257704642,0.549039279426977,159,1.8604122908882914e-08
proportional_quality_isolation,h100-d512-mix-proportional-only-q2-seed0-from10pct-20260826-rno2a,1.2102773189544678,2.006431326922109,0.7983261404040016,1.9443857169499923,0.5743244425939794,159,5.142950593173268e-09
proportional_quality_isolation,h100-d512-mix-proportional-only-q3-seed0-from10pct-20260826-rno2a,1.2252495288848877,3.2683418660694574,0.8977642276079614,14.642397474082447,0.5495598056926596,159,5.2852441589923416e-09
proportional_quality_isolation,h100-d512-mix-proportional-only-q4-seed0-from10pct-20260826-rno2a,1.2961490154266357,9.244000082388503,0.8667613963847322,10.683408253287352,0.5490452654577216,159,1.9829955760775064e-08
semantic_quality_ablation,h100-d512-mix-semantic-zero-q0-seed0-from10pct-20260826-rno2a,1.2024216651916504,1.0782393427187342,0.7580187988382745,1.1068937059109274,0.5233652890093174,39,3.469446951953614e-18
semantic_quality_ablation,h100-d512-mix-semantic-zero-q4-seed0-from10pct-20260826-rno2a,1.1889433860778809,-0.05477477506367068,0.7635311004835339,1.8421415617376313,0.5424120396528066,40,6.938893903907228e-18
