size,cell,old_initial_weight,new_initial_weight,new_minus_old
d768,c00q0,0.0002759551045798378,4.657781023742571e-06,-0.0002712973235560952
d768,c00q1,0.003341754159455382,0.0007184357297040816,-0.0026233184297513
d768,c00q2,0.01072597630390717,0.0026028039810688376,-0.008123172322838332
d768,c00q3,0.014309973626355036,0.0028107264827731066,-0.011499247143581928
d768,c00q4,0.011338462311349247,0.0016477762685675906,-0.009690686042781657
d768,c01q0,0.002381549632226155,0.002280373681144379,-0.00010117595108177562
d768,c01q1,0.004871182670012643,0.003680852756643468,-0.0011903299133691754
d768,c01q2,0.009285320481244494,0.008726981887680507,-0.0005583385935639864
d768,c01q3,0.014661019148597052,0.013014961276890688,-0.0016460578717063645
d768,c01q4,0.019975314956478165,0.014361600415145176,-0.005613714541332989
d768,c02q0,3.973551916377913e-06,3.030303853678395e-07,-3.6705215310100735e-06
d768,c02q1,0.0004682358179972151,0.0008472156407459003,0.00037897982274868514
d768,c02q2,0.0018436183291762156,0.002872979764870241,0.0010293614356940253
d768,c02q3,0.0026225262258256815,0.004105917904873364,0.0014833916790476828
d768,c02q4,0.003214898011244423,0.00408878816712157,0.0008738901558771476
d768,c03q0,0.000621365982189875,0.0018826190119875911,0.001261253029797716
d768,c03q1,0.005753204164411899,0.01191503370524041,0.006161829540828511
d768,c03q2,0.007446690779582753,0.012080141374429672,0.004633450594846919
d768,c03q3,0.011233675245426513,0.018515230580953022,0.00728155533552651
d768,c03q4,0.008524015268400359,0.012022836600009789,0.00349882133160943
d768,c04q0,1.3664766284635415e-05,2.920471002886735e-06,-1.074429528174868e-05
d768,c04q1,0.0005420358380239435,4.328652277267756e-05,-0.0004987493152512659
d768,c04q2,0.001689387268156934,0.0017714769009877702,8.208963283083616e-05
d768,c04q3,0.0012727337046678582,0.0010718321044844814,-0.0002009016001833768
d768,c04q4,0.0005663130016719917,0.00023738168450423224,-0.0003289313171677595
d768,c05q0,8.051419382381341e-05,0.00013129447644051509,5.078028261670167e-05
d768,c05q1,0.001110527614453466,0.0005892177967031255,-0.0005213098177503405
d768,c05q2,0.006343182879359324,0.0025175404917972734,-0.003825642387562051
d768,c05q3,0.015114236584263838,0.005957641824990623,-0.009156594759273214
d768,c05q4,0.015303621291494676,0.0038506430303828993,-0.011452978261111777
d768,c06q0,4.634076998523813e-06,9.253188519587418e-07,-3.708758146565071e-06
d768,c06q1,0.0001301608464771793,0.00013420909477312594,4.0482482959466415e-06
d768,c06q2,0.0008439966742966122,0.0006037080648207911,-0.00024028860947582112
d768,c06q3,0.001634296309326362,0.0027755583931169487,0.0011412620837905868
d768,c06q4,0.0015785863930785325,0.0022840650352161183,0.0007054786421375858
d768,c07q0,0.0002621270531269847,0.0001508363569964069,-0.00011129069613057782
d768,c07q1,0.0014772884298995537,0.002244789048673092,0.0007675006187735384
d768,c07q2,0.002284994928632334,0.0054991627972250335,0.0032141678685926995
d768,c07q3,0.002977074674780888,0.004834657435149756,0.0018575827603688677
d768,c07q4,0.0008684659738587697,0.0011097049070322043,0.00024123893317343464
d768,c08q0,4.904374678602627e-06,6.724907572512986e-07,-4.231883921351329e-06
d768,c08q1,0.0002034062085468102,6.833558483947342e-05,-0.00013507062370733677
d768,c08q2,0.0016720716081685045,0.0004965447205005338,-0.0011755268876679707
d768,c08q3,0.003710425565075933,0.0007522864854578538,-0.002958139079618079
d768,c08q4,0.0017221824762866703,0.0010596117808349677,-0.0006625706954517026
d768,c09q0,2.8452540344694696e-05,4.594749645438482e-07,-2.799306538015085e-05
d768,c09q1,0.0006479995480183966,0.00015434786947842894,-0.0004936516785399677
d768,c09q2,0.0021894723888797817,0.000366362352055532,-0.0018231100368242498
d768,c09q3,0.00251172675001241,0.0005418294733299484,-0.0019698972766824616
d768,c09q4,0.000816864690682122,0.00013404397290920408,-0.0006828207177729179
d768,c10q0,1.7529906854983032e-05,5.429904217001892e-05,3.676913531503588e-05
d768,c10q1,0.00017952762468748465,0.0005389917575464028,0.0003594641328589182
d768,c10q2,0.000570810575657686,0.0008703460758917975,0.0002995355002341116
d768,c10q3,0.0006772095817647866,0.0006971937371526944,1.9984155387907745e-05
d768,c10q4,0.00037672749619568186,0.0002816435018346033,-9.508399436107854e-05
d768,c11q0,0.0001504337948290009,0.00011783691780257072,-3.259687702643018e-05
d768,c11q1,0.0010939471352999356,0.0012055160092796825,0.0001115688739797469
d768,c11q2,0.003846650558380873,0.002975656258713034,-0.0008709942996678387
d768,c11q3,0.003324920582580103,0.002544680578936044,-0.0007802400036440588
d768,c11q4,0.0009583593199198092,0.0007693020496087475,-0.0001890572703110617
d768,c12q0,0.0002845619724693468,0.00023009917245425093,-5.4462800015095885e-05
d768,c12q1,0.003696468018361556,0.0036588480410794473,-3.761997728210856e-05
d768,c12q2,0.00914505772465002,0.00827301871294818,-0.0008720390117018407
d768,c12q3,0.0101077338952865,0.00857673916440023,-0.0015309947308862707
d768,c12q4,0.004184285531843246,0.0023488541985803957,-0.0018354313332628503
d768,c13q0,1.3588122376458724e-06,2.559431085671627e-07,-1.1028691290787097e-06
d768,c13q1,0.0011059702591531175,0.0009849041034822835,-0.00012106615567083405
d768,c13q2,0.005544136969323568,0.00269384445343457,-0.002850292515888998
d768,c13q3,0.023335579273192446,0.00645208770552196,-0.016883491567670487
d768,c13q4,0.010884626898116395,0.003001305223936239,-0.007883321674180157
d768,c14q0,0.0003740031080806599,0.0008356887575139125,0.0004616856494332526
d768,c14q1,0.009216759041465294,0.011194759197376444,0.001978000155911149
d768,c14q2,0.022698185878971416,0.03064964356000136,0.007951457681029943
d768,c14q3,0.02587385229352998,0.02971666186173095,0.003842809568200968
d768,c14q4,0.0064920306134218985,0.006109815788109702,-0.0003822148253121967
d768,c15q0,5.98522002244787e-06,1.5960793971957205e-06,-4.38914062525215e-06
d768,c15q1,5.261393849008834e-05,6.936092003753895e-05,1.674698154745061e-05
d768,c15q2,0.0008799068014505658,0.00017874789438612429,-0.0007011589070644415
d768,c15q3,0.0021305543812907743,0.0001672578222239926,-0.001963296559066782
d768,c15q4,0.001178127878325313,0.0004945550657652986,-0.0006835728125600144
d768,c16q0,0.0002009401470254986,0.00035250516912192943,0.00015156502209643082
d768,c16q1,0.0010950092302348011,0.0014568298755704549,0.00036182064533565373
d768,c16q2,0.0035650975019374696,0.0033244351758833592,-0.00024066232605411035
d768,c16q3,0.006168682865768424,0.0038436007509313128,-0.002325082114837111
d768,c16q4,0.0030543117514088194,0.0015399700793277088,-0.0015143416720811106
d768,c17q0,0.001652908069674228,0.003949499122566094,0.002296591052891866
d768,c17q1,0.00460713556280673,0.009674116740342274,0.0050669811775355435
d768,c17q2,0.009359288183780934,0.01626316200484193,0.006903873821060997
d768,c17q3,0.007859796042885716,0.012607687793318676,0.0047478917504329594
d768,c17q4,0.0021803658836257425,0.003382439119436189,0.0012020732358104464
d768,c18q0,0.00019002986875205896,0.00023339948218918896,4.336961343713e-05
d768,c18q1,0.0013482205332423997,0.0018057058156785344,0.0004574852824361347
d768,c18q2,0.003088004636514028,0.003120611926420375,3.2607289906346794e-05
d768,c18q3,0.0022055443899472176,0.0015584047146373185,-0.0006471396753098991
d768,c18q4,0.0006098644369678972,0.000906481207014994,0.0002966167700470968
d768,c19q0,8.043146812335386e-05,1.0128149355567994e-06,-7.941865318779705e-05
d768,c19q1,0.000567127698725875,6.683363617887666e-05,-0.0005002940625469983
d768,c19q2,0.0012435040542320911,0.0015610636311792765,0.00031755957694718537
d768,c19q3,0.0009372567300496928,0.0011551812403651875,0.0002179245103154947
d768,c19q4,0.0009775720294958718,0.00039030503349396674,-0.000587266996001905
d768,c20q0,6.278509724585292e-05,0.00012115835131426236,5.837325406840944e-05
d768,c20q1,0.002890107443945586,0.0024714795053417853,-0.00041862793860380056
d768,c20q2,0.00601360206432264,0.006209068324291418,0.00019546625996877832
d768,c20q3,0.005325033833763043,0.003815558528779651,-0.001509475304983392
d768,c20q4,0.004793455466956676,0.004711992480262857,-8.146298669381869e-05
d768,c21q0,5.424660149720632e-05,0.0005482167048254553,0.000493970103328249
d768,c21q1,0.001997332542968903,0.00424495344789319,0.0022476209049242866
d768,c21q2,0.006226962156405829,0.01239765832611957,0.00617069616971374
d768,c21q3,0.00784288409918589,0.014576385618088435,0.006733501518902545
d768,c21q4,0.0042202953580396975,0.005948693902249812,0.0017283985442101144
d768,c22q0,9.587165281576292e-09,9.168930566858915e-10,-8.6702722248904e-09
d768,c22q1,0.00023652648976121529,0.0002725686469381709,3.6042157176955606e-05
d768,c22q2,0.0013169672764822278,0.0021030508326685534,0.0007860835561863256
d768,c22q3,0.00318396667915357,0.003719016916824825,0.0005350502376712551
d768,c22q4,0.001144608795877079,0.0012912554412801932,0.00014664664540311426
d768,c23q0,0.0003238323948415444,0.0006416204947428999,0.0003177880999013555
d768,c23q1,0.002599481197280981,0.00459769081678622,0.001998209619505239
d768,c23q2,0.006050000563162524,0.009056798720245104,0.00300679815708258
d768,c23q3,0.008367623346171148,0.01138233072499129,0.003014707378820142
d768,c23q4,0.007481708242984872,0.008409825271521487,0.0009281170285366149
d768,c24q0,0.0010522737150124772,0.0016322547970521223,0.0005799810820396451
d768,c24q1,0.00523644478181402,0.007136736498207778,0.0019002917163937587
d768,c24q2,0.011248715752452017,0.012841664604841724,0.0015929488523897077
d768,c24q3,0.012121504132759147,0.008879790704922844,-0.003241713427836303
d768,c24q4,0.007683520214850856,0.0044454637771753095,-0.0032380564376755464
d768,c25q0,0.0026039540555261344,0.004635515524798584,0.0020315614692724493
d768,c25q1,0.008744398039818378,0.013258033534158735,0.004513635494340357
d768,c25q2,0.01407937296359095,0.02016348779052255,0.006084114826931601
d768,c25q3,0.011458707284768697,0.013669133249077122,0.002210425964308425
d768,c25q4,0.003331892698345439,0.005611736389858157,0.002279843691512718
d768,c26q0,0.00044257031037498145,9.51694494124718e-06,-0.00043305336543373425
d768,c26q1,0.002841391670597262,6.016356364400207e-05,-0.0027812281069532602
d768,c26q2,0.007549601307311074,0.0014103913313235135,-0.00613920997598756
d768,c26q3,0.012172257140137728,0.0023610943997650104,-0.009811162740372718
d768,c26q4,0.017101599340472135,0.003161649363242902,-0.013939949977229233
d768,c27q0,2.2211260662356388e-06,2.5177859220692892e-06,2.966598558336505e-07
d768,c27q1,0.00014980077730458296,0.00016058230061304145,1.0781523308458487e-05
d768,c27q2,0.0009540365024514264,0.0007498998638154221,-0.00020413663863600427
d768,c27q3,0.0008707026868449716,0.0011046021687124718,0.0002338994818675002
d768,c27q4,0.00020120700123700167,0.00043273076789694057,0.0002315237666599389
d768,c28q0,8.748209520467558e-05,7.812509326906935e-06,-7.966958587776865e-05
d768,c28q1,0.007425465170553684,0.008888886367012993,0.0014634211964593092
d768,c28q2,0.02040121360931788,0.024053336119793437,0.0036521225104755584
d768,c28q3,0.03737557331044309,0.038022878584025185,0.0006473052735820953
d768,c28q4,0.01906324231072619,0.01871182189966372,-0.0003514204110624704
d768,c29q0,0.00113729422099137,0.0021497527422109568,0.0010124585212195867
d768,c29q1,0.0017719212988519838,0.0031295368593774724,0.0013576155605254886
d768,c29q2,0.0071225692756525195,0.008358904858940948,0.0012363355832884287
d768,c29q3,0.01604438115342054,0.010500478151405049,-0.005543903002015491
d768,c29q4,0.005569002953364577,0.009319331522742228,0.0037503285693776508
d768,c30q0,7.373419828694216e-05,1.865253422758774e-05,-5.508166405935442e-05
d768,c30q1,0.0020887912741800433,0.002283717050100933,0.0001949257759208899
d768,c30q2,0.008522401389366272,0.009328032302343862,0.0008056309129775893
d768,c30q3,0.02779086962633917,0.02822115302021085,0.0004302833938716784
d768,c30q4,0.04759503480043832,0.0480314596077799,0.00043642480734158023
d768,c31q0,3.1688193736931024e-05,4.334057953999075e-06,-2.735413578293195e-05
d768,c31q1,0.0005305609606357047,5.960125835004563e-05,-0.00047095970228565906
d768,c31q2,0.0013934746771880014,0.0001758694464887506,-0.0012176052306992508
d768,c31q3,0.0018106648181874655,0.00027461119990097925,-0.0015360536182864861
d768,c31q4,0.0008823054858102369,0.0001457778732523242,-0.0007365276125579127
d768,c32q0,0.00039216903144145186,0.0007136505256735388,0.00032148149423208693
d768,c32q1,0.0062520756033184015,0.004509974651473817,-0.0017421009518445848
d768,c32q2,0.009912038700470758,0.02614165024172776,0.016229611541257002
d768,c32q3,0.029560876206724512,0.044502003217316455,0.014941127010591942
d768,c32q4,0.01298251940855396,0.01687522064884455,0.0038927012402905914
d768,c33q0,6.369272147535562e-06,3.4110704806906867e-06,-2.9582016668448754e-06
d768,c33q1,0.00011055629851650008,0.00027724897911293104,0.00016669268059643096
d768,c33q2,0.0017191234276231137,0.0007385664006372912,-0.0009805570269858224
d768,c33q3,0.002576997399595408,0.0011629232791306955,-0.0014140741204647126
d768,c33q4,0.005159992436146454,0.0020235385672405124,-0.003136453868905942
d768,c34q0,2.352898804289752e-05,1.2456962413833847e-05,-1.1072025629063674e-05
d768,c34q1,0.0006383797378759314,0.0007382218474434697,9.984210956753836e-05
d768,c34q2,0.002744456352206185,0.0021875463463870096,-0.0005569100058191753
d768,c34q3,0.003078348240193761,0.002502104723328764,-0.0005762435168649971
d768,c34q4,0.0017643081692111078,0.001318283040225521,-0.0004460251289855868
d768,c35q0,7.424262748216723e-05,0.00016649323585395652,9.225060837178929e-05
d768,c35q1,0.001550269822324895,0.0024826462859704407,0.0009323764636455457
d768,c35q2,0.0024230079826429926,0.003929582515164752,0.0015065745325217594
d768,c35q3,0.0027449551744253417,0.002715676742681261,-2.9278431744080794e-05
d768,c35q4,0.0011068658863578554,0.001075147565329539,-3.171832102831637e-05
d768,c36q0,0.0001026665240197316,0.00015343917115901508,5.077264713928348e-05
d768,c36q1,0.0005532099547407263,0.0007236854341080763,0.00017047547936734997
d768,c36q2,0.001079759811952009,0.0012842009507608337,0.00020444113880882476
d768,c36q3,0.0010477016071275532,0.0006846358870045222,-0.00036306572012303096
d768,c36q4,0.000426792694100941,0.0002631209221781958,-0.00016367177192274523
d768,c37q0,0.00012701385303392744,7.969174439870715e-05,-4.732210863522029e-05
d768,c37q1,0.001155658411308508,0.0006535472325841922,-0.0005021111787243158
d768,c37q2,0.00552437725237204,0.0025720590578034025,-0.002952318194568638
d768,c37q3,0.01127598847931888,0.00411895483159431,-0.00715703364772457
d768,c37q4,0.013869208261180108,0.0034730137711316738,-0.010396194490048433
d768,c38q0,0.0013870967926141195,0.002057907933149082,0.0006708111405349627
d768,c38q1,0.003982690530401928,0.005553239423110692,0.0015705488927087643
d768,c38q2,0.012850140641170238,0.017723803080536626,0.004873662439366388
d768,c38q3,0.01624775639773122,0.02159307734908163,0.005345320951350409
d768,c38q4,0.013774716543069698,0.021799164609110324,0.008024448066040626
d768,c39q0,9.391678924436436e-05,0.0003211580828005192,0.00022724129355615485
d768,c39q1,0.002346221337257565,0.003877821466899308,0.0015316001296417428
d768,c39q2,0.01463953837519005,0.019672854719764103,0.005033316344574053
d768,c39q3,0.00853198067965416,0.009670879620160996,0.001138898940506835
d768,c39q4,0.009584146142769994,0.00926282363840342,-0.00032132250436657343
d1024,c00q0,0.0002759551045798378,4.657781023742571e-06,-0.0002712973235560952
d1024,c00q1,0.003341754159455382,0.0007184357297040816,-0.0026233184297513
d1024,c00q2,0.01072597630390717,0.0026028039810688376,-0.008123172322838332
d1024,c00q3,0.014309973626355036,0.0028107264827731066,-0.011499247143581928
d1024,c00q4,0.011338462311349247,0.0016477762685675906,-0.009690686042781657
d1024,c01q0,0.002381549632226155,0.002280373681144379,-0.00010117595108177562
d1024,c01q1,0.004871182670012643,0.003680852756643468,-0.0011903299133691754
d1024,c01q2,0.009285320481244494,0.008726981887680507,-0.0005583385935639864
d1024,c01q3,0.014661019148597052,0.013014961276890688,-0.0016460578717063645
d1024,c01q4,0.019975314956478165,0.014361600415145176,-0.005613714541332989
d1024,c02q0,3.973551916377913e-06,3.030303853678395e-07,-3.6705215310100735e-06
d1024,c02q1,0.0004682358179972151,0.0008472156407459003,0.00037897982274868514
d1024,c02q2,0.0018436183291762156,0.002872979764870241,0.0010293614356940253
d1024,c02q3,0.0026225262258256815,0.004105917904873364,0.0014833916790476828
d1024,c02q4,0.003214898011244423,0.00408878816712157,0.0008738901558771476
d1024,c03q0,0.000621365982189875,0.0018826190119875911,0.001261253029797716
d1024,c03q1,0.005753204164411899,0.01191503370524041,0.006161829540828511
d1024,c03q2,0.007446690779582753,0.012080141374429672,0.004633450594846919
d1024,c03q3,0.011233675245426513,0.018515230580953022,0.00728155533552651
d1024,c03q4,0.008524015268400359,0.012022836600009789,0.00349882133160943
d1024,c04q0,1.3664766284635415e-05,2.920471002886735e-06,-1.074429528174868e-05
d1024,c04q1,0.0005420358380239435,4.328652277267756e-05,-0.0004987493152512659
d1024,c04q2,0.001689387268156934,0.0017714769009877702,8.208963283083616e-05
d1024,c04q3,0.0012727337046678582,0.0010718321044844814,-0.0002009016001833768
d1024,c04q4,0.0005663130016719917,0.00023738168450423224,-0.0003289313171677595
d1024,c05q0,8.051419382381341e-05,0.00013129447644051509,5.078028261670167e-05
d1024,c05q1,0.001110527614453466,0.0005892177967031255,-0.0005213098177503405
d1024,c05q2,0.006343182879359324,0.0025175404917972734,-0.003825642387562051
d1024,c05q3,0.015114236584263838,0.005957641824990623,-0.009156594759273214
d1024,c05q4,0.015303621291494676,0.0038506430303828993,-0.011452978261111777
d1024,c06q0,4.634076998523813e-06,9.253188519587418e-07,-3.708758146565071e-06
d1024,c06q1,0.0001301608464771793,0.00013420909477312594,4.0482482959466415e-06
d1024,c06q2,0.0008439966742966122,0.0006037080648207911,-0.00024028860947582112
d1024,c06q3,0.001634296309326362,0.0027755583931169487,0.0011412620837905868
d1024,c06q4,0.0015785863930785325,0.0022840650352161183,0.0007054786421375858
d1024,c07q0,0.0002621270531269847,0.0001508363569964069,-0.00011129069613057782
d1024,c07q1,0.0014772884298995537,0.002244789048673092,0.0007675006187735384
d1024,c07q2,0.002284994928632334,0.0054991627972250335,0.0032141678685926995
d1024,c07q3,0.002977074674780888,0.004834657435149756,0.0018575827603688677
d1024,c07q4,0.0008684659738587697,0.0011097049070322043,0.00024123893317343464
d1024,c08q0,4.904374678602627e-06,6.724907572512986e-07,-4.231883921351329e-06
d1024,c08q1,0.0002034062085468102,6.833558483947342e-05,-0.00013507062370733677
d1024,c08q2,0.0016720716081685045,0.0004965447205005338,-0.0011755268876679707
d1024,c08q3,0.003710425565075933,0.0007522864854578538,-0.002958139079618079
d1024,c08q4,0.0017221824762866703,0.0010596117808349677,-0.0006625706954517026
d1024,c09q0,2.8452540344694696e-05,4.594749645438482e-07,-2.799306538015085e-05
d1024,c09q1,0.0006479995480183966,0.00015434786947842894,-0.0004936516785399677
d1024,c09q2,0.0021894723888797817,0.000366362352055532,-0.0018231100368242498
d1024,c09q3,0.00251172675001241,0.0005418294733299484,-0.0019698972766824616
d1024,c09q4,0.000816864690682122,0.00013404397290920408,-0.0006828207177729179
d1024,c10q0,1.7529906854983032e-05,5.429904217001892e-05,3.676913531503588e-05
d1024,c10q1,0.00017952762468748465,0.0005389917575464028,0.0003594641328589182
d1024,c10q2,0.000570810575657686,0.0008703460758917975,0.0002995355002341116
d1024,c10q3,0.0006772095817647866,0.0006971937371526944,1.9984155387907745e-05
d1024,c10q4,0.00037672749619568186,0.0002816435018346033,-9.508399436107854e-05
d1024,c11q0,0.0001504337948290009,0.00011783691780257072,-3.259687702643018e-05
d1024,c11q1,0.0010939471352999356,0.0012055160092796825,0.0001115688739797469
d1024,c11q2,0.003846650558380873,0.002975656258713034,-0.0008709942996678387
d1024,c11q3,0.003324920582580103,0.002544680578936044,-0.0007802400036440588
d1024,c11q4,0.0009583593199198092,0.0007693020496087475,-0.0001890572703110617
d1024,c12q0,0.0002845619724693468,0.00023009917245425093,-5.4462800015095885e-05
d1024,c12q1,0.003696468018361556,0.0036588480410794473,-3.761997728210856e-05
d1024,c12q2,0.00914505772465002,0.00827301871294818,-0.0008720390117018407
d1024,c12q3,0.0101077338952865,0.00857673916440023,-0.0015309947308862707
d1024,c12q4,0.004184285531843246,0.0023488541985803957,-0.0018354313332628503
d1024,c13q0,1.3588122376458724e-06,2.559431085671627e-07,-1.1028691290787097e-06
d1024,c13q1,0.0011059702591531175,0.0009849041034822835,-0.00012106615567083405
d1024,c13q2,0.005544136969323568,0.00269384445343457,-0.002850292515888998
d1024,c13q3,0.023335579273192446,0.00645208770552196,-0.016883491567670487
d1024,c13q4,0.010884626898116395,0.003001305223936239,-0.007883321674180157
d1024,c14q0,0.0003740031080806599,0.0008356887575139125,0.0004616856494332526
d1024,c14q1,0.009216759041465294,0.011194759197376444,0.001978000155911149
d1024,c14q2,0.022698185878971416,0.03064964356000136,0.007951457681029943
d1024,c14q3,0.02587385229352998,0.02971666186173095,0.003842809568200968
d1024,c14q4,0.0064920306134218985,0.006109815788109702,-0.0003822148253121967
d1024,c15q0,5.98522002244787e-06,1.5960793971957205e-06,-4.38914062525215e-06
d1024,c15q1,5.261393849008834e-05,6.936092003753895e-05,1.674698154745061e-05
d1024,c15q2,0.0008799068014505658,0.00017874789438612429,-0.0007011589070644415
d1024,c15q3,0.0021305543812907743,0.0001672578222239926,-0.001963296559066782
d1024,c15q4,0.001178127878325313,0.0004945550657652986,-0.0006835728125600144
d1024,c16q0,0.0002009401470254986,0.00035250516912192943,0.00015156502209643082
d1024,c16q1,0.0010950092302348011,0.0014568298755704549,0.00036182064533565373
d1024,c16q2,0.0035650975019374696,0.0033244351758833592,-0.00024066232605411035
d1024,c16q3,0.006168682865768424,0.0038436007509313128,-0.002325082114837111
d1024,c16q4,0.0030543117514088194,0.0015399700793277088,-0.0015143416720811106
d1024,c17q0,0.001652908069674228,0.003949499122566094,0.002296591052891866
d1024,c17q1,0.00460713556280673,0.009674116740342274,0.0050669811775355435
d1024,c17q2,0.009359288183780934,0.01626316200484193,0.006903873821060997
d1024,c17q3,0.007859796042885716,0.012607687793318676,0.0047478917504329594
d1024,c17q4,0.0021803658836257425,0.003382439119436189,0.0012020732358104464
d1024,c18q0,0.00019002986875205896,0.00023339948218918896,4.336961343713e-05
d1024,c18q1,0.0013482205332423997,0.0018057058156785344,0.0004574852824361347
d1024,c18q2,0.003088004636514028,0.003120611926420375,3.2607289906346794e-05
d1024,c18q3,0.0022055443899472176,0.0015584047146373185,-0.0006471396753098991
d1024,c18q4,0.0006098644369678972,0.000906481207014994,0.0002966167700470968
d1024,c19q0,8.043146812335386e-05,1.0128149355567994e-06,-7.941865318779705e-05
d1024,c19q1,0.000567127698725875,6.683363617887666e-05,-0.0005002940625469983
d1024,c19q2,0.0012435040542320911,0.0015610636311792765,0.00031755957694718537
d1024,c19q3,0.0009372567300496928,0.0011551812403651875,0.0002179245103154947
d1024,c19q4,0.0009775720294958718,0.00039030503349396674,-0.000587266996001905
d1024,c20q0,6.278509724585292e-05,0.00012115835131426236,5.837325406840944e-05
d1024,c20q1,0.002890107443945586,0.0024714795053417853,-0.00041862793860380056
d1024,c20q2,0.00601360206432264,0.006209068324291418,0.00019546625996877832
d1024,c20q3,0.005325033833763043,0.003815558528779651,-0.001509475304983392
d1024,c20q4,0.004793455466956676,0.004711992480262857,-8.146298669381869e-05
d1024,c21q0,5.424660149720632e-05,0.0005482167048254553,0.000493970103328249
d1024,c21q1,0.001997332542968903,0.00424495344789319,0.0022476209049242866
d1024,c21q2,0.006226962156405829,0.01239765832611957,0.00617069616971374
d1024,c21q3,0.00784288409918589,0.014576385618088435,0.006733501518902545
d1024,c21q4,0.0042202953580396975,0.005948693902249812,0.0017283985442101144
d1024,c22q0,9.587165281576292e-09,9.168930566858915e-10,-8.6702722248904e-09
d1024,c22q1,0.00023652648976121529,0.0002725686469381709,3.6042157176955606e-05
d1024,c22q2,0.0013169672764822278,0.0021030508326685534,0.0007860835561863256
d1024,c22q3,0.00318396667915357,0.003719016916824825,0.0005350502376712551
d1024,c22q4,0.001144608795877079,0.0012912554412801932,0.00014664664540311426
d1024,c23q0,0.0003238323948415444,0.0006416204947428999,0.0003177880999013555
d1024,c23q1,0.002599481197280981,0.00459769081678622,0.001998209619505239
d1024,c23q2,0.006050000563162524,0.009056798720245104,0.00300679815708258
d1024,c23q3,0.008367623346171148,0.01138233072499129,0.003014707378820142
d1024,c23q4,0.007481708242984872,0.008409825271521487,0.0009281170285366149
d1024,c24q0,0.0010522737150124772,0.0016322547970521223,0.0005799810820396451
d1024,c24q1,0.00523644478181402,0.007136736498207778,0.0019002917163937587
d1024,c24q2,0.011248715752452017,0.012841664604841724,0.0015929488523897077
d1024,c24q3,0.012121504132759147,0.008879790704922844,-0.003241713427836303
d1024,c24q4,0.007683520214850856,0.0044454637771753095,-0.0032380564376755464
d1024,c25q0,0.0026039540555261344,0.004635515524798584,0.0020315614692724493
d1024,c25q1,0.008744398039818378,0.013258033534158735,0.004513635494340357
d1024,c25q2,0.01407937296359095,0.02016348779052255,0.006084114826931601
d1024,c25q3,0.011458707284768697,0.013669133249077122,0.002210425964308425
d1024,c25q4,0.003331892698345439,0.005611736389858157,0.002279843691512718
d1024,c26q0,0.00044257031037498145,9.51694494124718e-06,-0.00043305336543373425
d1024,c26q1,0.002841391670597262,6.016356364400207e-05,-0.0027812281069532602
d1024,c26q2,0.007549601307311074,0.0014103913313235135,-0.00613920997598756
d1024,c26q3,0.012172257140137728,0.0023610943997650104,-0.009811162740372718
d1024,c26q4,0.017101599340472135,0.003161649363242902,-0.013939949977229233
d1024,c27q0,2.2211260662356388e-06,2.5177859220692892e-06,2.966598558336505e-07
d1024,c27q1,0.00014980077730458296,0.00016058230061304145,1.0781523308458487e-05
d1024,c27q2,0.0009540365024514264,0.0007498998638154221,-0.00020413663863600427
d1024,c27q3,0.0008707026868449716,0.0011046021687124718,0.0002338994818675002
d1024,c27q4,0.00020120700123700167,0.00043273076789694057,0.0002315237666599389
d1024,c28q0,8.748209520467558e-05,7.812509326906935e-06,-7.966958587776865e-05
d1024,c28q1,0.007425465170553684,0.008888886367012993,0.0014634211964593092
d1024,c28q2,0.02040121360931788,0.024053336119793437,0.0036521225104755584
d1024,c28q3,0.03737557331044309,0.038022878584025185,0.0006473052735820953
d1024,c28q4,0.01906324231072619,0.01871182189966372,-0.0003514204110624704
d1024,c29q0,0.00113729422099137,0.0021497527422109568,0.0010124585212195867
d1024,c29q1,0.0017719212988519838,0.0031295368593774724,0.0013576155605254886
d1024,c29q2,0.0071225692756525195,0.008358904858940948,0.0012363355832884287
d1024,c29q3,0.01604438115342054,0.010500478151405049,-0.005543903002015491
d1024,c29q4,0.005569002953364577,0.009319331522742228,0.0037503285693776508
d1024,c30q0,7.373419828694216e-05,1.865253422758774e-05,-5.508166405935442e-05
d1024,c30q1,0.0020887912741800433,0.002283717050100933,0.0001949257759208899
d1024,c30q2,0.008522401389366272,0.009328032302343862,0.0008056309129775893
d1024,c30q3,0.02779086962633917,0.02822115302021085,0.0004302833938716784
d1024,c30q4,0.04759503480043832,0.0480314596077799,0.00043642480734158023
d1024,c31q0,3.1688193736931024e-05,4.334057953999075e-06,-2.735413578293195e-05
d1024,c31q1,0.0005305609606357047,5.960125835004563e-05,-0.00047095970228565906
d1024,c31q2,0.0013934746771880014,0.0001758694464887506,-0.0012176052306992508
d1024,c31q3,0.0018106648181874655,0.00027461119990097925,-0.0015360536182864861
d1024,c31q4,0.0008823054858102369,0.0001457778732523242,-0.0007365276125579127
d1024,c32q0,0.00039216903144145186,0.0007136505256735388,0.00032148149423208693
d1024,c32q1,0.0062520756033184015,0.004509974651473817,-0.0017421009518445848
d1024,c32q2,0.009912038700470758,0.02614165024172776,0.016229611541257002
d1024,c32q3,0.029560876206724512,0.044502003217316455,0.014941127010591942
d1024,c32q4,0.01298251940855396,0.01687522064884455,0.0038927012402905914
d1024,c33q0,6.369272147535562e-06,3.4110704806906867e-06,-2.9582016668448754e-06
d1024,c33q1,0.00011055629851650008,0.00027724897911293104,0.00016669268059643096
d1024,c33q2,0.0017191234276231137,0.0007385664006372912,-0.0009805570269858224
d1024,c33q3,0.002576997399595408,0.0011629232791306955,-0.0014140741204647126
d1024,c33q4,0.005159992436146454,0.0020235385672405124,-0.003136453868905942
d1024,c34q0,2.352898804289752e-05,1.2456962413833847e-05,-1.1072025629063674e-05
d1024,c34q1,0.0006383797378759314,0.0007382218474434697,9.984210956753836e-05
d1024,c34q2,0.002744456352206185,0.0021875463463870096,-0.0005569100058191753
d1024,c34q3,0.003078348240193761,0.002502104723328764,-0.0005762435168649971
d1024,c34q4,0.0017643081692111078,0.001318283040225521,-0.0004460251289855868
d1024,c35q0,7.424262748216723e-05,0.00016649323585395652,9.225060837178929e-05
d1024,c35q1,0.001550269822324895,0.0024826462859704407,0.0009323764636455457
d1024,c35q2,0.0024230079826429926,0.003929582515164752,0.0015065745325217594
d1024,c35q3,0.0027449551744253417,0.002715676742681261,-2.9278431744080794e-05
d1024,c35q4,0.0011068658863578554,0.001075147565329539,-3.171832102831637e-05
d1024,c36q0,0.0001026665240197316,0.00015343917115901508,5.077264713928348e-05
d1024,c36q1,0.0005532099547407263,0.0007236854341080763,0.00017047547936734997
d1024,c36q2,0.001079759811952009,0.0012842009507608337,0.00020444113880882476
d1024,c36q3,0.0010477016071275532,0.0006846358870045222,-0.00036306572012303096
d1024,c36q4,0.000426792694100941,0.0002631209221781958,-0.00016367177192274523
d1024,c37q0,0.00012701385303392744,7.969174439870715e-05,-4.732210863522029e-05
d1024,c37q1,0.001155658411308508,0.0006535472325841922,-0.0005021111787243158
d1024,c37q2,0.00552437725237204,0.0025720590578034025,-0.002952318194568638
d1024,c37q3,0.01127598847931888,0.00411895483159431,-0.00715703364772457
d1024,c37q4,0.013869208261180108,0.0034730137711316738,-0.010396194490048433
d1024,c38q0,0.0013870967926141195,0.002057907933149082,0.0006708111405349627
d1024,c38q1,0.003982690530401928,0.005553239423110692,0.0015705488927087643
d1024,c38q2,0.012850140641170238,0.017723803080536626,0.004873662439366388
d1024,c38q3,0.01624775639773122,0.02159307734908163,0.005345320951350409
d1024,c38q4,0.013774716543069698,0.021799164609110324,0.008024448066040626
d1024,c39q0,9.391678924436436e-05,0.0003211580828005192,0.00022724129355615485
d1024,c39q1,0.002346221337257565,0.003877821466899308,0.0015316001296417428
d1024,c39q2,0.01463953837519005,0.019672854719764103,0.005033316344574053
d1024,c39q3,0.00853198067965416,0.009670879620160996,0.001138898940506835
d1024,c39q4,0.009584146142769994,0.00926282363840342,-0.00032132250436657343
d1536,c00q0,0.0002759551045798378,4.657781023742571e-06,-0.0002712973235560952
d1536,c00q1,0.003341754159455382,0.0007184357297040816,-0.0026233184297513
d1536,c00q2,0.01072597630390717,0.0026028039810688376,-0.008123172322838332
d1536,c00q3,0.014309973626355036,0.0028107264827731066,-0.011499247143581928
d1536,c00q4,0.011338462311349247,0.0016477762685675906,-0.009690686042781657
d1536,c01q0,0.002381549632226155,0.002280373681144379,-0.00010117595108177562
d1536,c01q1,0.004871182670012643,0.003680852756643468,-0.0011903299133691754
d1536,c01q2,0.009285320481244494,0.008726981887680507,-0.0005583385935639864
d1536,c01q3,0.014661019148597052,0.013014961276890688,-0.0016460578717063645
d1536,c01q4,0.019975314956478165,0.014361600415145176,-0.005613714541332989
d1536,c02q0,3.973551916377913e-06,3.030303853678395e-07,-3.6705215310100735e-06
d1536,c02q1,0.0004682358179972151,0.0008472156407459003,0.00037897982274868514
d1536,c02q2,0.0018436183291762156,0.002872979764870241,0.0010293614356940253
d1536,c02q3,0.0026225262258256815,0.004105917904873364,0.0014833916790476828
d1536,c02q4,0.003214898011244423,0.00408878816712157,0.0008738901558771476
d1536,c03q0,0.000621365982189875,0.0018826190119875911,0.001261253029797716
d1536,c03q1,0.005753204164411899,0.01191503370524041,0.006161829540828511
d1536,c03q2,0.007446690779582753,0.012080141374429672,0.004633450594846919
d1536,c03q3,0.011233675245426513,0.018515230580953022,0.00728155533552651
d1536,c03q4,0.008524015268400359,0.012022836600009789,0.00349882133160943
d1536,c04q0,1.3664766284635415e-05,2.920471002886735e-06,-1.074429528174868e-05
d1536,c04q1,0.0005420358380239435,4.328652277267756e-05,-0.0004987493152512659
d1536,c04q2,0.001689387268156934,0.0017714769009877702,8.208963283083616e-05
d1536,c04q3,0.0012727337046678582,0.0010718321044844814,-0.0002009016001833768
d1536,c04q4,0.0005663130016719917,0.00023738168450423224,-0.0003289313171677595
d1536,c05q0,8.051419382381341e-05,0.00013129447644051509,5.078028261670167e-05
d1536,c05q1,0.001110527614453466,0.0005892177967031255,-0.0005213098177503405
d1536,c05q2,0.006343182879359324,0.0025175404917972734,-0.003825642387562051
d1536,c05q3,0.015114236584263838,0.005957641824990623,-0.009156594759273214
d1536,c05q4,0.015303621291494676,0.0038506430303828993,-0.011452978261111777
d1536,c06q0,4.634076998523813e-06,9.253188519587418e-07,-3.708758146565071e-06
d1536,c06q1,0.0001301608464771793,0.00013420909477312594,4.0482482959466415e-06
d1536,c06q2,0.0008439966742966122,0.0006037080648207911,-0.00024028860947582112
d1536,c06q3,0.001634296309326362,0.0027755583931169487,0.0011412620837905868
d1536,c06q4,0.0015785863930785325,0.0022840650352161183,0.0007054786421375858
d1536,c07q0,0.0002621270531269847,0.0001508363569964069,-0.00011129069613057782
d1536,c07q1,0.0014772884298995537,0.002244789048673092,0.0007675006187735384
d1536,c07q2,0.002284994928632334,0.0054991627972250335,0.0032141678685926995
d1536,c07q3,0.002977074674780888,0.004834657435149756,0.0018575827603688677
d1536,c07q4,0.0008684659738587697,0.0011097049070322043,0.00024123893317343464
d1536,c08q0,4.904374678602627e-06,6.724907572512986e-07,-4.231883921351329e-06
d1536,c08q1,0.0002034062085468102,6.833558483947342e-05,-0.00013507062370733677
d1536,c08q2,0.0016720716081685045,0.0004965447205005338,-0.0011755268876679707
d1536,c08q3,0.003710425565075933,0.0007522864854578538,-0.002958139079618079
d1536,c08q4,0.0017221824762866703,0.0010596117808349677,-0.0006625706954517026
d1536,c09q0,2.8452540344694696e-05,4.594749645438482e-07,-2.799306538015085e-05
d1536,c09q1,0.0006479995480183966,0.00015434786947842894,-0.0004936516785399677
d1536,c09q2,0.0021894723888797817,0.000366362352055532,-0.0018231100368242498
d1536,c09q3,0.00251172675001241,0.0005418294733299484,-0.0019698972766824616
d1536,c09q4,0.000816864690682122,0.00013404397290920408,-0.0006828207177729179
d1536,c10q0,1.7529906854983032e-05,5.429904217001892e-05,3.676913531503588e-05
d1536,c10q1,0.00017952762468748465,0.0005389917575464028,0.0003594641328589182
d1536,c10q2,0.000570810575657686,0.0008703460758917975,0.0002995355002341116
d1536,c10q3,0.0006772095817647866,0.0006971937371526944,1.9984155387907745e-05
d1536,c10q4,0.00037672749619568186,0.0002816435018346033,-9.508399436107854e-05
d1536,c11q0,0.0001504337948290009,0.00011783691780257072,-3.259687702643018e-05
d1536,c11q1,0.0010939471352999356,0.0012055160092796825,0.0001115688739797469
d1536,c11q2,0.003846650558380873,0.002975656258713034,-0.0008709942996678387
d1536,c11q3,0.003324920582580103,0.002544680578936044,-0.0007802400036440588
d1536,c11q4,0.0009583593199198092,0.0007693020496087475,-0.0001890572703110617
d1536,c12q0,0.0002845619724693468,0.00023009917245425093,-5.4462800015095885e-05
d1536,c12q1,0.003696468018361556,0.0036588480410794473,-3.761997728210856e-05
d1536,c12q2,0.00914505772465002,0.00827301871294818,-0.0008720390117018407
d1536,c12q3,0.0101077338952865,0.00857673916440023,-0.0015309947308862707
d1536,c12q4,0.004184285531843246,0.0023488541985803957,-0.0018354313332628503
d1536,c13q0,1.3588122376458724e-06,2.559431085671627e-07,-1.1028691290787097e-06
d1536,c13q1,0.0011059702591531175,0.0009849041034822835,-0.00012106615567083405
d1536,c13q2,0.005544136969323568,0.00269384445343457,-0.002850292515888998
d1536,c13q3,0.023335579273192446,0.00645208770552196,-0.016883491567670487
d1536,c13q4,0.010884626898116395,0.003001305223936239,-0.007883321674180157
d1536,c14q0,0.0003740031080806599,0.0008356887575139125,0.0004616856494332526
d1536,c14q1,0.009216759041465294,0.011194759197376444,0.001978000155911149
d1536,c14q2,0.022698185878971416,0.03064964356000136,0.007951457681029943
d1536,c14q3,0.02587385229352998,0.02971666186173095,0.003842809568200968
d1536,c14q4,0.0064920306134218985,0.006109815788109702,-0.0003822148253121967
d1536,c15q0,5.98522002244787e-06,1.5960793971957205e-06,-4.38914062525215e-06
d1536,c15q1,5.261393849008834e-05,6.936092003753895e-05,1.674698154745061e-05
d1536,c15q2,0.0008799068014505658,0.00017874789438612429,-0.0007011589070644415
d1536,c15q3,0.0021305543812907743,0.0001672578222239926,-0.001963296559066782
d1536,c15q4,0.001178127878325313,0.0004945550657652986,-0.0006835728125600144
d1536,c16q0,0.0002009401470254986,0.00035250516912192943,0.00015156502209643082
d1536,c16q1,0.0010950092302348011,0.0014568298755704549,0.00036182064533565373
d1536,c16q2,0.0035650975019374696,0.0033244351758833592,-0.00024066232605411035
d1536,c16q3,0.006168682865768424,0.0038436007509313128,-0.002325082114837111
d1536,c16q4,0.0030543117514088194,0.0015399700793277088,-0.0015143416720811106
d1536,c17q0,0.001652908069674228,0.003949499122566094,0.002296591052891866
d1536,c17q1,0.00460713556280673,0.009674116740342274,0.0050669811775355435
d1536,c17q2,0.009359288183780934,0.01626316200484193,0.006903873821060997
d1536,c17q3,0.007859796042885716,0.012607687793318676,0.0047478917504329594
d1536,c17q4,0.0021803658836257425,0.003382439119436189,0.0012020732358104464
d1536,c18q0,0.00019002986875205896,0.00023339948218918896,4.336961343713e-05
d1536,c18q1,0.0013482205332423997,0.0018057058156785344,0.0004574852824361347
d1536,c18q2,0.003088004636514028,0.003120611926420375,3.2607289906346794e-05
d1536,c18q3,0.0022055443899472176,0.0015584047146373185,-0.0006471396753098991
d1536,c18q4,0.0006098644369678972,0.000906481207014994,0.0002966167700470968
d1536,c19q0,8.043146812335386e-05,1.0128149355567994e-06,-7.941865318779705e-05
d1536,c19q1,0.000567127698725875,6.683363617887666e-05,-0.0005002940625469983
d1536,c19q2,0.0012435040542320911,0.0015610636311792765,0.00031755957694718537
d1536,c19q3,0.0009372567300496928,0.0011551812403651875,0.0002179245103154947
d1536,c19q4,0.0009775720294958718,0.00039030503349396674,-0.000587266996001905
d1536,c20q0,6.278509724585292e-05,0.00012115835131426236,5.837325406840944e-05
d1536,c20q1,0.002890107443945586,0.0024714795053417853,-0.00041862793860380056
d1536,c20q2,0.00601360206432264,0.006209068324291418,0.00019546625996877832
d1536,c20q3,0.005325033833763043,0.003815558528779651,-0.001509475304983392
d1536,c20q4,0.004793455466956676,0.004711992480262857,-8.146298669381869e-05
d1536,c21q0,5.424660149720632e-05,0.0005482167048254553,0.000493970103328249
d1536,c21q1,0.001997332542968903,0.00424495344789319,0.0022476209049242866
d1536,c21q2,0.006226962156405829,0.01239765832611957,0.00617069616971374
d1536,c21q3,0.00784288409918589,0.014576385618088435,0.006733501518902545
d1536,c21q4,0.0042202953580396975,0.005948693902249812,0.0017283985442101144
d1536,c22q0,9.587165281576292e-09,9.168930566858915e-10,-8.6702722248904e-09
d1536,c22q1,0.00023652648976121529,0.0002725686469381709,3.6042157176955606e-05
d1536,c22q2,0.0013169672764822278,0.0021030508326685534,0.0007860835561863256
d1536,c22q3,0.00318396667915357,0.003719016916824825,0.0005350502376712551
d1536,c22q4,0.001144608795877079,0.0012912554412801932,0.00014664664540311426
d1536,c23q0,0.0003238323948415444,0.0006416204947428999,0.0003177880999013555
d1536,c23q1,0.002599481197280981,0.00459769081678622,0.001998209619505239
d1536,c23q2,0.006050000563162524,0.009056798720245104,0.00300679815708258
d1536,c23q3,0.008367623346171148,0.01138233072499129,0.003014707378820142
d1536,c23q4,0.007481708242984872,0.008409825271521487,0.0009281170285366149
d1536,c24q0,0.0010522737150124772,0.0016322547970521223,0.0005799810820396451
d1536,c24q1,0.00523644478181402,0.007136736498207778,0.0019002917163937587
d1536,c24q2,0.011248715752452017,0.012841664604841724,0.0015929488523897077
d1536,c24q3,0.012121504132759147,0.008879790704922844,-0.003241713427836303
d1536,c24q4,0.007683520214850856,0.0044454637771753095,-0.0032380564376755464
d1536,c25q0,0.0026039540555261344,0.004635515524798584,0.0020315614692724493
d1536,c25q1,0.008744398039818378,0.013258033534158735,0.004513635494340357
d1536,c25q2,0.01407937296359095,0.02016348779052255,0.006084114826931601
d1536,c25q3,0.011458707284768697,0.013669133249077122,0.002210425964308425
d1536,c25q4,0.003331892698345439,0.005611736389858157,0.002279843691512718
d1536,c26q0,0.00044257031037498145,9.51694494124718e-06,-0.00043305336543373425
d1536,c26q1,0.002841391670597262,6.016356364400207e-05,-0.0027812281069532602
d1536,c26q2,0.007549601307311074,0.0014103913313235135,-0.00613920997598756
d1536,c26q3,0.012172257140137728,0.0023610943997650104,-0.009811162740372718
d1536,c26q4,0.017101599340472135,0.003161649363242902,-0.013939949977229233
d1536,c27q0,2.2211260662356388e-06,2.5177859220692892e-06,2.966598558336505e-07
d1536,c27q1,0.00014980077730458296,0.00016058230061304145,1.0781523308458487e-05
d1536,c27q2,0.0009540365024514264,0.0007498998638154221,-0.00020413663863600427
d1536,c27q3,0.0008707026868449716,0.0011046021687124718,0.0002338994818675002
d1536,c27q4,0.00020120700123700167,0.00043273076789694057,0.0002315237666599389
d1536,c28q0,8.748209520467558e-05,7.812509326906935e-06,-7.966958587776865e-05
d1536,c28q1,0.007425465170553684,0.008888886367012993,0.0014634211964593092
d1536,c28q2,0.02040121360931788,0.024053336119793437,0.0036521225104755584
d1536,c28q3,0.03737557331044309,0.038022878584025185,0.0006473052735820953
d1536,c28q4,0.01906324231072619,0.01871182189966372,-0.0003514204110624704
d1536,c29q0,0.00113729422099137,0.0021497527422109568,0.0010124585212195867
d1536,c29q1,0.0017719212988519838,0.0031295368593774724,0.0013576155605254886
d1536,c29q2,0.0071225692756525195,0.008358904858940948,0.0012363355832884287
d1536,c29q3,0.01604438115342054,0.010500478151405049,-0.005543903002015491
d1536,c29q4,0.005569002953364577,0.009319331522742228,0.0037503285693776508
d1536,c30q0,7.373419828694216e-05,1.865253422758774e-05,-5.508166405935442e-05
d1536,c30q1,0.0020887912741800433,0.002283717050100933,0.0001949257759208899
d1536,c30q2,0.008522401389366272,0.009328032302343862,0.0008056309129775893
d1536,c30q3,0.02779086962633917,0.02822115302021085,0.0004302833938716784
d1536,c30q4,0.04759503480043832,0.0480314596077799,0.00043642480734158023
d1536,c31q0,3.1688193736931024e-05,4.334057953999075e-06,-2.735413578293195e-05
d1536,c31q1,0.0005305609606357047,5.960125835004563e-05,-0.00047095970228565906
d1536,c31q2,0.0013934746771880014,0.0001758694464887506,-0.0012176052306992508
d1536,c31q3,0.0018106648181874655,0.00027461119990097925,-0.0015360536182864861
d1536,c31q4,0.0008823054858102369,0.0001457778732523242,-0.0007365276125579127
d1536,c32q0,0.00039216903144145186,0.0007136505256735388,0.00032148149423208693
d1536,c32q1,0.0062520756033184015,0.004509974651473817,-0.0017421009518445848
d1536,c32q2,0.009912038700470758,0.02614165024172776,0.016229611541257002
d1536,c32q3,0.029560876206724512,0.044502003217316455,0.014941127010591942
d1536,c32q4,0.01298251940855396,0.01687522064884455,0.0038927012402905914
d1536,c33q0,6.369272147535562e-06,3.4110704806906867e-06,-2.9582016668448754e-06
d1536,c33q1,0.00011055629851650008,0.00027724897911293104,0.00016669268059643096
d1536,c33q2,0.0017191234276231137,0.0007385664006372912,-0.0009805570269858224
d1536,c33q3,0.002576997399595408,0.0011629232791306955,-0.0014140741204647126
d1536,c33q4,0.005159992436146454,0.0020235385672405124,-0.003136453868905942
d1536,c34q0,2.352898804289752e-05,1.2456962413833847e-05,-1.1072025629063674e-05
d1536,c34q1,0.0006383797378759314,0.0007382218474434697,9.984210956753836e-05
d1536,c34q2,0.002744456352206185,0.0021875463463870096,-0.0005569100058191753
d1536,c34q3,0.003078348240193761,0.002502104723328764,-0.0005762435168649971
d1536,c34q4,0.0017643081692111078,0.001318283040225521,-0.0004460251289855868
d1536,c35q0,7.424262748216723e-05,0.00016649323585395652,9.225060837178929e-05
d1536,c35q1,0.001550269822324895,0.0024826462859704407,0.0009323764636455457
d1536,c35q2,0.0024230079826429926,0.003929582515164752,0.0015065745325217594
d1536,c35q3,0.0027449551744253417,0.002715676742681261,-2.9278431744080794e-05
d1536,c35q4,0.0011068658863578554,0.001075147565329539,-3.171832102831637e-05
d1536,c36q0,0.0001026665240197316,0.00015343917115901508,5.077264713928348e-05
d1536,c36q1,0.0005532099547407263,0.0007236854341080763,0.00017047547936734997
d1536,c36q2,0.001079759811952009,0.0012842009507608337,0.00020444113880882476
d1536,c36q3,0.0010477016071275532,0.0006846358870045222,-0.00036306572012303096
d1536,c36q4,0.000426792694100941,0.0002631209221781958,-0.00016367177192274523
d1536,c37q0,0.00012701385303392744,7.969174439870715e-05,-4.732210863522029e-05
d1536,c37q1,0.001155658411308508,0.0006535472325841922,-0.0005021111787243158
d1536,c37q2,0.00552437725237204,0.0025720590578034025,-0.002952318194568638
d1536,c37q3,0.01127598847931888,0.00411895483159431,-0.00715703364772457
d1536,c37q4,0.013869208261180108,0.0034730137711316738,-0.010396194490048433
d1536,c38q0,0.0013870967926141195,0.002057907933149082,0.0006708111405349627
d1536,c38q1,0.003982690530401928,0.005553239423110692,0.0015705488927087643
d1536,c38q2,0.012850140641170238,0.017723803080536626,0.004873662439366388
d1536,c38q3,0.01624775639773122,0.02159307734908163,0.005345320951350409
d1536,c38q4,0.013774716543069698,0.021799164609110324,0.008024448066040626
d1536,c39q0,9.391678924436436e-05,0.0003211580828005192,0.00022724129355615485
d1536,c39q1,0.002346221337257565,0.003877821466899308,0.0015316001296417428
d1536,c39q2,0.01463953837519005,0.019672854719764103,0.005033316344574053
d1536,c39q3,0.00853198067965416,0.009670879620160996,0.001138898940506835
d1536,c39q4,0.009584146142769994,0.00926282363840342,-0.00032132250436657343
