size,subset,old_bpb,new_bpb,bpb_change_pct,old_ce,new_ce,ce_change_pct,direction_disagrees,compute_csv,source
d768,4chan,1.1000752449035645,1.0866222381591797,-1.2229169601543077,2.561453104019165,2.530748128890991,-1.1987326677968424,False,2.649679880270119e+19,mix_study_final-2026.09.15.1_point_speedups.csv
d768,c4_100_domains,0.9186555743217468,0.9148553013801576,-0.4136776663435593,2.9488508701324463,2.933250904083252,-0.5290184799509268,False,2.649679880270119e+19,mix_study_final-2026.09.15.1_point_speedups.csv
d768,c4_en,0.9491547346115112,0.9459267258644104,-0.34009299320643116,3.084329843521118,3.0735971927642822,-0.34797350806629046,False,2.649679880270119e+19,mix_study_final-2026.09.15.1_point_speedups.csv
d768,dolma-v1_5,0.8959868550300598,0.8930209875106812,-0.3310168561880489,2.686915397644043,2.6810145378112793,-0.21961464949501464,False,2.649679880270119e+19,mix_study_final-2026.09.15.1_point_speedups.csv
d768,dolma_100_programing_languages,0.5766160488128662,0.5782161355018616,0.27749603783828736,1.3290963172912598,1.317257046699524,-0.8907759684312899,True,2.649679880270119e+19,mix_study_final-2026.09.15.1_point_speedups.csv
d768,dolma_100_subreddits,1.1243383884429932,1.1194331645965576,-0.4362764712880107,3.4260177612304688,3.4092395305633545,-0.4897298215140733,False,2.649679880270119e+19,mix_study_final-2026.09.15.1_point_speedups.csv
d768,falcon-refinedweb,1.0089563131332395,1.0044867992401123,-0.4429838869085878,3.1621463298797607,3.1477296352386475,-0.4559148482436437,False,2.649679880270119e+19,mix_study_final-2026.09.15.1_point_speedups.csv
d768,gab,1.7025781869888306,1.6869094371795654,-0.9202954630222804,4.131763935089111,4.093710422515869,-0.9209991948008422,False,2.649679880270119e+19,mix_study_final-2026.09.15.1_point_speedups.csv
d768,m2d2_s2orc_unsplit,0.8529973030090332,0.8499905467033386,-0.3524930612427424,2.57592248916626,2.564354419708252,-0.44908453211076615,False,2.649679880270119e+19,mix_study_final-2026.09.15.1_point_speedups.csv
d768,m2d2_wikipedia_unsplit,0.8797162771224976,0.8837763071060181,0.4615158419940313,2.71933650970459,2.7317357063293457,0.45596404051158057,False,2.649679880270119e+19,mix_study_final-2026.09.15.1_point_speedups.csv
d768,manosphere_meta_sep,1.1631572246551514,1.1600288152694702,-0.26895842792092894,3.4063384532928467,3.3975329399108887,-0.25850377179771344,False,2.649679880270119e+19,mix_study_final-2026.09.15.1_point_speedups.csv
d768,mc4,0.9205182194709778,0.9149237871170044,-0.6077481396499107,2.669191360473633,2.6500890254974365,-0.7156600032156013,False,2.649679880270119e+19,mix_study_final-2026.09.15.1_point_speedups.csv
d768,ptb,1.0533778667449951,1.0614614486694336,0.767396219308969,3.350630760192871,3.375433444976806,0.7402392731124863,False,2.649679880270119e+19,mix_study_final-2026.09.15.1_point_speedups.csv
d768,redpajama,0.8125020861625671,0.8229179382324219,1.2819477324727435,2.3800554275512695,2.381725788116455,0.07018158257365847,False,2.649679880270119e+19,mix_study_final-2026.09.15.1_point_speedups.csv
d768,twitterAAE_HELM_fixed,2.505134105682373,2.468413829803467,-1.465800804660078,5.059779644012451,4.969519138336182,-1.7838821456005571,False,2.649679880270119e+19,mix_study_final-2026.09.15.1_point_speedups.csv
d768,wikitext_103,0.8757628202438354,0.8783000707626343,0.28971891248961157,2.753825426101685,2.762155771255493,0.3025008439115462,False,2.649679880270119e+19,mix_study_final-2026.09.15.1_point_speedups.csv
d1024,4chan,1.0213335752487185,1.009325623512268,-1.1757130116403114,2.37811541557312,2.3502414226531982,-1.1721042947448468,False,1.7261182741798453e+20,mix_study_final-2026.09.15.1_point_speedups.csv
d1024,c4_100_domains,0.8395844101905823,0.8349559903144836,-0.5512751094375323,2.6960201263427734,2.6785128116607666,-0.6493762606199827,False,1.7261182741798453e+20,mix_study_final-2026.09.15.1_point_speedups.csv
d1024,c4_en,0.8750015497207642,0.8720061779022217,-0.34232760153377617,2.8434910774230957,2.8334763050079346,-0.3521998888857736,False,1.7261182741798453e+20,mix_study_final-2026.09.15.1_point_speedups.csv
d1024,dolma-v1_5,0.8190394043922424,0.8136082291603088,-0.6631152546273111,2.449658155441284,2.442582607269287,-0.28883818569871433,False,1.7261182741798453e+20,mix_study_final-2026.09.15.1_point_speedups.csv
d1024,dolma_100_programing_languages,0.5013558864593506,0.501667320728302,0.062118402787847415,1.1602736711502075,1.1448990106582642,-1.3250891470028892,True,1.7261182741798453e+20,mix_study_final-2026.09.15.1_point_speedups.csv
d1024,dolma_100_subreddits,1.0489264726638794,1.0439918041229248,-0.47044942324911965,3.1964759826660156,3.180267810821533,-0.5070637768710529,False,1.7261182741798453e+20,mix_study_final-2026.09.15.1_point_speedups.csv
d1024,falcon-refinedweb,0.9295719861984252,0.9249961972236632,-0.4922468665901958,2.913520097732544,2.8989827632904053,-0.4989611862795229,False,1.7261182741798453e+20,mix_study_final-2026.09.15.1_point_speedups.csv
d1024,gab,1.6065263748168943,1.5818642377853394,-1.535121826703023,3.8986716270446777,3.838800191879273,-1.5356880725753586,False,1.7261182741798453e+20,mix_study_final-2026.09.15.1_point_speedups.csv
d1024,m2d2_s2orc_unsplit,0.7775632739067078,0.7741944789886475,-0.4332502615683631,2.348960876464844,2.337172746658325,-0.5018444506517228,False,1.7261182741798453e+20,mix_study_final-2026.09.15.1_point_speedups.csv
d1024,m2d2_wikipedia_unsplit,0.796610951423645,0.7995315194129944,0.3666241324111752,2.4632558822631836,2.471627950668335,0.3398781452400135,False,1.7261182741798453e+20,mix_study_final-2026.09.15.1_point_speedups.csv
d1024,manosphere_meta_sep,1.0870245695114136,1.0836340188980105,-0.31191112956416855,3.1827828884124756,3.173471689224243,-0.29254898982056243,False,1.7261182741798453e+20,mix_study_final-2026.09.15.1_point_speedups.csv
d1024,mc4,0.8424513936042786,0.8355618715286255,-0.8177946084435228,2.4440932273864746,2.4240643978118896,-0.8194789523639501,False,1.7261182741798453e+20,mix_study_final-2026.09.15.1_point_speedups.csv
d1024,ptb,0.9412280917167664,0.94068443775177,-0.057760065788592385,2.9938998222351074,2.9921703338623047,-0.05776707557006988,False,1.7261182741798453e+20,mix_study_final-2026.09.15.1_point_speedups.csv
d1024,redpajama,0.7337654829025269,0.7397544980049133,0.8162028934225685,2.1483941078186035,2.1488020420074463,0.018987865743924637,False,1.7261182741798453e+20,mix_study_final-2026.09.15.1_point_speedups.csv
d1024,twitterAAE_HELM_fixed,2.435474157333374,2.385754108428955,-2.0414935939561785,4.9235639572143555,4.809349060058594,-2.3197606073219745,False,1.7261182741798453e+20,mix_study_final-2026.09.15.1_point_speedups.csv
d1024,wikitext_103,0.7800092101097107,0.7823716402053833,0.30287207702845986,2.4528191089630127,2.460458755493164,0.3114639193014579,False,1.7261182741798453e+20,mix_study_final-2026.09.15.1_point_speedups.csv
d1536,4chan,0.9493623971939088,0.9405314326286316,-0.9301995309040523,2.210523843765259,2.1899662017822266,-0.9299896059033586,False,1.3813106318003122e+21,mix_study_final-2026.09.15.1_point_speedups.csv
d1536,c4_100_domains,0.767145574092865,0.762884795665741,-0.5554067664618079,2.4642422199249268,2.4491536617279053,-0.6123001251671312,False,1.3813106318003122e+21,mix_study_final-2026.09.15.1_point_speedups.csv
d1536,c4_en,0.8064409494400024,0.803723931312561,-0.33691470272289026,2.6207103729248047,2.611804723739624,-0.3398181377533005,False,1.3813106318003122e+21,mix_study_final-2026.09.15.1_point_speedups.csv
d1536,dolma-v1_5,0.7472224831581116,0.7427892684936523,-0.5932924616671609,2.234119415283203,2.229109525680542,-0.22424448614472015,False,1.3813106318003122e+21,mix_study_final-2026.09.15.1_point_speedups.csv
d1536,dolma_100_programing_languages,0.4370846748352051,0.43506109714508057,-0.4629715491368924,1.0172245502471924,1.0012305974960327,-1.5723128926914964,False,1.3813106318003122e+21,mix_study_final-2026.09.15.1_point_speedups.csv
d1536,dolma_100_subreddits,0.9789345264434814,0.9744769930839539,-0.45534540248794997,2.983419179916382,2.969533681869507,-0.4654222960135401,False,1.3813106318003122e+21,mix_study_final-2026.09.15.1_point_speedups.csv
d1536,falcon-refinedweb,0.8571977019309998,0.8522621989250183,-0.5757718429323044,2.6867141723632812,2.6710095405578613,-0.5845293097034521,False,1.3813106318003122e+21,mix_study_final-2026.09.15.1_point_speedups.csv
d1536,gab,1.5129204988479614,1.496774673461914,-1.0671958902230383,3.6715283393859863,3.6323249340057373,-1.0677680180130489,False,1.3813106318003122e+21,mix_study_final-2026.09.15.1_point_speedups.csv
d1536,m2d2_s2orc_unsplit,0.708041250705719,0.7038629651069641,-0.5901189506388627,2.139909267425537,2.125727891921997,-0.662709196105371,False,1.3813106318003122e+21,mix_study_final-2026.09.15.1_point_speedups.csv
d1536,m2d2_wikipedia_unsplit,0.7198629975318909,0.7234596014022827,0.49962338427216313,2.22644305229187,2.2365036010742188,0.45186643206491794,False,1.3813106318003122e+21,mix_study_final-2026.09.15.1_point_speedups.csv
d1536,manosphere_meta_sep,1.014733076095581,1.0110148191452026,-0.36642709673812,2.971397638320923,2.960993528366089,-0.350141960828676,False,1.3813106318003122e+21,mix_study_final-2026.09.15.1_point_speedups.csv
d1536,mc4,0.7684661746025085,0.7620304822921753,-0.8374724253363719,2.229433298110962,2.2087016105651855,-0.9299084015360615,False,1.3813106318003122e+21,mix_study_final-2026.09.15.1_point_speedups.csv
d1536,ptb,0.8395755887031555,0.8339354395866394,-0.6717857441791653,2.6705591678619385,2.652618646621704,-0.6717889442830693,False,1.3813106318003122e+21,mix_study_final-2026.09.15.1_point_speedups.csv
d1536,redpajama,0.6636402606964111,0.6619364023208618,-0.2567442749421667,1.9446436166763303,1.9429527521133423,-0.0869498425566495,False,1.3813106318003122e+21,mix_study_final-2026.09.15.1_point_speedups.csv
d1536,twitterAAE_HELM_fixed,2.3402576446533203,2.3068294525146484,-1.4283979464843832,4.779099464416504,4.659755229949951,-2.4972117729532117,False,1.3813106318003122e+21,mix_study_final-2026.09.15.1_point_speedups.csv
d1536,wikitext_103,0.6902027726173401,0.683497428894043,-0.9715034464248151,2.1704137325286865,2.149336576461792,-0.9711123621733653,False,1.3813106318003122e+21,mix_study_final-2026.09.15.1_point_speedups.csv
