subset,floor_fraction,floor_bpb,refit_alpha,refit_recentered_speedup,fixed_zero_floor_alpha_speedup,max_in_sample_error_bpb,target_old_bpb,target_new_bpb,observations,free_fit_parameters_at_fixed_floor,scope
macro,0,0.0,0.040007057758003686,1.196838259252254,1.196838259252254,0.00211150577157615,0.9250680357217789,0.9184419363737106,3,2,"Assumption profile; not confidence interval, wall-clock saving or a fitted floor"
macro,0.1,0.09250680357217789,0.044088324861747186,1.1987018699839833,1.2210706712036392,0.0018988248801092844,0.9250680357217789,0.9184419363737106,3,2,"Assumption profile; not confidence interval, wall-clock saving or a fitted floor"
macro,0.25,0.23126700893044472,0.052060098647162975,1.2024146692795423,1.2710787082647714,0.0014835798028771663,0.9250680357217789,0.9184419363737106,3,2,"Assumption profile; not confidence interval, wall-clock saving or a fitted floor"
macro,0.5,0.46253401786088943,0.07458237243351186,1.2134497080458964,1.434286654781275,0.0003116599864896319,0.9250680357217789,0.9184419363737106,3,2,"Assumption profile; not confidence interval, wall-clock saving or a fitted floor"
macro,0.75,0.6938010267913342,0.13223380193397327,1.245872445795182,2.068069764107687,0.0026797709065212727,0.9250680357217789,0.9184419363737106,3,2,"Assumption profile; not confidence interval, wall-clock saving or a fitted floor"
macro,0.9,0.832561232149601,0.2533321435782216,1.3409545664739737,6.409285084908947,0.008921323659315306,0.9250680357217789,0.9184419363737106,3,2,"Assumption profile; not confidence interval, wall-clock saving or a fitted floor"
dolma_100_programing_languages,0,0.0,0.06999749810188165,1.068541610885024,1.068541610885024,0.002861037738853933,0.4370846748352051,0.43506109714508057,3,2,"Assumption profile; not confidence interval, wall-clock saving or a fitted floor"
dolma_100_programing_languages,0.1,0.04370846748352051,0.07670968393779926,1.0695444121483029,1.0764621170057491,0.0025542362059333135,0.4370846748352051,0.43506109714508057,3,2,"Assumption profile; not confidence interval, wall-clock saving or a fitted floor"
dolma_100_programing_languages,0.25,0.10927116870880127,0.08962662952146203,1.0715300317568177,1.092492218367278,0.001964623819390221,0.4370846748352051,0.43506109714508057,3,2,"Assumption profile; not confidence interval, wall-clock saving or a fitted floor"
dolma_100_programing_languages,0.5,0.21854233741760254,0.12486649380735974,1.077345448801288,1.1421341227723696,0.0003613500054702179,0.4370846748352051,0.43506109714508057,3,2,"Assumption profile; not confidence interval, wall-clock saving or a fitted floor"
dolma_100_programing_languages,0.75,0.3278135061264038,0.20837325426938552,1.0938534405785962,1.3060992392273747,0.0034071471397254527,0.4370846748352051,0.43506109714508057,3,2,"Assumption profile; not confidence interval, wall-clock saving or a fitted floor"
dolma_100_programing_languages,0.9,0.3933762073516846,0.36382276861097546,1.1391607913740351,1.968382042856784,0.010298492676178606,0.4370846748352051,0.43506109714508057,3,2,"Assumption profile; not confidence interval, wall-clock saving or a fitted floor"
