size,subset,old_bpb_over_ce,new_bpb_over_ce,ratio_change_pct
d768,4chan,0.42947311554423584,0.42936799034021317,-0.024477714720150257
d768,c4_100_domains,0.31153002127926727,0.31189125352578156,0.11595423292782847
d768,c4_en,0.30773451049837836,0.3077588462441554,0.007908032718728641
d768,dolma-v1_5,0.3334629947097271,0.33309069194370117,-0.11164740074083301
d768,dolma_100_programing_languages,0.4338406790472702,0.43895467247688746,1.1787722259811506
d768,dolma_100_subreddits,0.32817646223736513,0.32835274686949867,0.053716415531979145
d768,falcon-refinedweb,0.3190732521134165,0.3191147003208096,0.012990185519656805
d768,gab,0.41207053784695724,0.41207346467433875,0.0007102733907693448
d768,m2d2_s2orc_unsplit,0.33114245735131564,0.33146375562237707,0.09702720503779183
d768,m2d2_wikipedia_unsplit,0.3235040143001882,0.3235218930800429,0.005526602163929972
d768,manosphere_meta_sep,0.3414684831246725,0.34143269124563536,-0.010481751847080112
d768,mc4,0.3448678251781982,0.3452426610254228,0.10868971236470681
d768,ptb,0.31438196033404764,0.3144667095270567,0.026957396957194568
d768,redpajama,0.3413794808125597,0.34551330062358343,1.2109163096693187
d768,twitterAAE_HELM_fixed,0.4951073528759009,0.4967108006007002,0.32385859662262817
d768,wikitext_103,0.31801682559216005,0.3179762994913995,-0.012743382582069973
d1024,4chan,0.4294718282218357,0.4294561459872645,-0.0036515164769101993
d1024,c4_100_domains,0.31141622497065774,0.31172372470258347,0.09874236063156516
d1024,c4_en,0.307720870541198,0.3077513570030648,0.009907180430479556
d1024,dolma-v1_5,0.33434844881232,0.3330934342768826,-0.3753612555690067
d1024,dolma_100_programing_languages,0.4321014075604631,0.43817604527395515,1.405836131797833
d1024,dolma_100_subreddits,0.32815090066436975,0.3282716633393333,0.036800957949223445
d1024,falcon-refinedweb,0.31905459891004956,0.31907612868100443,0.006747989537969623
d1024,gab,0.41207019428684083,0.4120725640088453,0.0005750772653190239
d1024,m2d2_s2orc_unsplit,0.3310243613239444,0.3312525700531062,0.06894016145793103
d1024,m2d2_wikipedia_unsplit,0.3233975638339842,0.3234837667201485,0.02665539132153949
d1024,manosphere_meta_sep,0.34153274276700823,0.3414664206955334,-0.01941894968473523
d1024,mc4,0.34468873124988414,0.3446945849635246,0.0016982608103344177
d1024,ptb,0.3143819591846226,0.3143819812348487,7.013833158708849e-06
d1024,redpajama,0.34154137745591007,0.34426367973562727,0.7970636822967725
d1024,twitterAAE_HELM_fixed,0.4946567524048803,0.49606590801290035,0.2848754416409305
d1024,wikitext_103,0.3180051913569273,0.3179779536879772,-0.008565164874774212
d1536,4chan,0.4294739456765272,0.42947303564009953,-0.00021189560782675088
d1536,c4_100_domains,0.31131094495906986,0.31148915136975,0.05724386294980732
d1536,c4_en,0.307718455946731,0.30772742081642923,0.002913335071386136
d1536,dolma-v1_5,0.33445950921266737,0.3332224190585164,-0.36987740520911805
d1536,dolma_100_programing_languages,0.4296835686171658,0.4345263700820974,1.1270622892369353
d1536,dolma_100_subreddits,0.3281250362112771,0.3281582556323994,0.01012401293907228
d1536,falcon-refinedweb,0.3190505751406349,0.31907868017087526,0.008808957710848553
d1536,gab,0.41206831569791913,0.4120706987002033,0.0005783027215100489
d1536,m2d2_s2orc_unsplit,0.33087442607206563,0.3311162109608299,0.07307451701075163
d1536,m2d2_wikipedia_unsplit,0.32332423539460114,0.3234779506077239,0.04754212530191371
d1536,manosphere_meta_sep,0.34150026338076594,0.3414444541873391,-0.01634235735994416
d1536,mc4,0.34469126089291097,0.3450128702976673,0.09330361434845003
d1536,ptb,0.31438194622563764,0.31438195635422933,3.2217472467621633e-06
d1536,redpajama,0.3412657491611063,0.3406857946498576,-0.1699421968581194
d1536,twitterAAE_HELM_fixed,0.4896859046517146,0.49505378258665,1.0961879612918946
d1536,wikitext_103,0.3180051629203455,0.3180039070563843,-0.0003949193622010405
