size,field,path,old,new,equal
d768,train_batch,trainer.trainer.train_batch_size,1024,1024,True
d768,updates,trainer.trainer.num_train_steps,11420,11420,True
d768,expert_axis,trainer.expert_axis_size,64,8,False
d768,eval_batch,eval.eval_batch_size,64,16,False
d768,dropless_eval,eval.dropless_eval,True,True,True
d768,gpu,resources.device.variant,GB200,H100,False
d768,learning_rate,optimizer.learning_rate,0.01581899827720595,0.01581899827720595,True
d768,adam_lr,optimizer.adam_lr,0.003650538063970605,0.003650538063970605,True
d768,beta2,optimizer.beta2,0.9684910757595268,0.9684910757595268,True
d768,epsilon,optimizer.epsilon,1.0340199349722422e-15,1.0340199349722422e-15,True
d768,tokenizer,data.tokenizer,marin-community/marin-tokenizer,marin-community/marin-tokenizer,True
d768,block_sequences,data.mixture_block_size,49152,49152,True
d768,permutation,data.permutation_type,feistel,feistel,True
d768,initial_weight_half_l1,data.train_weights[0][1],0,0.20391888499269875,False
d768,sixteen_validation_component_configs,data.components[paloma/*],16,16,True
d1024,train_batch,trainer.trainer.train_batch_size,2048,1024,False
d1024,updates,trainer.trainer.num_train_steps,15276,30552,False
d1024,expert_axis,trainer.expert_axis_size,64,8,False
d1024,eval_batch,eval.eval_batch_size,128,32,False
d1024,dropless_eval,eval.dropless_eval,True,True,True
d1024,gpu,resources.device.variant,GB200,H100,False
d1024,learning_rate,optimizer.learning_rate,0.014411232257430628,0.010190280054483513,False
d1024,adam_lr,optimizer.adam_lr,0.0033256689824839912,0.0023516030894961955,False
d1024,beta2,optimizer.beta2,0.95,0.9684910757595268,False
d1024,epsilon,optimizer.epsilon,1.195916022710625e-15,1.691280658776656e-15,False
d1024,tokenizer,data.tokenizer,marin-community/marin-tokenizer,marin-community/marin-tokenizer,True
d1024,block_sequences,data.mixture_block_size,49152,49152,True
d1024,permutation,data.permutation_type,feistel,feistel,True
d1024,initial_weight_half_l1,data.train_weights[0][1],0,0.20391888499269875,False
d1024,sixteen_validation_component_configs,data.components[paloma/*],16,16,True
d1536,train_batch,trainer.trainer.train_batch_size,6144,1024,False
d1536,updates,trainer.trainer.num_train_steps,15128,90767,False
d1536,expert_axis,trainer.expert_axis_size,64,8,False
d1536,eval_batch,eval.eval_batch_size,384,64,False
d1536,dropless_eval,eval.dropless_eval,True,True,True
d1536,gpu,resources.device.variant,GB200,H100,False
d1536,learning_rate,optimizer.learning_rate,0.01488939905130899,0.006078594886605172,False
d1536,adam_lr,optimizer.adam_lr,0.0034360151656866902,0.001402752666139655,False
d1536,beta2,optimizer.beta2,0.95,0.9684910757595268,False
d1536,epsilon,optimizer.epsilon,1.1901086660166794e-15,2.9151429118641857e-15,False
d1536,tokenizer,data.tokenizer,marin-community/marin-tokenizer,marin-community/marin-tokenizer,True
d1536,block_sequences,data.mixture_block_size,49152,49152,True
d1536,permutation,data.permutation_type,feistel,feistel,True
d1536,initial_weight_half_l1,data.train_weights[0][1],0,0.20391888499269875,False
d1536,sixteen_validation_component_configs,data.components[paloma/*],16,16,True
