metric,old_mean,proportional_mean,selected_mean,proportional_vs_old_pct,selected_vs_old_pct,selected_vs_proportional_pct,mean_selected_minus_proportional,conditional_t95_low,conditional_t95_high,all_three_selected_better,all_three_selected_worse
eval_dropless/paloma/4chan-llama3/bpb,1.1861881415049236,1.1821801662445068,1.1862690448760986,-0.3378869776367699,0.006820450175171189,0.34587609810619035,0.004088878631591797,0.0020541057510579555,0.006123651512125638,False,True
eval_dropless/paloma/bpb,1.0277480681737263,1.0271920760472615,1.0199579397837322,-0.05409809501786267,-0.7579803486117864,-0.70426324659425,-0.00723413626352946,-0.008179242940499544,-0.006289029586559375,True,False
eval_dropless/paloma/c4_100_domains-llama3/bpb,1.0250694751739502,1.0217712720235188,1.017254153887431,-0.32175410841023266,-0.7624186921762588,-0.4420870169056679,-0.004517118136088054,-0.004681212927965705,-0.0043530233442104025,True,False
eval_dropless/paloma/c4_en-llama3/bpb,1.0459163188934326,1.0429030259450276,1.041788101196289,-0.28810076809901997,-0.39469866016730304,-0.10690588875492679,-0.0011149247487386067,-0.0019784184990116116,-0.0002514309984656017,True,False
eval_dropless/paloma/dolma-v1_5-llama3/bpb,1.0026322603225708,0.9967693289120992,0.9957749048868815,-0.5847539165142468,-0.6839352479525385,-0.09976470948429572,-0.0009944240252176921,-0.0015052561197028012,-0.00048359193073258303,True,False
eval_dropless/paloma/dolma_100_programing_languages-llama3/bpb,0.7044887542724609,0.6915642619132996,0.6789210438728333,-1.8345917207023055,-3.6292574217216544,-1.8282058135114188,-0.012643218040466309,-0.014571539094564738,-0.01071489698636788,True,False
eval_dropless/paloma/dolma_100_subreddits-llama3/bpb,1.2132806380589802,1.2132513523101807,1.212643027305603,-0.002413765445596905,-0.052552619186052585,-0.050140064003989515,-0.0006083250045776367,-0.001730855422486604,0.0005142054133313305,True,False
eval_dropless/paloma/falcon-refinedweb-llama3/bpb,1.1102158625920613,1.106638511021932,1.1059210697809856,-0.3222212626089904,-0.38684304159088967,-0.0648306772085605,-0.0007174412409464518,-0.0014913533027439809,5.64708208510773e-05,True,False
eval_dropless/paloma/gab-llama3/bpb,1.8263933261235554,1.8124563694000244,1.8217963774998982,-0.7630862708588371,-0.25169543481710077,0.5153231966055882,0.009340008099873861,0.002931778297286491,0.015748237902461232,False,True
eval_dropless/paloma/m2d2_s2orc_unsplit-llama3/bpb,0.9533849755922953,0.9650131861368815,0.9478922287623087,1.2196762947058293,-0.5761310457587321,-1.7741682311213758,-0.017120957374572754,-0.019306145532177132,-0.014935769216968375,True,False
eval_dropless/paloma/m2d2_wikipedia_unsplit-llama3/bpb,0.9955573876698812,0.9946120182673136,0.9944111307462057,-0.09495880541655621,-0.11513720232224633,-0.020197576282843244,-0.00020088752110799155,-0.001535487887868386,0.001133712845652403,False,False
eval_dropless/paloma/macro_bpb,1.1933826208114624,1.1865977048873901,1.1860119501749675,-0.5685448912821189,-0.6176284544417987,-0.04936422091581516,-0.0005857547124226888,-0.002078449011374064,0.0009069395865286862,True,False
eval_dropless/paloma/manosphere_meta_sep-llama3/bpb,1.246166507403056,1.2539971669514973,1.2561041116714478,0.6283798755561287,0.7974539685793092,0.16801829983974503,0.002106944719950358,-0.0012420034706237953,0.005455892910524511,False,True
eval_dropless/paloma/mc4-llama3/bpb,1.0265614986419678,1.0165045658747356,1.0161795616149902,-0.9796717274645927,-1.0113312296157306,-0.03197272994692746,-0.00032500425974527997,-0.0019368535026150222,0.0012868449831244621,False,False
eval_dropless/paloma/ptb-llama3/bpb,1.2004531621932983,1.1794570684432983,1.187307635943095,-1.7490139899868251,-1.0950469926028328,0.6656085846480364,0.007850567499796549,0.0005556154589022614,0.015145519540690836,False,True
eval_dropless/paloma/redpajama-llama3/bpb,0.9355508287747701,0.9311073025067648,0.9310707449913025,-0.47496363974416367,-0.47887123239844787,-0.003926240870821829,-3.6557515462239586e-05,-0.0011834941419914143,0.0011103791110669353,False,False
eval_dropless/paloma/twitterAAE_HELM_fixed-llama3/bpb,2.616604963938395,2.574774185816447,2.5797173976898193,-1.598666160863138,-1.4097491504049708,0.19198622934015752,0.0049432118733723955,-0.012995419463930211,0.022881843210675,False,False
eval_dropless/paloma/wikitext_103-llama3/bpb,1.0056571165720622,1.0025631189346313,1.0031405488650005,-0.3076592992229066,-0.2502411274769134,0.05759536925542541,0.0005774299303690592,-0.005235081272883911,0.00638994113362203,False,False
eval_dropless/uncheatable_eval/ao3_english-llama3/bpb,1.1867121855417888,1.1836012999216716,1.1811034282048543,-0.2621432271462609,-0.47262996076625763,-0.21103996058323693,-0.00249787171681722,-0.004142832470125775,-0.0008529109635086656,True,False
eval_dropless/uncheatable_eval/arxiv_computer_science-llama3/bpb,0.8776146570841471,0.8764972686767578,0.861141304175059,-0.12732107404652693,-1.8770599119003362,-1.751969464192582,-0.015355964501698812,-0.0180318516541938,-0.012680077349203824,True,False
eval_dropless/uncheatable_eval/arxiv_physics-llama3/bpb,0.9506309032440186,0.9509806036949158,0.9225052992502848,0.03678614378135325,-2.9586250455098217,-2.994309698220321,-0.02847530444463094,-0.031096066662036466,-0.025854542227225413,True,False
eval_dropless/uncheatable_eval/bbc_news-llama3/bpb,0.9852310419082642,0.9911923805872599,0.9902576406796774,0.6050701231915534,0.5101949246013815,-0.09430458969313937,-0.000934739907582601,-0.0018206030194610893,-4.887679570411262e-05,True,False
eval_dropless/uncheatable_eval/bpb,0.8754217425982157,0.8768084049224854,0.8614722688992819,0.1583993470569034,-1.5934575325410982,-1.7490863382587318,-0.015336136023203531,-0.01630543451455298,-0.01436683753185408,True,False
eval_dropless/uncheatable_eval/github_cpp-llama3/bpb,0.6033484935760498,0.5986782908439636,0.5725213686625162,-0.7740473013209792,-5.1093398329083435,-4.369111521410551,-0.026156922181447346,-0.028822190015845715,-0.023491654347048977,True,False
eval_dropless/uncheatable_eval/github_python-llama3/bpb,0.5486194888750712,0.5623631079991659,0.5371622840563456,2.5051277620989465,-2.0883699998004546,-4.481237048511666,-0.025200823942820232,-0.028164694668853078,-0.022236953216787387,True,False
eval_dropless/uncheatable_eval/macro_bpb,0.8774344523747762,0.8790241678555807,0.8648976484934489,0.18117769099468273,-1.4288023278999917,-1.6070683695300514,-0.014126519362131754,-0.01510005309278144,-0.013152985631482069,True,False
eval_dropless/uncheatable_eval/wikipedia_english-llama3/bpb,0.9898842573165894,0.9898561636606852,0.9895920157432556,-0.0028380748250622645,-0.029522802405801407,-0.026685484934774184,-0.00026414791742960614,-0.0027308036765757034,0.0022025078417164915,False,False
arc_challenge_0shot,1.5057419870861501,1.5435860603168676,1.5328536197938307,2.5133172585531494,1.8005496917931962,-0.6952926564284811,-0.010732440523036976,-0.05544009901227209,0.03397521796619814,False,False
belebele_arabic,2.112317531288628,2.2091075583189124,2.337672606268703,4.582172215899605,10.668617366565925,5.819773123569694,0.12856504794979084,-0.14267997257557158,0.39981006847515327,False,True
belebele_bengali,2.4048823197086224,2.328206416311933,2.1621318679693116,-3.1883432618848184,-10.094067794914919,-7.133153966893413,-0.16607454834262173,-0.8623692274077971,0.5302201307225537,False,False
belebele_chinese_simplified,2.1114572896111445,2.206566362479616,2.2880921253543285,4.504427976660019,8.365541496494755,3.694688918537592,0.08152576287471221,-0.27586324080750096,0.43891476655692535,False,False
belebele_french,2.084444806462879,2.128224599105858,2.2114830422495855,2.100309516818988,6.094583814012289,3.912107922195207,0.08325844314372717,-0.28336098988974406,0.4498778761771984,False,False
belebele_german,2.147408759550101,2.143241712726632,2.3313346203732297,-0.19405000584713505,8.565013996760573,8.77609401355417,0.18809290764659758,-0.6359553261705064,1.0121411414637016,False,False
belebele_hebrew,2.159602075917412,2.2587451458495655,2.1830951781718917,4.590802677851524,1.0878440299933345,-3.3492033316233294,-0.07564996767767385,-0.6035279266924167,0.45222799133706904,False,False
belebele_hindi,2.2356315342064472,2.231218265076761,2.2897934268472646,-0.19740592589434502,2.4226663388894565,2.625254673078259,0.05857516177050378,-0.06502925473949142,0.182179578280499,False,True
belebele_indonesian,2.096886669800418,2.0998114344374557,2.210954840979002,0.1394812928691147,5.439882508740501,5.29301844531207,0.11114340654154613,-0.3291282844998961,0.5514150975829883,False,True
belebele_japanese,2.182791634589571,2.1494900591624644,2.503730316586194,-1.5256415179256577,14.703129557163109,16.48019984617921,0.35424025742372994,-0.20081126898412577,0.9092917838315857,False,True
belebele_korean,2.1032859224769482,2.0957448965364023,2.3174181556205413,-0.3585354639594196,10.180842787718515,10.577301629148383,0.22167325908413918,-0.09692741614863629,0.5402739343169146,False,True
belebele_mean,2.2256307109553477,2.196306779050873,2.2799398937653854,-1.3175560419853904,2.4401704443917094,3.8078976722301983,0.0836331147145127,-0.12698133422920604,0.2942475636582314,False,True
belebele_portuguese,2.082693400690992,2.143321127945071,2.168188643885809,2.9110250809823546,4.105032606645387,1.1602328562206665,0.024867515940738105,-0.021814946444417276,0.07154997832589349,False,True
belebele_russian,2.0832427080865203,2.1340755515682224,2.1889331596708796,2.4400826310052137,5.073362367913292,2.5705560453258114,0.054857608102657274,-0.24181726729056602,0.35153248349588057,False,False
belebele_spanish,2.067142500376413,2.138086389607383,2.1804146970233136,3.4319786477251535,5.479651094507254,1.979728584479834,0.04232830741593041,-0.16481665963990105,0.24947327447176187,False,False
belebele_swahili,2.6114728522938004,2.2004291140017114,2.274699969267861,-15.739920019886355,-12.895898294716456,3.375289610265164,0.07427085526614974,-0.18791501652030135,0.3364567270526008,False,True
belebele_thai,2.0993504309925877,2.161378497107294,2.2055411384184387,2.9546313563943327,5.058264968923898,2.043262731180606,0.044162641311144814,-0.01877501342865718,0.10710029605094681,False,True
belebele_turkish,2.5538407218462233,2.2304807250585146,2.4946613705639544,-12.661713552517295,-2.3172686838311085,11.844112461384725,0.2641806455054401,0.02627654351903777,0.5020847474918425,False,True
belebele_vietnamese,2.2262087829588104,2.2687565072420512,2.3095299108168517,1.9112189570419158,3.742736462808338,1.7971696585617813,0.04077340357480027,-0.5781877627628346,0.6597345699124352,False,False
belebele_yoruba,2.6986928563387402,2.4066376603798636,2.381243017709779,-10.822098382662993,-11.763096266525075,-1.0551917759849316,-0.02539464267008477,-0.24065948780728882,0.1898702024671193,False,False
boolq_0shot,2.3371176178362445,2.508776512279203,2.7906086239093884,7.344897541009687,19.40385895053909,11.233846867218267,0.2818321116301852,-1.0977193263966842,1.6613835496570546,False,False
copa_0shot,1.796569668657792,1.7976516774118796,1.816864234393883,0.06022637323581659,1.1296286523223342,1.068758604540343,0.019212556982003415,-0.04812484528900521,0.08654995925301204,False,False
csqa_0shot,3.5131431938368234,3.802961156289164,3.4542268277828194,8.249534575213847,-1.6770271749059984,-9.170073376364197,-0.3487343285063445,-1.1585652086451903,0.46109655163250135,False,False
gpqa_0shot,3.0533798706869466,3.137258331195533,2.550840210998205,2.7470692825952048,-16.458471627235838,-18.692057149589523,-0.5864181201973278,-3.8300031539495607,2.657166913554905,False,False
hellaswag_0shot,0.9607474136811018,0.9597763363062681,0.9622273651381884,-0.10107520051634289,0.15404168005159757,0.25537500136263436,0.00245102883192024,-0.0037401507643292525,0.008642208428169732,False,True
include_arabic,2.080453476899073,2.0545572907110157,2.0569482105554084,-1.244737576475674,-1.1298145622895328,0.11637153440318126,0.0023909198443930655,-0.17829860302148126,0.1830804427102674,False,False
include_bengali,2.0879037648235172,2.095821680781778,2.0974061795927446,0.3792280128835257,0.4551174689811699,0.07560274929379052,0.0015844988109662654,-0.07933127010287758,0.08250026772481012,False,False
include_chinese,2.0624258857468707,2.064449714258948,2.067323055019519,0.09812854493651546,0.2374470426545816,0.13918192052464473,0.002873340760570849,-0.025041012841985056,0.030787694363126752,False,False
include_french,2.0660410477591222,2.0933692916276483,2.073419923648202,1.3227347974604342,0.3571504979091644,-0.9529789158192581,-0.01994936797944617,-0.15675572525723186,0.11685698929833953,False,False
include_german,2.0590302889898475,2.0385378554236597,2.015679577371079,-0.9952468244768364,-2.1053945563878185,-1.121307509289804,-0.022858278052581078,-0.1619809141249443,0.11626435801978215,False,False
include_hebrew,2.100660110805721,2.108358606296592,2.0862868980177462,0.3664798246641787,-0.6842236263753243,-1.046866895077947,-0.022071708278845453,-0.1972395092606897,0.15309609270299882,False,False
include_hindi,2.0792892729269536,2.135321683180995,2.112697978980065,2.6947866746393823,1.6067368060858067,-1.0594986403747675,-0.022623704200930444,-0.13818529037601876,0.09293788197415788,False,False
include_indonesian,2.0789662347824986,2.0923046298103487,2.076693496194364,0.6415878625005922,-0.1093206108935374,-0.7461214487395118,-0.015611133615984762,-0.1419659193180178,0.11074365208604828,False,False
include_japanese,2.068139351775027,2.1119655177391228,2.1082723624375275,2.1191108774406997,1.9405370642967323,-0.1748681628831128,-0.0036931553015954557,-0.11755388511155491,0.110167574508364,False,False
include_korean,2.0776398474391113,2.079712127166561,2.103352966059701,0.09974200918432263,1.237611930300786,1.1367361176735757,0.023640838893139726,-0.15506457300819718,0.20234625079447663,False,False
include_mean,2.077282495424905,2.0911788507227094,2.08129976606601,0.6689680064416059,0.19339067507442298,-0.4724170126952587,-0.009879084656699325,-0.0698969476153795,0.05013877830198085,False,False
include_portuguese,2.096323969622472,2.136699871598524,2.11530334442066,1.9260335025088393,0.9053645845401359,-1.0013819658189482,-0.021396527177864073,-0.23978460901772775,0.19699155466199958,False,False
include_russian,2.062517719049615,2.077010561975362,2.0561279615269297,0.7026772566310235,-0.3098037638013529,-1.0054161895340363,-0.020882600448432154,-0.06207456974625843,0.020309368849394126,True,False
include_spanish,2.0455419581304612,2.087008887179403,2.077784445313324,2.0271854548923773,1.5762320129737661,-0.4419934156842942,-0.009224441866078958,-0.08202696085679,0.06357807712463208,False,False
include_turkish,2.097407879072157,2.0822242028570113,2.084644819856735,-0.7239257736488813,-0.6085158419957937,0.11625150626921599,0.0024206169997236238,-0.016393206974342624,0.021234440973789872,False,False
include_vietnamese,2.0968966235511237,2.1103408402336727,2.087555271996149,0.6411482822544334,-0.44548460091250464,-1.0797103388759055,-0.022785568237523684,-0.06084571138458596,0.015274574909538593,True,False
lambada_0shot,0.8657259804337699,0.860792794505252,0.8623819395188806,-0.569832261017067,-0.3862701351776132,0.1846141166344184,0.0015891450136286123,-0.01578678800079293,0.018965078028050156,False,False
lb_bbh_3shot,1.7394210509075827,1.7024677506239765,1.8155655140930445,-2.12445976000607,4.377575121660837,6.64316627599062,0.11309776346906804,-0.09854185577948472,0.3247373827176208,False,True
logprob_gsm8k_5shot,0.7038808875598414,0.7688293388233775,0.7802076989485478,9.227193465743078,10.843711306512404,1.4799591470564755,0.011378360125170387,-0.04436096127094131,0.06711768152128209,False,False
logprob_humaneval_10shot,0.5176012245548983,0.5370011142126808,0.49672331175246504,3.748037820904515,-4.0335903031116,-7.500506310730604,-0.040277802460215784,-0.06266464555961601,-0.017890959360815552,True,False
medmcqa_0shot,2.496934260629141,2.6984983480776594,2.8137643811988995,8.072462724658646,12.688765001363244,4.271488000107637,0.11526603312124006,-1.7147502131056367,1.9452822793481168,False,False
medqa_0shot,2.542674222898829,3.0437538670133564,3.3342765454497982,19.7067968677191,31.132667937636405,9.544880799494916,0.2905226784364417,-2.2268536703672934,2.807899027240177,False,False
mmlu_pro_5shot,4.048721272218756,4.24203191383638,3.974465145893316,4.774609774796534,-1.8340636791909115,-6.307514261510672,-0.2675667679430636,-1.250437756653172,0.7153042207670448,False,False
musr_0shot,0.8144761029969039,0.7644581903324025,0.78717688361923,-6.141114819754456,-3.351752037564404,2.9718686481662093,0.02271869328682748,-0.18668344767034187,0.23212083424399685,False,False
openbookqa_0shot,1.9750192115866936,1.9678352031400477,1.966359024437873,-0.36374372484581086,-0.4384862232232778,-0.0750153620495797,-0.0014761787021747204,-0.03169742499915807,0.028745067594808632,False,False
piqa_0shot,1.2661249182146541,1.2811782863252275,1.2905040082625734,1.1889322999661056,1.9254885278062295,0.7279019662512987,0.009325721937345785,-0.0013148401823906957,0.019966284057082263,False,True
sciq_0shot,1.6721895223231937,1.5622062556116743,1.639692580350478,-6.577201043498848,-1.9433767248802858,4.960057256233719,0.07748632473880386,-0.11739434552827015,0.27236699500587785,False,False
truthfulqa_mc1_0shot,0.7681896284412062,0.7698853100841674,0.7681584009591272,0.220737377879221,-0.004065074679848735,-0.22430732245707352,-0.0017269091250401807,-0.022102552425115093,0.01864873417503473,False,False
winogrande_0shot,0.4458149325198572,0.44705632841685655,0.4497900706253328,0.27845543216389324,0.8916565631857942,0.6114983805636243,0.0027337422084762384,0.0005739594335869582,0.004893524983365519,False,True
