baseline,kind,name,nominal_remaining_pct
old,quality,Q0,2.1022670041623384
old,quality,Q1,11.08186872803313
old,quality,Q2,28.07185219672455
old,quality,Q3,35.06472124120402
old,quality,Q4,23.679290829875953
old,domain,c39_math,5.352196687293952
new,quality,Q0,3.2472963686342595
new,quality,Q1,14.354564525462962
new,quality,Q2,25.98876953125
new,quality,Q3,32.420744719328695
new,quality,Q4,23.988624855324076
new,domain,c39_math,1.6981336805555556
proportional,quality,Q0,3.8173110738426503
proportional,quality,Q1,17.45191137299977
proportional,quality,Q2,28.354725520451122
proportional,quality,Q3,31.109291461521277
proportional,quality,Q4,19.26676057118517
proportional,domain,c39_math,2.082421717115057
