metric,seed,old_bpb,proportional_bpb,selected_bpb,selected_minus_proportional,selected_vs_proportional_pct
eval_dropless/paloma/4chan-llama3/bpb,0,1.1850030422210693,1.1811091899871826,1.1859562397003174,0.004847049713134766,0.41038117002436536
eval_dropless/paloma/4chan-llama3/bpb,1,1.1861481666564941,1.1823532581329346,1.1855733394622803,0.003220081329345703,0.2723451140508093
eval_dropless/paloma/4chan-llama3/bpb,2,1.187413215637207,1.1830780506134033,1.1872775554656982,0.004199504852294922,0.3549643111135037
eval_dropless/paloma/bpb,0,1.0279122591018677,1.027111530303955,1.0202538967132568,-0.006857633590698242,-0.6676620199822736
eval_dropless/paloma/bpb,1,1.027639389038086,1.0271869897842407,1.019960641860962,-0.007226347923278809,-0.7035085135566943
eval_dropless/paloma/bpb,2,1.0276925563812256,1.0272777080535889,1.0196592807769775,-0.007618427276611328,-0.7416132187902935
eval_dropless/paloma/c4_100_domains-llama3/bpb,0,1.0247734785079956,1.0216816663742065,1.0172160863876343,-0.004465579986572266,-0.43708134671927024
eval_dropless/paloma/c4_100_domains-llama3/bpb,1,1.0249924659729004,1.0219261646270752,1.0173345804214478,-0.004591584205627441,-0.4493068447174009
eval_dropless/paloma/c4_100_domains-llama3/bpb,2,1.0254424810409546,1.021705985069275,1.0172117948532104,-0.004494190216064453,-0.4398711842487413
eval_dropless/paloma/c4_en-llama3/bpb,0,1.045925259590149,1.0430279970169067,1.0415372848510742,-0.0014907121658325195,-0.14292158696563861
eval_dropless/paloma/c4_en-llama3/bpb,1,1.0456792116165161,1.0429149866104126,1.0418658256530762,-0.0010491609573364258,-0.10059889548105216
eval_dropless/paloma/c4_en-llama3/bpb,2,1.0461444854736328,1.0427660942077637,1.0419611930847168,-0.000804901123046875,-0.07718903860778337
eval_dropless/paloma/dolma-v1_5-llama3/bpb,0,1.0031050443649292,0.9973977208137512,0.9964455366134644,-0.0009521842002868652,-0.09546685142913791
eval_dropless/paloma/dolma-v1_5-llama3/bpb,1,1.0022271871566772,0.9962008595466614,0.9953876733779907,-0.0008131861686706543,-0.08162873589977471
eval_dropless/paloma/dolma-v1_5-llama3/bpb,2,1.002564549446106,0.996709406375885,0.9954915046691895,-0.0012179017066955566,-0.12219225572717152
eval_dropless/paloma/dolma_100_programing_languages-llama3/bpb,0,0.7062650322914124,0.6924722790718079,0.6794255375862122,-0.013046741485595703,-1.8840814108954107
eval_dropless/paloma/dolma_100_programing_languages-llama3/bpb,1,0.7051947712898254,0.692243218421936,0.6791086196899414,-0.013134598731994629,-1.8973965193818332
eval_dropless/paloma/dolma_100_programing_languages-llama3/bpb,2,0.702006459236145,0.6899772882461548,0.6782289743423462,-0.011748313903808594,-1.7027102346617085
eval_dropless/paloma/dolma_100_subreddits-llama3/bpb,0,1.213230848312378,1.212989330291748,1.2123985290527344,-0.0005908012390136719,-0.0487062189468368
eval_dropless/paloma/dolma_100_subreddits-llama3/bpb,1,1.2126903533935547,1.2129907608032227,1.2128252983093262,-0.00016546249389648438,-0.01364087009095849
eval_dropless/paloma/dolma_100_subreddits-llama3/bpb,2,1.2139207124710083,1.2137739658355713,1.2127052545547485,-0.001068711280822754,-0.08804862444772299
eval_dropless/paloma/falcon-refinedweb-llama3/bpb,0,1.1103116273880005,1.106529951095581,1.1060316562652588,-0.0004982948303222656,-0.045032204490158545
eval_dropless/paloma/falcon-refinedweb-llama3/bpb,1,1.1098788976669312,1.1065796613693237,1.1059997081756592,-0.0005799531936645508,-0.05240952946369282
eval_dropless/paloma/falcon-refinedweb-llama3/bpb,2,1.1104570627212524,1.1068059206008911,1.1057318449020386,-0.001074075698852539,-0.09704282194925584
eval_dropless/paloma/gab-llama3/bpb,0,1.829365849494934,1.8112998008728027,1.8235533237457275,0.012253522872924805,0.6765044012603694
eval_dropless/paloma/gab-llama3/bpb,1,1.8271174430847168,1.8136258125305176,1.822045922279358,0.008420109748840332,0.4642694039015627
eval_dropless/paloma/gab-llama3/bpb,2,1.8226966857910156,1.812443494796753,1.8197898864746094,0.007346391677856445,0.4053307978398646
eval_dropless/paloma/m2d2_s2orc_unsplit-llama3/bpb,0,0.9532372355461121,0.9647563099861145,0.94852614402771,-0.01623016595840454,-1.6823073132984367
eval_dropless/paloma/m2d2_s2orc_unsplit-llama3/bpb,1,0.9528448581695557,0.9646471738815308,0.9475035071372986,-0.017143666744232178,-1.7771955600356715
eval_dropless/paloma/m2d2_s2orc_unsplit-llama3/bpb,2,0.9540728330612183,0.9656360745429993,0.9476470351219177,-0.017989039421081543,-1.8629212283307828
eval_dropless/paloma/m2d2_wikipedia_unsplit-llama3/bpb,0,0.9953879117965698,0.994610607624054,0.9945672750473022,-4.3332576751708984e-05,-0.004356737844901648
eval_dropless/paloma/m2d2_wikipedia_unsplit-llama3/bpb,1,0.99563068151474,0.9945493936538696,0.9947893619537354,0.00023996829986572266,0.024128344092000376
eval_dropless/paloma/m2d2_wikipedia_unsplit-llama3/bpb,2,0.9956535696983337,0.9946760535240173,0.9938767552375793,-0.0007992982864379883,-0.08035764846314741
eval_dropless/paloma/macro_bpb,0,1.193233847618103,1.1864715814590454,1.1864409446716309,-3.063678741455078e-05,-0.002582176252119428
eval_dropless/paloma/macro_bpb,1,1.193894624710083,1.1868433952331543,1.186340570449829,-0.0005028247833251953,-0.04236656540742567
eval_dropless/paloma/macro_bpb,2,1.1930193901062012,1.1864781379699707,1.1852543354034424,-0.0012238025665283203,-0.10314581679711221
eval_dropless/paloma/manosphere_meta_sep-llama3/bpb,0,1.245124340057373,1.2538355588912964,1.2557927370071411,0.0019571781158447266,0.15609527915887433
eval_dropless/paloma/manosphere_meta_sep-llama3/bpb,1,1.2473881244659424,1.2541301250457764,1.2549700736999512,0.0008399486541748047,0.06697460155054014
eval_dropless/paloma/manosphere_meta_sep-llama3/bpb,2,1.245987057685852,1.2540258169174194,1.257549524307251,0.003523707389831543,0.2809916145501079
eval_dropless/paloma/mc4-llama3/bpb,0,1.0269569158554077,1.0159332752227783,1.0159281492233276,-5.125999450683594e-06,-0.0005045606415010617
eval_dropless/paloma/mc4-llama3/bpb,1,1.025801181793213,1.0167112350463867,1.016813039779663,0.00010180473327636719,0.010013141368681033
eval_dropless/paloma/mc4-llama3/bpb,2,1.0269263982772827,1.0168691873550415,1.01579749584198,-0.0010716915130615234,-0.1053912859577455
eval_dropless/paloma/ptb-llama3/bpb,0,1.195637583732605,1.1832005977630615,1.1879221200942993,0.004721522331237793,0.3990466485703559
eval_dropless/paloma/ptb-llama3/bpb,1,1.203362226486206,1.1798732280731201,1.1881567239761353,0.008283495903015137,0.7020666039302403
eval_dropless/paloma/ptb-llama3/bpb,2,1.202359676361084,1.1752973794937134,1.18584406375885,0.010546684265136719,0.8973630375726627
eval_dropless/paloma/redpajama-llama3/bpb,0,0.9349012970924377,0.9302369356155396,0.9307323694229126,0.0004954338073730469,0.053258883667650636
eval_dropless/paloma/redpajama-llama3/bpb,1,0.9359354376792908,0.9313220381736755,0.931049644947052,-0.00027239322662353516,-0.02924801684686118
eval_dropless/paloma/redpajama-llama3/bpb,2,0.9358157515525818,0.9317629337310791,0.9314302206039429,-0.00033271312713623047,-0.03570791615459257
eval_dropless/paloma/twitterAAE_HELM_fixed-llama3/bpb,0,2.6156365871429443,2.569828748703003,2.5814924240112305,0.011663675308227539,0.4538697496521582
eval_dropless/paloma/twitterAAE_HELM_fixed-llama3/bpb,1,2.6190176010131836,2.5760836601257324,2.5819413661956787,0.005857706069946289,0.22738803714397182
eval_dropless/paloma/twitterAAE_HELM_fixed-llama3/bpb,2,2.6151607036590576,2.5784101486206055,2.575718402862549,-0.0026917457580566406,-0.10439556171839559
eval_dropless/paloma/wikitext_103-llama3/bpb,0,1.0068798065185547,1.004635214805603,1.005528211593628,0.0008929967880249023,0.08888766537988868
eval_dropless/paloma/wikitext_103-llama3/bpb,1,1.0084037780761719,1.0033406019210815,1.0060840845108032,0.0027434825897216797,0.27343482208024295
eval_dropless/paloma/wikitext_103-llama3/bpb,2,1.00168776512146,0.9997135400772095,0.9978093504905701,-0.0019041895866394043,-0.19047352169425658
eval_dropless/uncheatable_eval/ao3_english-llama3/bpb,0,1.1867341995239258,1.1837090253829956,1.1810336112976074,-0.0026754140853881836,-0.22601957305533604
eval_dropless/uncheatable_eval/ao3_english-llama3/bpb,1,1.1870734691619873,1.182982087135315,1.181217074394226,-0.0017650127410888672,-0.14920029307992078
eval_dropless/uncheatable_eval/ao3_english-llama3/bpb,2,1.1863288879394531,1.184112787246704,1.1810595989227295,-0.0030531883239746094,-0.25784607318309893
eval_dropless/uncheatable_eval/arxiv_computer_science-llama3/bpb,0,0.8778432607650757,0.875769317150116,0.8609762787818909,-0.014793038368225098,-1.689147824493764
eval_dropless/uncheatable_eval/arxiv_computer_science-llama3/bpb,1,0.8764688372612,0.8750660419464111,0.8603891730308533,-0.014676868915557861,-1.6772298560360221
eval_dropless/uncheatable_eval/arxiv_computer_science-llama3/bpb,2,0.8785318732261658,0.8786564469337463,0.8620584607124329,-0.016597986221313477,-1.8890188855081647
eval_dropless/uncheatable_eval/arxiv_physics-llama3/bpb,0,0.95052170753479,0.9496821761131287,0.9223777055740356,-0.027304470539093018,-2.8751166680673235
eval_dropless/uncheatable_eval/arxiv_physics-llama3/bpb,1,0.9501335024833679,0.9515905380249023,0.9228211641311646,-0.028769373893737793,-3.0232933960704145
eval_dropless/uncheatable_eval/arxiv_physics-llama3/bpb,2,0.9512374997138977,0.9516690969467163,0.9223170280456543,-0.02935206890106201,-3.0842725686095696
eval_dropless/uncheatable_eval/bbc_news-llama3/bpb,0,0.9853406548500061,0.9908455610275269,0.9897670745849609,-0.001078486442565918,-0.1088450597131918
eval_dropless/uncheatable_eval/bbc_news-llama3/bpb,1,0.9850040078163147,0.9920487999916077,0.9908517599105835,-0.00119704008102417,-0.12066342714535105
eval_dropless/uncheatable_eval/bbc_news-llama3/bpb,2,0.9853484630584717,0.9906827807426453,0.9901540875434875,-0.0005286931991577148,-0.05336654774209526
eval_dropless/uncheatable_eval/bpb,0,0.8758112192153931,0.8768624067306519,0.8619312047958374,-0.014931201934814453,-1.7027987310443415
eval_dropless/uncheatable_eval/bpb,1,0.8747451305389404,0.8763824105262756,0.8610149025917053,-0.015367507934570312,-1.7535162447340769
eval_dropless/uncheatable_eval/bpb,2,0.8757088780403137,0.8771803975105286,0.8614706993103027,-0.01570969820022583,-1.7909312890268092
eval_dropless/uncheatable_eval/github_cpp-llama3/bpb,0,0.6042436957359314,0.5996264219284058,0.5747082829475403,-0.02491813898086548,-4.155610571783752
eval_dropless/uncheatable_eval/github_cpp-llama3/bpb,1,0.6024597883224487,0.5982152819633484,0.5714533925056458,-0.026761889457702637,-4.4736218322390275
eval_dropless/uncheatable_eval/github_cpp-llama3/bpb,2,0.6033419966697693,0.5981931686401367,0.5714024305343628,-0.026790738105773926,-4.478609838804559
eval_dropless/uncheatable_eval/github_python-llama3/bpb,0,0.5495287775993347,0.5637606978416443,0.5380039215087891,-0.025756776332855225,-4.568742807269988
eval_dropless/uncheatable_eval/github_python-llama3/bpb,1,0.5466830730438232,0.5607500672340393,0.5347355604171753,-0.026014506816864014,-4.639233829285727
eval_dropless/uncheatable_eval/github_python-llama3/bpb,2,0.5496466159820557,0.562578558921814,0.5387473702430725,-0.023831188678741455,-4.236064155095798
eval_dropless/uncheatable_eval/macro_bpb,0,0.877860426902771,0.8791101574897766,0.865385890007019,-0.013724267482757568,-1.5611544657777587
eval_dropless/uncheatable_eval/macro_bpb,1,0.8767565488815308,0.8786352276802063,0.8644871115684509,-0.014148116111755371,-1.6102377489586428
eval_dropless/uncheatable_eval/macro_bpb,2,0.8776863813400269,0.879327118396759,0.8648199439048767,-0.014507174491882324,-1.6498040590778862
eval_dropless/uncheatable_eval/wikipedia_english-llama3/bpb,0,0.9908106327056885,0.9903778433799744,0.9908344149589539,0.0004565715789794922,0.04610074650108764
eval_dropless/uncheatable_eval/wikipedia_english-llama3/bpb,1,0.9894731044769287,0.9897936582565308,0.989941418170929,0.00014775991439819336,0.014928355336052412
eval_dropless/uncheatable_eval/wikipedia_english-llama3/bpb,2,0.9893690347671509,0.9893969893455505,0.988000214099884,-0.001396775245666504,-0.1411743982150604
arc_challenge_0shot,0,1.4677555674585179,1.5357224095544835,1.5173045204325675,-0.018417889121915998,-1.1992980637209771
arc_challenge_0shot,1,1.524363623304769,1.535642414313112,1.512031406941913,-0.023611007371199033,-1.537532901613703
arc_challenge_0shot,2,1.5251067704951637,1.5593933570830076,1.5692249320070117,0.009831574924004105,0.6304743366609467
belebele_arabic,0,2.1349604162247684,2.285203637081531,2.4232722408624348,0.13806860378090358,6.041851218004934
belebele_arabic,1,2.0629279171342114,2.1873294897032194,2.4200229499952988,0.23269346029207938,10.63824455288862
belebele_arabic,2,2.1390642605069043,2.154789548171987,2.1697226279483766,0.01493307977638958,0.6930180160312105
belebele_bengali,0,2.173408497921277,2.6422434721108288,2.165997897826695,-0.4762455742841336,-18.02428804578223
belebele_bengali,1,2.215847699017967,2.292477915319,2.2014171462413628,-0.09106076907763727,-3.972154692053642
belebele_bengali,2,2.825390762186623,2.0498978615059706,2.1189805598398763,0.06908269833390568,3.3700556320964026
belebele_chinese_simplified,0,2.1192714778573083,2.3901531165109056,2.3522364904426105,-0.037916626068295045,-1.586368078528999
belebele_chinese_simplified,1,2.0477797956017474,2.112407070870936,2.3536453440368876,0.2412382731659517,11.420065596849671
belebele_chinese_simplified,2,2.167320595374378,2.117138900057007,2.158394541583487,0.04125564152647998,1.9486506778260582
belebele_french,0,2.081172120891294,2.1621956294224165,2.1204328655197173,-0.041762763902699174,-1.9314979336007232
belebele_french,1,2.0848521857809073,2.1457907364518265,2.391851179666072,0.2460604432142457,11.467122074593306
belebele_french,2,2.0873101127164357,2.0766874314433315,2.1221650815629665,0.045477650119635005,2.189913100597285
belebele_german,0,2.1586412985646564,2.16823905591816,2.1897639364207016,0.02152488050254142,0.9927355770015245
belebele_german,1,2.131338798205862,2.1267008577885482,2.6967953171950527,0.5700944594065045,26.80651852462774
belebele_german,2,2.152246181879785,2.1347852244731875,2.1074446075039344,-0.027340616969253162,-1.2807197958754957
belebele_hebrew,0,2.1246214810059167,2.470025143102581,2.1513722311148724,-0.3186529119877086,-12.900796288553195
belebele_hebrew,1,2.0764797772975783,2.223434888987537,2.2987516878291845,0.07531679884164744,3.387407439484025
belebele_hebrew,2,2.277704969448741,2.082775405458579,2.0991616155716186,0.016386210113039645,0.7867487809820606
belebele_hindi,0,2.1183521466991326,2.345236329428504,2.3767323681813353,0.03149603875283136,1.3429793133260315
belebele_hindi,1,2.17712893478272,2.2607200176928846,2.2889502676650686,0.02823024997218404,1.2487282702523084
belebele_hindi,2,2.4114135211374896,2.0876984481088945,2.2036976446953904,0.11599919658649593,5.55631952936364
belebele_indonesian,0,2.123340693241603,2.1212543786788336,2.133884463237282,0.012630084558448385,0.5954064107254631
belebele_indonesian,1,2.0690783539106063,2.121455377764823,2.437203291718529,0.31574791395370605,14.883551983373788
belebele_indonesian,2,2.0982409622490445,2.0567245468687108,2.0617767679811947,0.0050522211124839345,0.24564403240947552
belebele_japanese,0,2.1833327331894776,2.270848885371659,2.8534707446107204,0.5826218592390613,25.656566713540087
belebele_japanese,1,2.0788033062885796,2.117915182447775,2.254012436908532,0.13609725446075682,6.42600117269394
belebele_japanese,2,2.2862388642906555,2.059706109667959,2.4037077682393306,0.34400165857137166,16.701492361297475
belebele_korean,0,2.078834752360831,2.1117785780448948,2.314038223960982,0.20225964591608703,9.577691904770669
belebele_korean,1,2.069471501186546,2.0910704225133867,2.4495977657780443,0.3585273432646576,17.145636962035994
belebele_korean,2,2.161551513883467,2.0843856890509254,2.1886184771225983,0.10423278807167291,5.000647846470918
belebele_mean,0,2.21067201819556,2.2704269871030776,2.2791285839954525,0.00870159689237493,0.38325816869704266
belebele_mean,1,2.1649041342521893,2.2000434622233502,2.375706342070574,0.17566287984722395,7.984518618086756
belebele_mean,2,2.301315980418294,2.118449887826191,2.18498475523013,0.06653486740393921,3.140733598952994
belebele_portuguese,0,2.1340565962774165,2.1597995705702484,2.2063555745551753,0.046556003984926875,2.1555705732747565
belebele_portuguese,1,2.0500218216323254,2.1957095587715445,2.210328353343279,0.01461879457173465,0.6657890845961134
belebele_portuguese,2,2.064001784163233,2.074454254493419,2.087882003758972,0.01342774926555279,0.6472906903812081
belebele_russian,0,2.0955155735321016,2.211462635584447,2.170012554008104,-0.04145008157634278,-1.8743288224441712
belebele_russian,1,2.054755723973711,2.1347000857039715,2.3231901869961002,0.18849010129212873,8.829816542119516
belebele_russian,2,2.099456826753748,2.056063933416249,2.073596738008435,0.01753280459218587,0.8527363525634213
belebele_spanish,0,2.097702698783136,2.1519375899696884,2.117318771360973,-0.03461881860871552,-1.6087278167394747
belebele_spanish,1,2.0531341235407523,2.1923266045168956,2.3232558966941506,0.1309292921772549,5.972161807802667
belebele_spanish,2,2.05059067880535,2.069994974335565,2.100669423014817,0.030674448679251842,1.4818610218654271
belebele_swahili,0,2.8830501299725015,2.1624896481915004,2.1765099660692493,0.014020317877748933,0.6483415025581474
belebele_swahili,1,2.3849714895369725,2.3050333076210867,2.5011733359562633,0.19614002833517663,8.509205818704778
belebele_swahili,2,2.5663969373719278,2.1337643861925475,2.146416605778071,0.01265221958552365,0.5929529833469616
belebele_thai,0,2.082080885244309,2.238801882234156,2.256807708387007,0.018005826152851068,0.8042617033572785
belebele_thai,1,2.074827982539429,2.18687583577769,2.2327692279672977,0.04589339218960786,2.0985824361302807
belebele_thai,2,2.141142425194025,2.058457773310036,2.1270464789010117,0.06858870559097552,3.332043361797199
belebele_turkish,0,2.468482411429115,2.192894942780052,2.4728090974538057,0.2799141546737536,12.764594838222898
belebele_turkish,1,2.6148729378040025,2.2482310091652993,2.4097498622517164,0.1615188530864171,7.184264091543868
belebele_turkish,2,2.578166816305552,2.250316223230192,2.6014251519863416,0.35110892875614974,15.602648424769129
belebele_vietnamese,0,2.1737434908881075,2.3493814762997,2.2258936805180713,-0.1234877957816285,-5.256183256204228
belebele_vietnamese,1,2.1743138907455175,2.1783947732417506,2.5058643901578286,0.327469616916078,15.032611211638102
belebele_vietnamese,2,2.3305689672428067,2.2784932721847038,2.196831661774655,-0.08166161041004871,-3.584018061714467
belebele_yoruba,0,2.561528923437127,2.433739796555291,2.3174056973884043,-0.11633409916688686,-4.78005493157263
belebele_yoruba,1,2.5476681775599714,2.480209185682131,2.464135516869671,-0.016073668812460085,-0.6480771422528009
belebele_yoruba,2,2.986881468019123,2.3059639989021687,2.3621878388712614,0.05622383996909264,2.438192443414544
boolq_0shot,0,2.350912450453752,2.5548519926855358,2.2942145848302102,-0.2606374078553255,-10.201663681556605
boolq_0shot,1,2.97294719921861,2.6974424603781233,2.9543636220054155,0.25692116162729217,9.524620650898985
boolq_0shot,2,1.687493203836372,2.27403508377395,3.123247664892539,0.8492125811185889,37.34386453305065
copa_0shot,0,1.7877270196073853,1.7898477398980899,1.7849494850216592,-0.004898254876430697,-0.27366880250437875
copa_0shot,1,1.8273312134202222,1.7897300204294233,1.8382834808034334,0.04855346037401009,2.712892996138061
copa_0shot,2,1.7746507729457688,1.8133772719081256,1.8273597373565564,0.013982465448430847,0.7710731608385979
csqa_0shot,0,3.7902249187751345,3.3295486517823907,2.780121995003671,-0.5494266567787198,-16.501535620589237
csqa_0shot,1,3.585805510822928,3.411408392214591,3.438825346206356,0.027416953991765247,0.80368430980986
csqa_0shot,2,3.1633991519124076,4.667926424870511,4.143733142138432,-0.524193282732079,-11.229681769172705
gpqa_0shot,0,2.732037202733635,2.519189752491994,2.8460712282676717,0.3268814757756777,12.975659155977626
gpqa_0shot,1,3.2183798628874802,2.8923196259839243,2.8881521737452327,-0.004167452238691638,-0.14408684991977783
gpqa_0shot,2,3.2097225464397248,4.00026561511068,1.9182972309817108,-2.0819683841289693,-52.04575356857559
hellaswag_0shot,0,0.960867535064951,0.9610536111589186,0.9612209109498251,0.00016729979090646108,0.017407956118575818
hellaswag_0shot,1,0.9603414933496032,0.9595931413042511,0.9616694853982731,0.00207634409402202,0.21637754634218354
hellaswag_0shot,2,0.9610332126287513,0.9586822564556348,0.963791699066467,0.005109442610832238,0.5329651796959878
include_arabic,0,2.0712629443637725,2.1081380528266314,2.028875792875449,-0.0792622599511823,-3.7598230270027178
include_arabic,1,2.079331923561238,2.0140825789785612,2.074337887295168,0.06025530831660664,2.9916999901347108
include_arabic,2,2.090765562772208,2.041451240327854,2.067630951495609,0.02617971116775486,1.2824068804871525
include_bengali,0,2.1110636360485517,2.116445295661519,2.139429054141374,0.0229837584798549,1.0859604321911354
include_bengali,1,2.107970946574362,2.0720565348718822,2.036154227546887,-0.03590230732499533,-1.7326895632804318
include_bengali,2,2.0446767118476386,2.0989632118119332,2.1166352570899725,0.017672045278039228,0.8419416395003765
include_chinese,0,2.0742797418865977,2.0581208769870147,2.0497120714900765,-0.008408805496938232,-0.40856713475684314
include_chinese,1,2.0730925204025326,2.0484058492141535,2.062470572887884,0.014064723673730573,0.6866180195260752
include_chinese,2,2.039905394951482,2.086822416575677,2.089786520680597,0.0029641041049202066,0.14203911561310179
include_french,0,2.059283387981512,2.07268474221383,2.0673964665635998,-0.0052882756502303785,-0.2551413412047454
include_french,1,2.0912461270142972,2.1301148057910404,2.049246542661817,-0.08086826312922346,-3.7964274465099646
include_french,2,2.047593628281558,2.077308326878074,2.103616761719189,0.026308434841115336,1.26646750030861
include_german,0,2.005005673760634,1.9960469056979753,2.0350739988384006,0.039027093140425295,1.9552192400397628
include_german,1,2.1253261598009434,2.05867961987038,1.9886261741514841,-0.07005344571889593,-3.402833789324955
include_german,2,2.0467590334079655,2.0608870407026245,2.023338559123352,-0.0375484815792726,-1.8219572852702814
include_hebrew,0,2.089088737061983,2.1274837928851746,2.0671252983242354,-0.060358494560939224,-2.8370836366788166
include_hebrew,1,2.0732891035292313,2.1255084298634594,2.060347564461583,-0.06516086540187649,-3.0656601727080623
include_hebrew,2,2.1396024918259493,2.0720835961411415,2.131387831267421,0.05930423512627936,2.8620580384267402
include_hindi,0,2.0745072342192348,2.185705856036372,2.1433429992399753,-0.04236285679639673,-1.9381773937879654
include_hindi,1,2.0740437394031064,2.12728126766785,2.0712620723573827,-0.056019195310467396,-2.633370403899693
include_hindi,2,2.0893168451585202,2.0929779258387633,2.123488865342836,0.030510939504072798,1.4577764594361664
include_indonesian,0,2.092084164364236,2.1055588218196406,2.058690765060407,-0.04686805675923367,-2.2259200870356044
include_indonesian,1,2.080576364294028,2.0947736271822546,2.0517274462826878,-0.0430461808995668,-2.054932348822325
include_indonesian,2,2.064238175689232,2.0765814404291505,2.1196622772399967,0.04308083681084618,2.0746037681018237
include_japanese,0,2.0859275818329572,2.091611789351872,2.1365947326241175,0.04498294327224528,2.150635385650812
include_japanese,1,2.074548591750135,2.0692333896576662,2.059197616346284,-0.010035773311382279,-0.4849995830118803
include_japanese,2,2.043941881741988,2.17505137420783,2.1290247383421805,-0.04602663586564937,-2.116117182860222
include_korean,0,2.08428366995522,2.1139005325915097,2.0666704600914287,-0.04723007250008093,-2.234261819413985
include_korean,1,2.1071691060113236,2.058073108084672,2.0796240922286167,0.021550984143944518,1.0471437607967538
include_korean,2,2.041466766350791,2.067162740823501,2.1637643458590565,0.0966016050355556,4.673149487837236
include_mean,0,2.071602399174771,2.0931703212348736,2.07712794982448,-0.016042371410393663,-0.7664150044383145
include_mean,1,2.092386035040495,2.094096295798847,2.0637353798562,-0.030360915942647004,-1.4498338019868884
include_mean,2,2.067859052059449,2.086269935134408,2.1030359685173505,0.01676603338294269,0.8036368209400679
include_portuguese,0,2.089716508074291,2.146183133447987,2.088641509446418,-0.05754162400156915,-2.681114351556979
include_portuguese,1,2.100100434430775,2.148183581176449,2.0627082150903133,-0.08547536608613582,-3.9789600309357853
include_portuguese,2,2.0991549663623497,2.115732900171136,2.1945603087252485,0.07882740855411274,3.7257731610514933
include_russian,0,2.0576174973463597,2.0685531687366074,2.0638604734923724,-0.00469269524423499,-0.22685881683675024
include_russian,1,2.070495663083839,2.1100617138273434,2.0722310301878193,-0.03783068363952413,-1.7928709568832857
include_russian,2,2.059439996718646,2.0524168033621346,2.0322923809005973,-0.02012442246153734,-0.9805231777761159
include_spanish,0,2.0481361799270403,2.0681921729990305,2.068985698292198,0.0007935252931674519,0.03836806383503699
include_spanish,1,2.0601770223999423,2.1144252546455355,2.072198472421827,-0.04222678222370835,-1.997080867764578
include_spanish,2,2.0283126720644007,2.078409233893642,2.092169165225946,0.01375993133230402,0.6620414838384159
include_turkish,0,2.0440220478044067,2.066737464076514,2.077901673135507,0.01116420905899318,0.5401851591238183
include_turkish,1,2.1480716763265955,2.0902440210989104,2.088146681373508,-0.0020973397254024917,-0.10033946774787861
include_turkish,2,2.100129913085469,2.089691123395609,2.087886105061189,-0.0018050183344198167,-0.08637727912088611
include_vietnamese,0,2.0877569829947658,2.0721922131914234,2.0646182537516373,-0.007573959439786115,-0.36550467623470695
include_vietnamese,1,2.1203511470250684,2.1503206550525498,2.1277521025497412,-0.022568552502808537,-1.049543585501067
include_vietnamese,2,2.0825817406335374,2.108509652457045,2.0702954596870686,-0.038214192769976396,-1.8123793137700517
lambada_0shot,0,0.8670950242893354,0.8575957258514524,0.8668575245252518,0.009261798673799393,1.0799725785251457
lambada_0shot,1,0.8660324128999196,0.860017427321565,0.8555852106109201,-0.004432216710644976,-0.51536359262494
lambada_0shot,2,0.8640505041120548,0.8647652303427386,0.86470308342047,-6.214692226857998e-05,-0.007186565797046018
lb_bbh_3shot,0,1.5524650311311343,1.6134123898026886,1.726013534000613,0.11260114419792444,6.979067776447101
lb_bbh_3shot,1,1.863846024198879,1.6590282471280107,1.8575696463731746,0.1985413992451639,11.967330850988489
lb_bbh_3shot,2,1.8019520973927348,1.83496261494123,1.8631133619053457,0.02815074696411579,1.5341319073695292
logprob_gsm8k_5shot,0,0.7412256027791492,0.7830996624184536,0.8197130247236325,0.036613362305178865,4.67544095116903
logprob_gsm8k_5shot,1,0.6446185418163565,0.7482157394742247,0.7418909158742591,-0.006324823599965557,-0.845320843478925
logprob_gsm8k_5shot,2,0.7257985180840185,0.7751726145774539,0.7790191562477518,0.003846541670297854,0.4962174356990978
logprob_humaneval_10shot,0,0.5135216415621722,0.5364480372544744,0.4979298909485227,-0.03851814630595174,-7.180219449228764
logprob_humaneval_10shot,1,0.5229141244398361,0.5401764709964223,0.4901367034803909,-0.0500397675160314,-9.263596288029142
logprob_humaneval_10shot,2,0.5163679076626866,0.5343788343871457,0.5021033408284815,-0.032275493558664214,-6.039815105266932
medmcqa_0shot,0,2.459928973065113,2.3354863114670406,2.965857109290009,0.6303707978229682,26.99098661927073
medmcqa_0shot,1,2.3947658988300593,2.661273532684024,3.105245426825061,0.4439718941410371,16.682685514602834
medmcqa_0shot,2,2.6361079099922504,3.0987352000819137,2.3701906074816286,-0.7285445926002851,-23.511030970991854
medqa_0shot,0,2.1964700205929417,2.3458807302877527,2.600931773074973,0.25505104278722035,10.872293697383961
medqa_0shot,1,2.370654898019177,3.4836523433645,4.804825475792758,1.321173132428258,37.92494204953509
medqa_0shot,2,3.060897750084368,3.3017285273878163,2.597072387481663,-0.7046561399061533,-21.34203748312544
mmlu_pro_5shot,0,4.01194511312645,4.705067130703236,3.9958126892282957,-0.7092544414749407,-15.074268268068957
mmlu_pro_5shot,1,3.9310580619620605,4.332774223439165,4.184908329633982,-0.14786589380518222,-3.4127301857841297
mmlu_pro_5shot,2,4.2031606415677585,3.6882543873667375,3.7426744188176695,0.054420031450931994,1.4754956067383862
musr_0shot,0,0.8017693067780132,0.7862889473947093,0.7366869564532051,-0.04960199094150419,-6.308366804068077
musr_0shot,1,0.8298464209798667,0.7434632400996319,0.7459237064000767,0.002460466300444719,0.33094659799386417
musr_0shot,2,0.8118125812328317,0.7636223835028662,0.8789199880044081,0.11529760450154192,15.098772245602877
openbookqa_0shot,0,1.9739886994943776,1.9707812925038781,1.9651167933461318,-0.005664499157746361,-0.2874240373242798
openbookqa_0shot,1,1.9751238309832162,1.972297957459799,1.984528322995711,0.012230365535911947,0.6201073975487859
openbookqa_0shot,2,1.9759451042824867,1.9604263594564661,1.9494319569717764,-0.010994402484689747,-0.5608169075903446
piqa_0shot,0,1.258667657988244,1.2752382103843325,1.2831900004078869,0.007951790023554395,0.6235533062609377
piqa_0shot,1,1.271945044093597,1.2849157061707626,1.2908135706424333,0.005897864471670733,0.45900789003874287
piqa_0shot,2,1.267762052562121,1.2833809424205875,1.2975084537373998,0.014127511316812225,1.1008042000504092
sciq_0shot,0,1.6186504034945255,1.4879375410349072,1.6356858449011629,0.1477483038662557,9.92973829825492
sciq_0shot,1,1.7384615886570958,1.5845898761780701,1.5774290782780362,-0.007160797900033877,-0.4519022876320111
sciq_0shot,2,1.65945657481796,1.6140913496220453,1.705962817872235,0.09187146825018977,5.691838214218947
truthfulqa_mc1_0shot,0,0.7473514435817112,0.7614303972222211,0.7690771570276386,0.007646759805417513,1.004262481943674
truthfulqa_mc1_0shot,1,0.7815865199493607,0.7688290798296591,0.7612412506425202,-0.00758782918713885,-0.9869331670987247
truthfulqa_mc1_0shot,2,0.7756309217925467,0.779396453200622,0.7741567952072228,-0.005239657993399205,-0.6722712134347497
winogrande_0shot,0,0.44539925767748756,0.4457947266473442,0.44946506553297694,0.003670338885632729,0.8233248771774448
winogrande_0shot,1,0.4458966406391583,0.4479694516307692,0.44992184954544007,0.0019523979146708892,0.43583282466326256
winogrande_0shot,2,0.44614889924292583,0.4474048069724563,0.4499832967975814,0.0025784898251250965,0.5763214397658034
