metric,seed_label,old_bpb,new_bpb,delta,relative_change_pct
eval_dropless/paloma/4chan-llama3/bpb,0,1.1850030422210693,1.1859562397003174,0.0009531974792480469,0.08043839933620234
eval_dropless/paloma/4chan-llama3/bpb,1,1.1861481666564941,1.1855733394622803,-0.0005748271942138672,-0.04846166864922452
eval_dropless/paloma/4chan-llama3/bpb,2,1.187413215637207,1.1872775554656982,-0.00013566017150878906,-0.011424849388763647
eval_dropless/paloma/c4_100_domains-llama3/bpb,0,1.0247734785079956,1.0172160863876343,-0.007557392120361328,-0.7374695265693676
eval_dropless/paloma/c4_100_domains-llama3/bpb,1,1.0249924659729004,1.0173345804214478,-0.007657885551452637,-0.7471162770141815
eval_dropless/paloma/c4_100_domains-llama3/bpb,2,1.0254424810409546,1.0172117948532104,-0.00823068618774414,-0.8026472805562901
eval_dropless/paloma/c4_en-llama3/bpb,0,1.045925259590149,1.0415372848510742,-0.004387974739074707,-0.4195304300035896
eval_dropless/paloma/c4_en-llama3/bpb,1,1.0456792116165161,1.0418658256530762,-0.0038133859634399414,-0.3646802882831368
eval_dropless/paloma/c4_en-llama3/bpb,2,1.0461444854736328,1.0419611930847168,-0.004183292388916016,-0.39987711515986346
eval_dropless/paloma/dolma-v1_5-llama3/bpb,0,1.0031050443649292,0.9964455366134644,-0.006659507751464844,-0.6638893692017089
eval_dropless/paloma/dolma-v1_5-llama3/bpb,1,1.0022271871566772,0.9953876733779907,-0.0068395137786865234,-0.6824314752516547
eval_dropless/paloma/dolma-v1_5-llama3/bpb,2,1.002564549446106,0.9954915046691895,-0.007073044776916504,-0.705495200366324
eval_dropless/paloma/dolma_100_programing_languages-llama3/bpb,0,0.7062650322914124,0.6794255375862122,-0.026839494705200195,-3.800201550135074
eval_dropless/paloma/dolma_100_programing_languages-llama3/bpb,1,0.7051947712898254,0.6791086196899414,-0.026086151599884033,-3.699141380780735
eval_dropless/paloma/dolma_100_programing_languages-llama3/bpb,2,0.702006459236145,0.6782289743423462,-0.023777484893798828,-3.3870749451039517
eval_dropless/paloma/dolma_100_subreddits-llama3/bpb,0,1.213230848312378,1.2123985290527344,-0.0008323192596435547,-0.068603535823486
eval_dropless/paloma/dolma_100_subreddits-llama3/bpb,1,1.2126903533935547,1.2128252983093262,0.00013494491577148438,0.011127730619264753
eval_dropless/paloma/dolma_100_subreddits-llama3/bpb,2,1.2139207124710083,1.2127052545547485,-0.0012154579162597656,-0.10012663131726551
eval_dropless/paloma/falcon-refinedweb-llama3/bpb,0,1.1103116273880005,1.1060316562652588,-0.004279971122741699,-0.3854747637661249
eval_dropless/paloma/falcon-refinedweb-llama3/bpb,1,1.1098788976669312,1.1059997081756592,-0.0038791894912719727,-0.3495146632147339
eval_dropless/paloma/falcon-refinedweb-llama3/bpb,2,1.1104570627212524,1.1057318449020386,-0.004725217819213867,-0.4255200833821027
eval_dropless/paloma/gab-llama3/bpb,0,1.829365849494934,1.8235533237457275,-0.005812525749206543,-0.3177344625084899
eval_dropless/paloma/gab-llama3/bpb,1,1.8271174430847168,1.822045922279358,-0.005071520805358887,-0.27756950296510263
eval_dropless/paloma/gab-llama3/bpb,2,1.8226966857910156,1.8197898864746094,-0.00290679931640625,-0.15947795039440438
eval_dropless/paloma/m2d2_s2orc_unsplit-llama3/bpb,0,0.9532372355461121,0.94852614402771,-0.0047110915184021,-0.49422025732168695
eval_dropless/paloma/m2d2_s2orc_unsplit-llama3/bpb,1,0.9528448581695557,0.9475035071372986,-0.00534135103225708,-0.560568804717898
eval_dropless/paloma/m2d2_s2orc_unsplit-llama3/bpb,2,0.9540728330612183,0.9476470351219177,-0.006425797939300537,-0.6735123060451098
eval_dropless/paloma/m2d2_wikipedia_unsplit-llama3/bpb,0,0.9953879117965698,0.9945672750473022,-0.0008206367492675781,-0.08244391352778546
eval_dropless/paloma/m2d2_wikipedia_unsplit-llama3/bpb,1,0.99563068151474,0.9947893619537354,-0.0008413195610046387,-0.08450116861853374
eval_dropless/paloma/m2d2_wikipedia_unsplit-llama3/bpb,2,0.9956535696983337,0.9938767552375793,-0.0017768144607543945,-0.17845709741117766
eval_dropless/paloma/macro_bpb,0,1.193233847618103,1.1864409446716309,-0.006792902946472168,-0.5692851371951857
eval_dropless/paloma/macro_bpb,1,1.193894624710083,1.186340570449829,-0.007554054260253906,-0.6327237013977083
eval_dropless/paloma/macro_bpb,2,1.1930193901062012,1.1852543354034424,-0.007765054702758789,-0.6508741406179075
eval_dropless/paloma/manosphere_meta_sep-llama3/bpb,0,1.245124340057373,1.2557927370071411,0.010668396949768066,0.8568137820899491
eval_dropless/paloma/manosphere_meta_sep-llama3/bpb,1,1.2473881244659424,1.2549700736999512,0.007581949234008789,0.6078259913893991
eval_dropless/paloma/manosphere_meta_sep-llama3/bpb,2,1.245987057685852,1.257549524307251,0.011562466621398926,0.9279764625222953
eval_dropless/paloma/mc4-llama3/bpb,0,1.0269569158554077,1.0159281492233276,-0.011028766632080078,-1.0739269059689471
eval_dropless/paloma/mc4-llama3/bpb,1,1.025801181793213,1.016813039779663,-0.008988142013549805,-0.8762070246241649
eval_dropless/paloma/mc4-llama3/bpb,2,1.0269263982772827,1.01579749584198,-0.011128902435302734,-1.0837098407414536
eval_dropless/paloma/ptb-llama3/bpb,0,1.195637583732605,1.1879221200942993,-0.007715463638305664,-0.645301196891046
eval_dropless/paloma/ptb-llama3/bpb,1,1.203362226486206,1.1881567239761353,-0.0152055025100708,-1.263584827194597
eval_dropless/paloma/ptb-llama3/bpb,2,1.202359676361084,1.18584406375885,-0.016515612602233887,-1.3736000072971488
eval_dropless/paloma/redpajama-llama3/bpb,0,0.9349012970924377,0.9307323694229126,-0.0041689276695251465,-0.4459216906095409
eval_dropless/paloma/redpajama-llama3/bpb,1,0.9359354376792908,0.931049644947052,-0.0048857927322387695,-0.5220224104723892
eval_dropless/paloma/redpajama-llama3/bpb,2,0.9358157515525818,0.9314302206039429,-0.004385530948638916,-0.4686318798719724
eval_dropless/paloma/twitterAAE_HELM_fixed-llama3/bpb,0,2.6156365871429443,2.5814924240112305,-0.03414416313171387,-1.3053863560231638
eval_dropless/paloma/twitterAAE_HELM_fixed-llama3/bpb,1,2.6190176010131836,2.5819413661956787,-0.03707623481750488,-1.4156542820927043
eval_dropless/paloma/twitterAAE_HELM_fixed-llama3/bpb,2,2.6151607036590576,2.575718402862549,-0.03944230079650879,-1.5082170950841522
eval_dropless/paloma/wikitext_103-llama3/bpb,0,1.0068798065185547,1.005528211593628,-0.0013515949249267578,-0.134235974957142
eval_dropless/paloma/wikitext_103-llama3/bpb,1,1.0084037780761719,1.0060840845108032,-0.0023196935653686523,-0.23003618350123656
eval_dropless/paloma/wikitext_103-llama3/bpb,2,1.00168776512146,0.9978093504905701,-0.0038784146308898926,-0.3871879807196832
eval_dropless/uncheatable_eval/ao3_english-llama3/bpb,0,1.1867341995239258,1.1810336112976074,-0.005700588226318359,-0.4803593111755933
eval_dropless/uncheatable_eval/ao3_english-llama3/bpb,1,1.1870734691619873,1.181217074394226,-0.0058563947677612305,-0.4933472880912393
eval_dropless/uncheatable_eval/ao3_english-llama3/bpb,2,1.1863288879394531,1.1810595989227295,-0.005269289016723633,-0.4441676393698857
eval_dropless/uncheatable_eval/arxiv_computer_science-llama3/bpb,0,0.8778432607650757,0.8609762787818909,-0.016866981983184814,-1.9214115704988766
eval_dropless/uncheatable_eval/arxiv_computer_science-llama3/bpb,1,0.8764688372612,0.8603891730308533,-0.01607966423034668,-1.8345962282689476
eval_dropless/uncheatable_eval/arxiv_computer_science-llama3/bpb,2,0.8785318732261658,0.8620584607124329,-0.01647341251373291,-1.8751069842507628
eval_dropless/uncheatable_eval/arxiv_physics-llama3/bpb,0,0.95052170753479,0.9223777055740356,-0.028144001960754395,-2.9609004968173536
eval_dropless/uncheatable_eval/arxiv_physics-llama3/bpb,1,0.9501335024833679,0.9228211641311646,-0.02731233835220337,-2.8745790229285695
eval_dropless/uncheatable_eval/arxiv_physics-llama3/bpb,2,0.9512374997138977,0.9223170280456543,-0.028920471668243408,-3.0402997860094594
eval_dropless/uncheatable_eval/bbc_news-llama3/bpb,0,0.9853406548500061,0.9897670745849609,0.004426419734954834,0.4492273523037271
eval_dropless/uncheatable_eval/bbc_news-llama3/bpb,1,0.9850040078163147,0.9908517599105835,0.005847752094268799,0.593678000075637
eval_dropless/uncheatable_eval/bbc_news-llama3/bpb,2,0.9853484630584717,0.9901540875434875,0.004805624485015869,0.4877081220687529
eval_dropless/uncheatable_eval/github_cpp-llama3/bpb,0,0.6042436957359314,0.5747082829475403,-0.029535412788391113,-4.887996845779052
eval_dropless/uncheatable_eval/github_cpp-llama3/bpb,1,0.6024597883224487,0.5714533925056458,-0.03100639581680298,-5.146633255497502
eval_dropless/uncheatable_eval/github_cpp-llama3/bpb,2,0.6033419966697693,0.5714024305343628,-0.031939566135406494,-5.293774726722389
eval_dropless/uncheatable_eval/github_python-llama3/bpb,0,0.5495287775993347,0.5380039215087891,-0.011524856090545654,-2.097225215555232
eval_dropless/uncheatable_eval/github_python-llama3/bpb,1,0.5466830730438232,0.5347355604171753,-0.01194751262664795,-2.1854550132907047
eval_dropless/uncheatable_eval/github_python-llama3/bpb,2,0.5496466159820557,0.5387473702430725,-0.010899245738983154,-1.982955124632113
eval_dropless/uncheatable_eval/macro_bpb,0,0.877860426902771,0.865385890007019,-0.012474536895751953,-1.421015974004436
eval_dropless/uncheatable_eval/macro_bpb,1,0.8767565488815308,0.8644871115684509,-0.012269437313079834,-1.3994121091803424
eval_dropless/uncheatable_eval/macro_bpb,2,0.8776863813400269,0.8648199439048767,-0.012866437435150146,-1.4659493081692787
eval_dropless/uncheatable_eval/wikipedia_english-llama3/bpb,0,0.9908106327056885,0.9908344149589539,2.378225326538086e-05,0.0024002824031477132
eval_dropless/uncheatable_eval/wikipedia_english-llama3/bpb,1,0.9894731044769287,0.989941418170929,0.00046831369400024414,0.047329603187939995
eval_dropless/uncheatable_eval/wikipedia_english-llama3/bpb,2,0.9893690347671509,0.988000214099884,-0.0013688206672668457,-0.13835289150615493
