candidate,budget_convention,id,label,delta_tokens
197c9f5ceff6b9ee,nominal,0,世界新闻与地缘政治,-72822570800.78125
197c9f5ceff6b9ee,nominal,1,消费健康与补充剂,-19721984863.28125
197c9f5ceff6b9ee,nominal,2,艺术、历史与文化,25253295898.4375
197c9f5ceff6b9ee,nominal,3,金融、保险与市场,121650695800.78125
197c9f5ceff6b9ee,nominal,4,消费科技与网络安全,-30174255371.09375
197c9f5ceff6b9ee,nominal,5,政府公告与环境,-34523010253.90625
197c9f5ceff6b9ee,nominal,6,公共政策讨论,23574829101.5625
197c9f5ceff6b9ee,nominal,7,游戏与赌博,-37002563476.5625
197c9f5ceff6b9ee,nominal,8,学校与儿童活动,-13923645019.53125
197c9f5ceff6b9ee,nominal,9,学习方法与学术写作,-4501342773.4375
197c9f5ceff6b9ee,nominal,10,个人健康与行为,56381225585.9375
197c9f5ceff6b9ee,nominal,11,食品与食谱,-26893615722.65625
197c9f5ceff6b9ee,nominal,12,旅游与目的地,-46577453613.28125
197c9f5ceff6b9ee,nominal,13,命令行Agent记录,48751831054.6875
197c9f5ceff6b9ee,nominal,14,软件开发与Web代码,-67787170410.15625
197c9f5ceff6b9ee,nominal,15,临床治疗与牙科,-16021728515.625
197c9f5ceff6b9ee,nominal,16,体育与竞赛,-3852844238.28125
197c9f5ceff6b9ee,nominal,17,SEO与网络商业,-11596679687.5
197c9f5ceff6b9ee,nominal,18,商业软件与策略,-7476806640.625
197c9f5ceff6b9ee,nominal,19,家居维护与手工业,4158020019.53125
197c9f5ceff6b9ee,nominal,20,学校课程与教师培训,12321472167.96875
197c9f5ceff6b9ee,nominal,21,基督教信仰与灵修,-68931579589.84375
197c9f5ceff6b9ee,nominal,22,应用与Web开发,-1220703125.0
197c9f5ceff6b9ee,nominal,23,消费设备与车辆,86555480957.03125
197c9f5ceff6b9ee,nominal,24,情绪、关系与身心健康,-15258789062.5
197c9f5ceff6b9ee,nominal,25,幻想与同人写作,69046020507.8125
197c9f5ceff6b9ee,nominal,26,议会与董事会会议记录,-83084106445.3125
197c9f5ceff6b9ee,nominal,27,常识与问答,-3395080566.40625
197c9f5ceff6b9ee,nominal,28,性能日志与底层代码,22811889648.4375
197c9f5ceff6b9ee,nominal,29,课程、辅导与学校服务,132064819335.9375
197c9f5ceff6b9ee,nominal,30,自然科学研究,-33378601074.21875
197c9f5ceff6b9ee,nominal,31,小说、电影与电视,-5569458007.8125
197c9f5ceff6b9ee,nominal,32,软件基础设施与安全,-11787414550.78125
197c9f5ceff6b9ee,nominal,33,赛车、体育与娱乐记录,-4768371582.03125
197c9f5ceff6b9ee,nominal,34,宠物、园艺与害虫防治,12474060058.59375
197c9f5ceff6b9ee,nominal,35,手工、设计与家居装饰,50506591796.875
197c9f5ceff6b9ee,nominal,36,赌博与金融服务,-10986328125.0
197c9f5ceff6b9ee,nominal,37,法律、法院与监管,-82969665527.34375
197c9f5ceff6b9ee,nominal,38,历史、文学与遗产,27809143066.40625
197c9f5ceff6b9ee,nominal,39,数学问题与证明,20866394042.96875
197c9f5ceff6b9ee,recorded_physical,0,世界新闻与地缘政治,-63403776.0
197c9f5ceff6b9ee,recorded_physical,1,消费健康与补充剂,-16494336.0
197c9f5ceff6b9ee,recorded_physical,2,艺术、历史与文化,22141440.0
197c9f5ceff6b9ee,recorded_physical,3,金融、保险与市场,106848000.0
197c9f5ceff6b9ee,recorded_physical,4,消费科技与网络安全,-26387712.0
197c9f5ceff6b9ee,recorded_physical,5,政府公告与环境,-30511872.0
197c9f5ceff6b9ee,recorded_physical,6,公共政策讨论,20418048.0
197c9f5ceff6b9ee,recorded_physical,7,游戏与赌博,-32730624.0
197c9f5ceff6b9ee,recorded_physical,8,学校与儿童活动,-12236544.0
197c9f5ceff6b9ee,recorded_physical,9,学习方法与学术写作,-3912192.0
197c9f5ceff6b9ee,recorded_physical,10,个人健康与行为,49549824.0
197c9f5ceff6b9ee,recorded_physical,11,食品与食谱,-23452416.0
197c9f5ceff6b9ee,recorded_physical,12,旅游与目的地,-40732416.0
197c9f5ceff6b9ee,recorded_physical,13,命令行Agent记录,43282944.0
197c9f5ceff6b9ee,recorded_physical,14,软件开发与Web代码,-59192064.0
197c9f5ceff6b9ee,recorded_physical,15,临床治疗与牙科,-14238720.0
197c9f5ceff6b9ee,recorded_physical,16,体育与竞赛,-3333888.0
197c9f5ceff6b9ee,recorded_physical,17,SEO与网络商业,-10543104.0
197c9f5ceff6b9ee,recorded_physical,18,商业软件与策略,-6405120.0
197c9f5ceff6b9ee,recorded_physical,19,家居维护与手工业,3610368.0
197c9f5ceff6b9ee,recorded_physical,20,学校课程与教师培训,10766592.0
197c9f5ceff6b9ee,recorded_physical,21,基督教信仰与灵修,-60284160.0
197c9f5ceff6b9ee,recorded_physical,22,应用与Web开发,-1069056.0
197c9f5ceff6b9ee,recorded_physical,23,消费设备与车辆,75826944.0
197c9f5ceff6b9ee,recorded_physical,24,情绪、关系与身心健康,-13289472.0
197c9f5ceff6b9ee,recorded_physical,25,幻想与同人写作,60857856.0
197c9f5ceff6b9ee,recorded_physical,26,议会与董事会会议记录,-72949248.0
197c9f5ceff6b9ee,recorded_physical,27,常识与问答,-2992896.0
197c9f5ceff6b9ee,recorded_physical,28,性能日志与底层代码,20316672.0
197c9f5ceff6b9ee,recorded_physical,29,课程、辅导与学校服务,116402688.0
197c9f5ceff6b9ee,recorded_physical,30,自然科学研究,-31262976.0
197c9f5ceff6b9ee,recorded_physical,31,小说、电影与电视,-4769280.0
197c9f5ceff6b9ee,recorded_physical,32,软件基础设施与安全,-9969408.0
197c9f5ceff6b9ee,recorded_physical,33,赛车、体育与娱乐记录,-4181760.0
197c9f5ceff6b9ee,recorded_physical,34,宠物、园艺与害虫防治,10886400.0
197c9f5ceff6b9ee,recorded_physical,35,手工、设计与家居装饰,44338176.0
197c9f5ceff6b9ee,recorded_physical,36,赌博与金融服务,-9842688.0
197c9f5ceff6b9ee,recorded_physical,37,法律、法院与监管,-72817920.0
197c9f5ceff6b9ee,recorded_physical,38,历史、文学与遗产,23692032.0
197c9f5ceff6b9ee,recorded_physical,39,数学问题与证明,18065664.0
b100ad1935c71002,nominal,0,世界新闻与地缘政治,-3089904785.15625
b100ad1935c71002,nominal,1,消费健康与补充剂,-17623901367.1875
b100ad1935c71002,nominal,2,艺术、历史与文化,-1487731933.59375
b100ad1935c71002,nominal,3,金融、保险与市场,11749267578.125
b100ad1935c71002,nominal,4,消费科技与网络安全,1335144042.96875
b100ad1935c71002,nominal,5,政府公告与环境,-18234252929.6875
b100ad1935c71002,nominal,6,公共政策讨论,4768371582.03125
b100ad1935c71002,nominal,7,游戏与赌博,1678466796.875
b100ad1935c71002,nominal,8,学校与儿童活动,6866455078.125
b100ad1935c71002,nominal,9,学习方法与学术写作,-6408691406.25
b100ad1935c71002,nominal,10,个人健康与行为,2136230468.75
b100ad1935c71002,nominal,11,食品与食谱,-9193420410.15625
b100ad1935c71002,nominal,12,旅游与目的地,3356933593.75
b100ad1935c71002,nominal,13,命令行Agent记录,-8773803710.9375
b100ad1935c71002,nominal,14,软件开发与Web代码,11558532714.84375
b100ad1935c71002,nominal,15,临床治疗与牙科,-7133483886.71875
b100ad1935c71002,nominal,16,体育与竞赛,-10490417480.46875
b100ad1935c71002,nominal,17,SEO与网络商业,6065368652.34375
b100ad1935c71002,nominal,18,商业软件与策略,-3929138183.59375
b100ad1935c71002,nominal,19,家居维护与手工业,-1068115234.375
b100ad1935c71002,nominal,20,学校课程与教师培训,-5149841308.59375
b100ad1935c71002,nominal,21,基督教信仰与灵修,-15678405761.71875
b100ad1935c71002,nominal,22,应用与Web开发,343322753.90625
b100ad1935c71002,nominal,23,消费设备与车辆,-1335144042.96875
b100ad1935c71002,nominal,24,情绪、关系与身心健康,6065368652.34375
b100ad1935c71002,nominal,25,幻想与同人写作,2632141113.28125
b100ad1935c71002,nominal,26,议会与董事会会议记录,3318786621.09375
b100ad1935c71002,nominal,27,常识与问答,1220703125.0
b100ad1935c71002,nominal,28,性能日志与底层代码,-40588378906.25
b100ad1935c71002,nominal,29,课程、辅导与学校服务,8621215820.3125
b100ad1935c71002,nominal,30,自然科学研究,68626403808.59375
b100ad1935c71002,nominal,31,小说、电影与电视,-3547668457.03125
b100ad1935c71002,nominal,32,软件基础设施与安全,23956298828.125
b100ad1935c71002,nominal,33,赛车、体育与娱乐记录,953674316.40625
b100ad1935c71002,nominal,34,宠物、园艺与害虫防治,801086425.78125
b100ad1935c71002,nominal,35,手工、设计与家居装饰,-3623962402.34375
b100ad1935c71002,nominal,36,赌博与金融服务,-1373291015.625
b100ad1935c71002,nominal,37,法律、法院与监管,-1258850097.65625
b100ad1935c71002,nominal,38,历史、文学与遗产,-9765625000.0
b100ad1935c71002,nominal,39,数学问题与证明,3700256347.65625
b100ad1935c71002,recorded_physical,0,世界新闻与地缘政治,-2697984.0
b100ad1935c71002,recorded_physical,1,消费健康与补充剂,-15376896.0
b100ad1935c71002,recorded_physical,2,艺术、历史与文化,-1301760.0
b100ad1935c71002,recorded_physical,3,金融、保险与市场,10349568.0
b100ad1935c71002,recorded_physical,4,消费科技与网络安全,1163520.0
b100ad1935c71002,recorded_physical,5,政府公告与环境,-15892992.0
b100ad1935c71002,recorded_physical,6,公共政策讨论,4181760.0
b100ad1935c71002,recorded_physical,7,游戏与赌博,1428480.0
b100ad1935c71002,recorded_physical,8,学校与儿童活动,6073344.0
b100ad1935c71002,recorded_physical,9,学习方法与学术写作,-5603328.0
b100ad1935c71002,recorded_physical,10,个人健康与行为,1843200.0
b100ad1935c71002,recorded_physical,11,食品与食谱,-8061696.0
b100ad1935c71002,recorded_physical,12,旅游与目的地,2967552.0
b100ad1935c71002,recorded_physical,13,命令行Agent记录,-7801344.0
b100ad1935c71002,recorded_physical,14,软件开发与Web代码,10130688.0
b100ad1935c71002,recorded_physical,15,临床治疗与牙科,-6269184.0
b100ad1935c71002,recorded_physical,16,体育与竞赛,-9218304.0
b100ad1935c71002,recorded_physical,17,SEO与网络商业,5283072.0
b100ad1935c71002,recorded_physical,18,商业软件与策略,-3421440.0
b100ad1935c71002,recorded_physical,19,家居维护与手工业,-930816.0
b100ad1935c71002,recorded_physical,20,学校课程与教师培训,-4490496.0
b100ad1935c71002,recorded_physical,21,基督教信仰与灵修,-13660416.0
b100ad1935c71002,recorded_physical,22,应用与Web开发,301824.0
b100ad1935c71002,recorded_physical,23,消费设备与车辆,-1200384.0
b100ad1935c71002,recorded_physical,24,情绪、关系与身心健康,5319936.0
b100ad1935c71002,recorded_physical,25,幻想与同人写作,2264832.0
b100ad1935c71002,recorded_physical,26,议会与董事会会议记录,3015936.0
b100ad1935c71002,recorded_physical,27,常识与问答,1069056.0
b100ad1935c71002,recorded_physical,28,性能日志与底层代码,-35942400.0
b100ad1935c71002,recorded_physical,29,课程、辅导与学校服务,7681536.0
b100ad1935c71002,recorded_physical,30,自然科学研究,60210432.0
b100ad1935c71002,recorded_physical,31,小说、电影与电视,-3112704.0
b100ad1935c71002,recorded_physical,32,软件基础设施与安全,20818944.0
b100ad1935c71002,recorded_physical,33,赛车、体育与娱乐记录,891648.0
b100ad1935c71002,recorded_physical,34,宠物、园艺与害虫防治,698112.0
b100ad1935c71002,recorded_physical,35,手工、设计与家居装饰,-3181824.0
b100ad1935c71002,recorded_physical,36,赌博与金融服务,-1170432.0
b100ad1935c71002,recorded_physical,37,法律、法院与监管,-1039104.0
b100ad1935c71002,recorded_physical,38,历史、文学与遗产,-8570880.0
b100ad1935c71002,recorded_physical,39,数学问题与证明,3250944.0
4602cace15312bd4,nominal,0,世界新闻与地缘政治,58403015136.71875
4602cace15312bd4,nominal,1,消费健康与补充剂,52032470703.125
4602cace15312bd4,nominal,2,艺术、历史与文化,34599304199.21875
4602cace15312bd4,nominal,3,金融、保险与市场,-10871887207.03125
4602cace15312bd4,nominal,4,消费科技与网络安全,-110244750976.5625
4602cace15312bd4,nominal,5,政府公告与环境,231361389160.15625
4602cace15312bd4,nominal,6,公共政策讨论,-67939758300.78125
4602cace15312bd4,nominal,7,游戏与赌博,-88996887207.03125
4602cace15312bd4,nominal,8,学校与儿童活动,5378723144.53125
4602cace15312bd4,nominal,9,学习方法与学术写作,-44021606445.3125
4602cace15312bd4,nominal,10,个人健康与行为,-105895996093.75
4602cace15312bd4,nominal,11,食品与食谱,-60958862304.6875
4602cace15312bd4,nominal,12,旅游与目的地,-329437255859.375
4602cace15312bd4,nominal,13,命令行Agent记录,-721931457519.5312
4602cace15312bd4,nominal,14,软件开发与Web代码,274581909179.6875
4602cace15312bd4,nominal,15,临床治疗与牙科,-54588317871.09375
4602cace15312bd4,nominal,16,体育与竞赛,86631774902.34375
4602cace15312bd4,nominal,17,SEO与网络商业,313720703125.0
4602cace15312bd4,nominal,18,商业软件与策略,-89836120605.46875
4602cace15312bd4,nominal,19,家居维护与手工业,110244750976.5625
4602cace15312bd4,nominal,20,学校课程与教师培训,46005249023.4375
4602cace15312bd4,nominal,21,基督教信仰与灵修,-41770935058.59375
4602cace15312bd4,nominal,22,应用与Web开发,-10337829589.84375
4602cace15312bd4,nominal,23,消费设备与车辆,25711059570.3125
4602cace15312bd4,nominal,24,情绪、关系与身心健康,91171264648.4375
4602cace15312bd4,nominal,25,幻想与同人写作,390777587890.625
4602cace15312bd4,nominal,26,议会与董事会会议记录,886535644531.25
4602cace15312bd4,nominal,27,常识与问答,-2288818359.375
4602cace15312bd4,nominal,28,性能日志与底层代码,-758857727050.7812
4602cace15312bd4,nominal,29,课程、辅导与学校服务,-148353576660.15625
4602cace15312bd4,nominal,30,自然科学研究,243682861328.125
4602cace15312bd4,nominal,31,小说、电影与电视,-106353759765.625
4602cace15312bd4,nominal,32,软件基础设施与安全,-669937133789.0625
4602cace15312bd4,nominal,33,赛车、体育与娱乐记录,358352661132.8125
4602cace15312bd4,nominal,34,宠物、园艺与害虫防治,32730102539.0625
4602cace15312bd4,nominal,35,手工、设计与家居装饰,162696838378.90625
4602cace15312bd4,nominal,36,赌博与金融服务,-41923522949.21875
4602cace15312bd4,nominal,37,法律、法院与监管,-243873596191.40625
4602cace15312bd4,nominal,38,历史、文学与遗产,99449157714.84375
4602cace15312bd4,nominal,39,数学问题与证明,204353332519.53125
4602cace15312bd4,recorded_physical,0,世界新闻与地缘政治,51151104.0
4602cace15312bd4,recorded_physical,1,消费健康与补充剂,46679040.0
4602cace15312bd4,recorded_physical,2,艺术、历史与文化,30507264.0
4602cace15312bd4,recorded_physical,3,金融、保险与市场,-8199936.0
4602cace15312bd4,recorded_physical,4,消费科技与网络安全,-96228864.0
4602cace15312bd4,recorded_physical,5,政府公告与环境,200971008.0
4602cace15312bd4,recorded_physical,6,公共政策讨论,-59883264.0
4602cace15312bd4,recorded_physical,7,游戏与赌博,-77928192.0
4602cace15312bd4,recorded_physical,8,学校与儿童活动,4753152.0
4602cace15312bd4,recorded_physical,9,学习方法与学术写作,-38518272.0
4602cace15312bd4,recorded_physical,10,个人健康与行为,-92712960.0
4602cace15312bd4,recorded_physical,11,食品与食谱,-52775424.0
4602cace15312bd4,recorded_physical,12,旅游与目的地,-289483776.0
4602cace15312bd4,recorded_physical,13,命令行Agent记录,-632971008.0
4602cace15312bd4,recorded_physical,14,软件开发与Web代码,244154880.0
4602cace15312bd4,recorded_physical,15,临床治疗与牙科,-47842560.0
4602cace15312bd4,recorded_physical,16,体育与竞赛,75545856.0
4602cace15312bd4,recorded_physical,17,SEO与网络商业,272996352.0
4602cace15312bd4,recorded_physical,18,商业软件与策略,-78393600.0
4602cace15312bd4,recorded_physical,19,家居维护与手工业,96228864.0
4602cace15312bd4,recorded_physical,20,学校课程与教师培训,40702464.0
4602cace15312bd4,recorded_physical,21,基督教信仰与灵修,-36304128.0
4602cace15312bd4,recorded_physical,22,应用与Web开发,-8914176.0
4602cace15312bd4,recorded_physical,23,消费设备与车辆,23164416.0
4602cace15312bd4,recorded_physical,24,情绪、关系与身心健康,81695232.0
4602cace15312bd4,recorded_physical,25,幻想与同人写作,342199296.0
4602cace15312bd4,recorded_physical,26,议会与董事会会议记录,780926976.0
4602cace15312bd4,recorded_physical,27,常识与问答,-1889280.0
4602cace15312bd4,recorded_physical,28,性能日志与底层代码,-666351360.0
4602cace15312bd4,recorded_physical,29,课程、辅导与学校服务,-131040000.0
4602cace15312bd4,recorded_physical,30,自然科学研究,205562880.0
4602cace15312bd4,recorded_physical,31,小说、电影与电视,-93072384.0
4602cace15312bd4,recorded_physical,32,软件基础设施与安全,-587257344.0
4602cace15312bd4,recorded_physical,33,赛车、体育与娱乐记录,312970752.0
4602cace15312bd4,recorded_physical,34,宠物、园艺与害虫防治,28767744.0
4602cace15312bd4,recorded_physical,35,手工、设计与家居装饰,143223552.0
4602cace15312bd4,recorded_physical,36,赌博与金融服务,-37105920.0
4602cace15312bd4,recorded_physical,37,法律、法院与监管,-212251392.0
4602cace15312bd4,recorded_physical,38,历史、文学与遗产,87342336.0
4602cace15312bd4,recorded_physical,39,数学问题与证明,179580672.0
44bfd83cf7199b40,nominal,0,世界新闻与地缘政治,-75378417968.75
44bfd83cf7199b40,nominal,1,消费健康与补充剂,-84609985351.5625
44bfd83cf7199b40,nominal,2,艺术、历史与文化,89225769042.96875
44bfd83cf7199b40,nominal,3,金融、保险与市场,300559997558.59375
44bfd83cf7199b40,nominal,4,消费科技与网络安全,-105552673339.84375
44bfd83cf7199b40,nominal,5,政府公告与环境,20904541015.625
44bfd83cf7199b40,nominal,6,公共政策讨论,-190086364746.09375
44bfd83cf7199b40,nominal,7,游戏与赌博,141220092773.4375
44bfd83cf7199b40,nominal,8,学校与儿童活动,-69160461425.78125
44bfd83cf7199b40,nominal,9,学习方法与学术写作,-4577636718.75
44bfd83cf7199b40,nominal,10,个人健康与行为,-101928710937.5
44bfd83cf7199b40,nominal,11,食品与食谱,-88348388671.875
44bfd83cf7199b40,nominal,12,旅游与目的地,-228538513183.59375
44bfd83cf7199b40,nominal,13,命令行Agent记录,-152893066406.25
44bfd83cf7199b40,nominal,14,软件开发与Web代码,495681762695.3125
44bfd83cf7199b40,nominal,15,临床治疗与牙科,-226783752441.40625
44bfd83cf7199b40,nominal,16,体育与竞赛,-64201354980.46875
44bfd83cf7199b40,nominal,17,SEO与网络商业,-86097717285.15625
44bfd83cf7199b40,nominal,18,商业软件与策略,63781738281.25
44bfd83cf7199b40,nominal,19,家居维护与手工业,23727416992.1875
44bfd83cf7199b40,nominal,20,学校课程与教师培训,184516906738.28125
44bfd83cf7199b40,nominal,21,基督教信仰与灵修,-190124511718.75
44bfd83cf7199b40,nominal,22,应用与Web开发,15144348144.53125
44bfd83cf7199b40,nominal,23,消费设备与车辆,3890991210.9375
44bfd83cf7199b40,nominal,24,情绪、关系与身心健康,8697509765.625
44bfd83cf7199b40,nominal,25,幻想与同人写作,-123138427734.375
44bfd83cf7199b40,nominal,26,议会与董事会会议记录,-393142700195.3125
44bfd83cf7199b40,nominal,27,常识与问答,23460388183.59375
44bfd83cf7199b40,nominal,28,性能日志与底层代码,-212593078613.28125
44bfd83cf7199b40,nominal,29,课程、辅导与学校服务,-192718505859.375
44bfd83cf7199b40,nominal,30,自然科学研究,388259887695.3125
44bfd83cf7199b40,nominal,31,小说、电影与电视,-76065063476.5625
44bfd83cf7199b40,nominal,32,软件基础设施与安全,226860046386.71875
44bfd83cf7199b40,nominal,33,赛车、体育与娱乐记录,68359375000.0
44bfd83cf7199b40,nominal,34,宠物、园艺与害虫防治,-46157836914.0625
44bfd83cf7199b40,nominal,35,手工、设计与家居装饰,135955810546.875
44bfd83cf7199b40,nominal,36,赌博与金融服务,46539306640.625
44bfd83cf7199b40,nominal,37,法律、法院与监管,-75874328613.28125
44bfd83cf7199b40,nominal,38,历史、文学与遗产,-13313293457.03125
44bfd83cf7199b40,nominal,39,数学问题与证明,564498901367.1875
44bfd83cf7199b40,recorded_physical,0,世界新闻与地缘政治,-65673216.0
44bfd83cf7199b40,recorded_physical,1,消费健康与补充剂,-73649664.0
44bfd83cf7199b40,recorded_physical,2,艺术、历史与文化,78780672.0
44bfd83cf7199b40,recorded_physical,3,金融、保险与市场,265008384.0
44bfd83cf7199b40,recorded_physical,4,消费科技与网络安全,-92318976.0
44bfd83cf7199b40,recorded_physical,5,政府公告与环境,17169408.0
44bfd83cf7199b40,recorded_physical,6,公共政策讨论,-166728960.0
44bfd83cf7199b40,recorded_physical,7,游戏与赌博,123222528.0
44bfd83cf7199b40,recorded_physical,8,学校与儿童活动,-60344064.0
44bfd83cf7199b40,recorded_physical,9,学习方法与学术写作,-2543616.0
44bfd83cf7199b40,recorded_physical,10,个人健康与行为,-89247744.0
44bfd83cf7199b40,recorded_physical,11,食品与食谱,-77386752.0
44bfd83cf7199b40,recorded_physical,12,旅游与目的地,-201860352.0
44bfd83cf7199b40,recorded_physical,13,命令行Agent记录,-136046592.0
44bfd83cf7199b40,recorded_physical,14,软件开发与Web代码,435285504.0
44bfd83cf7199b40,recorded_physical,15,临床治疗与牙科,-199072512.0
44bfd83cf7199b40,recorded_physical,16,体育与竞赛,-56459520.0
44bfd83cf7199b40,recorded_physical,17,SEO与网络商业,-75541248.0
44bfd83cf7199b40,recorded_physical,18,商业软件与策略,56623104.0
44bfd83cf7199b40,recorded_physical,19,家居维护与手工业,20316672.0
44bfd83cf7199b40,recorded_physical,20,学校课程与教师培训,162973440.0
44bfd83cf7199b40,recorded_physical,21,基督教信仰与灵修,-166311936.0
44bfd83cf7199b40,recorded_physical,22,应用与Web开发,13600512.0
44bfd83cf7199b40,recorded_physical,23,消费设备与车辆,4428288.0
44bfd83cf7199b40,recorded_physical,24,情绪、关系与身心健康,10570752.0
44bfd83cf7199b40,recorded_physical,25,幻想与同人写作,-109163520.0
44bfd83cf7199b40,recorded_physical,26,议会与董事会会议记录,-345798144.0
44bfd83cf7199b40,recorded_physical,27,常识与问答,21005568.0
44bfd83cf7199b40,recorded_physical,28,性能日志与底层代码,-188870400.0
44bfd83cf7199b40,recorded_physical,29,课程、辅导与学校服务,-170357760.0
44bfd83cf7199b40,recorded_physical,30,自然科学研究,336287232.0
44bfd83cf7199b40,recorded_physical,31,小说、电影与电视,-66756096.0
44bfd83cf7199b40,recorded_physical,32,软件基础设施与安全,198902016.0
44bfd83cf7199b40,recorded_physical,33,赛车、体育与娱乐记录,59387904.0
44bfd83cf7199b40,recorded_physical,34,宠物、园艺与害虫防治,-40195584.0
44bfd83cf7199b40,recorded_physical,35,手工、设计与家居装饰,119227392.0
44bfd83cf7199b40,recorded_physical,36,赌博与金融服务,41020416.0
44bfd83cf7199b40,recorded_physical,37,法律、法院与监管,-65836800.0
44bfd83cf7199b40,recorded_physical,38,历史、文学与遗产,-12181248.0
44bfd83cf7199b40,recorded_physical,39,数学问题与证明,498534912.0
